05. CHAMARTÍN. INFORMACIÓN DE DISTRITO Y BARRIOS;;;;;;;;;;;;;;;;
 ;CIUDAD;;CHAMARTÍN;;El Viso;;Prosperidad;;Ciudad Jardín;;Hispanoamérica;;Nueva España;;Castilla;
1.1 CARACTERÍSTICAS GENERALES DEL DISTRITO-BARRIO;;;;;;;;;;;;;;;;
Superficie (Ha.) ;;60.445,52;917,55;;170,92;;104,01;;76,23;;171,25;;179,01;;216,13;
Densidad (hab./Ha.) ;;53,30;157,91;;100,31;;351,15;;242,51;;183,20;;136,84;;78,06;
1.2. LA POBLACIÓN DEL DISTRITO;;;;;;;;;;;;;;;;
1.2.1. Estructura de la población (01/01/2018);;;;;;;;;;;;;;;;
Sexo de la población;100%;3.221.824;4,5%;144.894;11,8%;17.145;25,2%;36.522;12,8%;18.487;21,7%;31.373;16,9%;24.496;11,6%;16.871
Hombres;46,6%;1.500.340;45,0%;65.144;45,3%;7.764;44,6%;16.302;44,1%;8.146;44,6%;14.006;45,4%;11.124;46,2%;7.802
Mujeres;53,4%;1.721.484;55,0%;79.750;54,7%;9.381;55,4%;20.220;55,9%;10.341;55,4%;17.367;54,6%;13.372;53,8%;9.069
Edad media de la población;;44,12;;45,42;;44,39;;46,67;;45,86;;46,01;;43,31;;45,24
De 0 a 14 años;13,5%;435.302;13,1%;18.970;13,4%;2.303;10,8%;3.944;11,8%;2.173;14,2%;4.452;16,3%;3.993;12,5%;2.105
De 15 a 29;15,3%;492.310;14,7%;21.268;16,8%;2.887;14,1%;5.162;14,1%;2.607;13,4%;4.193;14,4%;3.532;17,1%;2.887
De 30 a 44;23,1%;745.852;22,2%;32.112;20,7%;3.557;23,6%;8.615;23,9%;4.421;21,0%;6.589;22,3%;5.464;20,5%;3.466
De 45 a 64;27,7%;891.569;26,9%;38.987;27,5%;4.717;26,8%;9.794;27,2%;5.032;26,8%;8.419;26,0%;6.379;27,5%;4.646
De 65 a 79;13,0%;419.069;14,7%;21.341;13,6%;2.326;16,5%;6.039;14,6%;2.696;15,0%;4.707;13,5%;3.296;13,5%;2.277
De 80 y + ;7,4%;237.722;8,4%;12.216;7,9%;1.355;8,1%;2.968;8,4%;1.558;9,6%;3.013;7,5%;1.832;8,8%;1.490
De 65 y +;20,4%;656.791;23,2%;33.557;21,5%;3.681;24,7%;9.007;23,0%;4.254;24,6%;7.720;20,9%;5.128;22,3%;3.767
Población en etapa educativa (De 3 a 16 años -16 no incluidos-);11,7%;375.923;11,0%;15.926;11,3%;1.937;8,8%;3.202;9,8%;1.809;12,1%;3.782;13,9%;3.416;10,6%;1.780
Proporción de juventud (Población de 0-15 años/Población total);14,4%;;13,9%;;14,3%;;11,4%;;12,5%;;15,1%;;17,2%;;13,2%;
Proporción de envejecimiento (Población > 65 años/Población total);20,4%;;23,2%;;21,5%;;24,7%;;23,0%;;24,6%;;20,9%;;22,3%;
Proporción de sobreenvejecimiento (Población > 80 años/Población >65 años);36,2%;;36,4%;;36,8%;;33,0%;;36,6%;;39,0%;;35,7%;;39,6%;
Índice de envejecimiento activo (2017);;37,0;;;;;;;;;;;;;;
Hombres;;38,6;;;;;;;;;;;;;;
Mujeres;;35,8;;;;;;;;;;;;;;
Proporción de dependencia (Población de 0-15 + población 65 y + / Pob. 16-64) ;53,3%;;58,8%;;55,8%;;56,5%;;55,0%;;65,8%;;61,6%;;55,1%;
Personas con nacionalidad española;86,9%;2.799.105;90,9%;131.729;89,4%;15.331;90,3%;32.988;88,7%;16.399;93,3%;29.272;91,0%;22.286;91,6%;15.453
Personas con nacionalidad española HOMBRES;46,6%;1.304.453;45,5%;59.903;46,2%;7.085;44,9%;14.801;44,4%;7.288;45,1%;13.196;46,4%;10.337;46,6%;7.196
Personas con nacionalidad española MUJERES;53,4%;1.494.652;54,5%;71.826;53,8%;8.246;55,1%;18.187;55,6%;9.111;54,9%;16.076;53,6%;11.949;53,4%;8.257
Personas con nacionalidad extranjera;13,1%;422.700;9,1%;13.165;10,6%;1.814;9,7%;3.534;11,3%;2.088;6,7%;2.101;9,0%;2.210;8,4%;1.418
Personas con nacionalidad extranjera HOMBRES;46,3%;195.876;39,8%;5.241;37,4%;679;42,5%;1.501;41,1%;858;38,6%;810;35,6%;787;42,7%;606
Personas con nacionalidad extranjera MUJERES;53,7%;226.824;60,2%;7.924;62,6%;1.135;57,5%;2.033;58,9%;1.230;61,4%;1.291;64,4%;1.423;57,3%;812
Proporción de inmigrantes (Extranjeros menos UE y resto países de OCDE / Población total);9,0%;;5,3%;;5,8%;;6,1%;;7,2%;;3,5%;;4,9%;;4,8%;
1ª Nacionalidad Extranjera en el Distrito: ITALIA (proporción respecto total extranjeros);4,5%;18.840;7,8%;1.031;7,6%;137;8,0%;283;7,6%;159;7,8%;163;6,4%;142;10,4%;147
2ª Nacionalidad Extranjera en el Distrito: PARAGUAY (proporción respecto total extranjeros);4,6%;19.502;6,4%;845;2,4%;44;8,5%;300;5,7%;120;5,5%;116;5,2%;114;10,6%;151
1.2.2. Estructura de los hogares (01-01-2018);;;;;;;;;;;;;;;;
Nº total de hogares;100%;1.278.258;4,5%;57.829;10,5%;6.060;27,4%;15.842;13,7%;7.899;21,2%;12.281;15,8%;9.164;11,4%;6.583
Tamaño medio del hogar;;2,52;;2,51;;2,83;;2,31;;2,34;;2,55;;2,67;;2,56
Hogares con una mujer sola >65 años;9,8%;124.815;11,0%;6.377;8,7%;525;12,3%;1.943;11,6%;919;11,8%;1.446;9,6%;882;10,1%;662
Hogares con un hombre solo >65 años;2,8%;35.963;3,1%;1.790;3,3%;197;3,1%;494;2,8%;224;3,1%;376;3,0%;276;3,4%;223
Hogares monoparentales: una mujer adulta con uno o más menores;2,1%;27.460;1,6%;939;1,1%;67;1,5%;233;2,1%;165;1,8%;221;1,8%;166;1,3%;87
Hogares monoparentales: un hombre adulto con uno o más menores;0,4%;5.488;0,4%;256;0,6%;36;0,4%;58;0,3%;23;0,4%;52;0,6%;54;0,5%;33
1.2.3. Dinámica demográfica;;;;;;;;;;;;;;;;
Tasa bruta de natalidad 2017 (‰);;9,00;;9,95;;10,00;;9,97;;9,45;;9,87;;10,66;;9,56
Tasa de crecimiento demográfico 2017 (‰);;1,24;;1,02;;0,49;;1,19;;0,91;;0,40;;1,59;;1,63
Esperanza de vida al nacer MUJERES (mortalidad del periodo 2009-2012);;85,9;;86,3;;86,6;;85,4;;86,7;;86,4;;86,7;;87,3
Esperanza de vida al nacer HOMBRES (mortalidad del periodo 2009-2012);;79,9;;81,1;;82,2;;79,9;;79,2;;81,5;;82,4;;82,4
Esperanza de vida al nacer MUJERES (2017);;87,1;;87,6;;;;;;;;;;;;
Esperanza de vida al nacer HOMBRES (2017);;82,0;;82,7;;;;;;;;;;;;
Esperanza de vida > 65 años MUJERES (2017);;24,3;;24,5;;;;;;;;;;;;
Esperanza de vida > 65 años HOMBRES (2017);;20,3;;20,8;;;;;;;;;;;;
1.2.4. Mujeres y hombres;;;;;;;;;;;;;;;;
Índice de desigualdad de género (2017);;0,816;;;;;;;;;;;;;;
Índice de desigualdad de género (2007);;0,738;;;;;;;;;;;;;;
1.3. INDICADORES ECONÓMICOS ;;;;;;;;;;;;;;;;
Renta neta media anual de los hogares (Urban Audit). 2015;;38.534,6 €;158%;60.947,9 €;170%;103.573,1 €;72%;43.701,5 €;72%;43.707,0 €;103%;62.635,4 €;132%;80.248,4 €;90%;54.870,0 €
Renta disponible Bruta Per Cápita 2014(a);;21.145,9 €;;27.561,9 €;;;;;;;;;;;;
Crecimiento/decrecimiento Renta Bruta Per Cápita 2014(a)-2008;-0,2%;-40,4 €;1,6%;428,2 €;;;;;;;;;;;;
Pensión media mensual del Distrito HOMBRES (2015);;1.376,2 €;;1.665,8 €;;;;;;;;;;;;
Pensión media mensual del Distrito MUJERES (2015);;858,8 €;;1.043,6 €;;;;;;;;;;;;
1.4. INDICADORES DE DESEMPLEO;;;;;;;;;;;;;;;;
Tasa de actividad global ciudad de Madrid (EPA. 3º trimestre 2018);61,2%;;;;;;;;;;;;;;;
Hombres ;66,4%;;;;;;;;;;;;;;;
Mujeres;56,8%;;;;;;;;;;;;;;;
Número de parados ciudad de Madrid (EPA. 3º trimestre 2018) (miles);;200,1;;;;;;;;;;;;;;
Hombres (miles);;97,3;;;;;;;;;;;;;;
Mujeres (miles);;102,8;;;;;;;;;;;;;;
Paro registrado (nº de personas registradas en SEPE en agosto 2018);;167.871;2,8%;4.681;7,7%;362;30,8%;1.442;15,6%;731;19,2%;899;11,8%;554;11,4%;533
Tasa absoluta de paro registrado (agosto 2018);7,9%;;5,1%;;3,4%;;6,4%;;6,3%;;4,9%;;3,8%;;5,1%;
Tasa absoluta de paro registrado MUJERES;8,6%;;5,4%;;3,5%;;6,7%;;6,7%;;5,0%;;4,0%;;5,8%;
De 16 a 24 años;4,6%;;1,3%;;0,4%;;1,8%;;2,3%;;1,6%;;0,8%;;0,6%;
De 25 a 44 años;8,3%;;4,8%;;3,5%;;5,6%;;6,4%;;4,5%;;3,6%;;4,8%;
De 45 a 64 años;10,1%;;7,0%;;4,4%;;9,0%;;8,0%;;6,3%;;5,4%;;8,2%;
Tasa absoluta de paro registrado HOMBRES ;7,1%;;4,8%;;3,3%;;6,1%;;5,9%;;4,7%;;3,4%;;4,4%;
De 16 a 24 años;4,5%;;1,9%;;0,7%;;2,7%;;3,6%;;1,7%;;1,1%;;1,5%;
De 25 a 44 años;6,1%;;4,0%;;3,3%;;5,3%;;4,7%;;3,7%;;2,7%;;3,5%;
De 45 a 64 años;9,1%;;6,6%;;4,3%;;8,0%;;7,9%;;6,8%;;5,0%;;6,2%;
Parados de larga duración (agosto 2018);41,0%;68.898;39,9%;1.867;;;;;;;;;;;;
Hombres;40,4%;27.816;42,5%;793;;;;;;;;;;;;
Mujeres ;59,6%;41.082;57,5%;1.074;;;;;;;;;;;;
Parados que SÍ perciben prestaciones (agosto 2018);37,3%;62.541;44,3%;2.073;;;;;;;;;;;;
Hombres;47,0%;29.412;46,3%;960;;;;;;;;;;;;
Mujeres ;53,0%;33.129;53,7%;1.113;;;;;;;;;;;;
Parados que NO perciben prestaciones (agosto 2018);62,7%;105.330;55,7%;2.608;;;;;;;;;;;;
Hombres;40,7%;42.906;41,3%;1.077;;;;;;;;;;;;
Mujeres ;59,3%;62.424;58,7%;1.531;;;;;;;;;;;;
1.5. EDUCACIÓN;;;;;;;;;;;;;;;;
1.5.1. Población en etapas educativas (01/01/2018);100%;463.011;100%;20.103;100%;2.457;100%;4.175;100%;2.308;100%;4.729;100%;4.208;100%;2.226
0 a 2 años;18,8%;87.088;20,8%;4.177;21,2%;520;23,3%;973;21,6%;499;20,0%;947;18,8%;792;20,0%;446
Infantil (3 a 5 años);18,7%;86.699;19,7%;3.969;20,9%;513;18,8%;785;19,7%;455;20,1%;949;20,2%;848;18,8%;419
Primaria (6 a 11 años);38,2%;176.730;36,5%;7.330;34,4%;846;36,5%;1.524;35,1%;809;36,1%;1.706;38,2%;1.606;37,7%;839
Secundaria (12 a 15 años);24,3%;112.494;23,0%;4.627;23,5%;578;21,4%;893;23,6%;545;23,8%;1.127;22,9%;962;23,5%;522
Etapas educativas. Total niños;51,2%;237.098;50,5%;10.161;50,7%;1.246;49,9%;2.082;51,5%;1.189;49,5%;2.340;51,2%;2.153;51,7%;1.151
0 a 2 años;18,8%;44.551;20,9%;2.120;21,3%;265;23,9%;498;20,4%;242;20,9%;490;18,2%;392;20,2%;233
Infantil (3 a 5 años);18,8%;44.489;20,0%;2.036;21,3%;265;19,2%;400;20,3%;241;19,9%;465;19,9%;428;20,6%;237
Primaria (6 a 11 años);38,2%;90.647;36,0%;3.657;33,4%;416;35,7%;744;35,8%;426;35,2%;823;38,5%;829;36,4%;419
Secundaria (12 a 15 años);24,2%;57.411;23,1%;2.348;24,1%;300;21,1%;440;23,5%;280;24,0%;562;23,4%;504;22,8%;262
Etapas educativas. Total niñas;48,8%;225.913;49,5%;9.942;49,3%;1.211;50,1%;2.093;48,5%;1.119;50,5%;2.389;48,8%;2.055;48,3%;1.075
0 a 2 años;18,8%;42.537;20,7%;2.057;21,1%;255;22,7%;475;23,0%;257;19,1%;457;19,5%;400;19,8%;213
Infantil (3 a 5 años);18,7%;42.210;19,4%;1.933;20,5%;248;18,4%;385;19,1%;214;20,3%;484;20,4%;420;16,9%;182
Primaria (6 a 11 años);38,1%;86.083;36,9%;3.673;35,5%;430;37,3%;780;34,2%;383;37,0%;883;37,8%;777;39,1%;420
Secundaria (12 a 15 años);24,4%;55.083;22,9%;2.279;23,0%;278;21,6%;453;23,7%;265;23,7%;565;22,3%;458;24,2%;260
1.5.2. Escolarización de alumnos por tipo de centro (año escolar 2016/17);100%;510.340;100%;36.958;;;;;;;;;;;;
En centros PRIVADOS CONCERTADOS;43,3%;220.761;45,1%;16.667;;;;;;;;;;;;
En centros PRIVADOS SIN CONCIERTO;17,5%;89.197;34,9%;12.884;;;;;;;;;;;;
En centros PÚBLICOS;39,3%;200.382;20,0%;7.407;;;;;;;;;;;;
Total alumnos extranjeros;10,3%;52.588;5,4%;1.991;;;;;;;;;;;;
En centros PRIVADOS CONCERTADOS;34,7%;18.249;28,3%;563;;;;;;;;;;;;
En centros PRIVADOS SIN CONCIERTO;8,6%;4.514;37,1%;738;;;;;;;;;;;;
En centros PÚBLICOS;56,7%;29.825;34,7%;690;;;;;;;;;;;;
Total alumnos con necesidades de apoyo educativo;3,9%;19.911;2,9%;1080;;;;;;;;;;;;
En centros PRIVADOS CONCERTADOS;50,1%;9.977;70,0%;756;;;;;;;;;;;;
En centros PRIVADOS SIN CONCIERTO;3,8%;764;17,1%;185;;;;;;;;;;;;
En centros PÚBLICOS;46,1%;9.170;12,9%;139;;;;;;;;;;;;
1.5.3. Nivel de estudios de la población ≥ 25 años (01/01/2018);;;;;;;;;;;;;;;;
No sabe leer ni escribir o sin estudios;5,2%;129.614;1,6%;1.811;1,4%;185;1,9%;561;2,0%;302;1,4%;329;1,0%;190;1,9%;244
Primaria incompleta;12,1%;301.397;5,0%;5.644;3,5%;459;6,2%;1.854;6,6%;981;4,4%;1.080;3,2%;590;5,2%;680
Bachiller Elemental, Graduado Escolar, ESO, Formación profesional 1º grado;26,5%;659.083;14,1%;16.089;12,2%;1.607;16,7%;4.996;18,2%;2.707;12,6%;3.078;10,9%;1.994;12,9%;1.707
Formación profesional 2º grado, Bachiller Superior o BUP;19,1%;475.507;18,6%;21.114;17,0%;2.233;20,6%;6.153;19,9%;2.964;18,0%;4.394;16,5%;3.016;17,9%;2.354
Titulados medios, diplomados, arquitecto o ingeniero técnico;9,7%;240.663;11,4%;12.938;9,4%;1.239;12,7%;3.780;11,3%;1.688;11,5%;2.792;10,4%;1.894;11,7%;1.545
Estudios superiores, licenciado, arquitecto o ingeniero superior, estudios superiores no universitarios, doctorado, estudios postgraduados;27,3%;681.198;49,0%;55.761;55,9%;7.334;41,6%;12.434;41,6%;6.205;51,7%;12.594;57,8%;10.568;50,3%;6.626
Nivel de estudios desconocido y no consta;0,1%;3.467;0,3%;351;0,5%;64;0,3%;85;0,4%;53;0,3%;80;0,2%;39;0,2%;30
1.5.4. Programa de prevención y control del absentismo escolar;;;;;;;;;;;;;;;;
Casos trabajados por el programa de absentismo municipal (curso escolar 2017-2018);100,0%;3.901;0,5%;21;;;;;;;;;;;;
Casos trabajados HOMBRES;50,1%;1.955;61,9%;13;;;;;;;;;;;;
Casos trabajados MUJERES;49,9%;1.946;38,1%;8;;;;;;;;;;;;
1.6. SALUD;;;;;;;;;;;;;;;;
1.6.1. Hábitos y estilos de vida (2017. Estudio Madrid Salud);;;;;;;;;;;;;;;;
Sedentarismo;30,0%;;25,4%;;;;;;;;;;;;;
Sedentarismo HOMBRES ;25,2%;;;;;;;;;;;;;;;
Sedentarismo MUJERES ;34,0%;;;;;;;;;;;;;;;
Consumo de tabaco diario;18,9%;;18,5%;;;;;;;;;;;;;
Consumo de tabaco diario HOMBRES;20,2%;;;;;;;;;;;;;;;
Consumo de tabaco diario MUJERES ;17,9%;;;;;;;;;;;;;;;
Consumo de medicamentos ;66,3%;;65,2%;;;;;;;;;;;;;
Consumo de medicamentos HOMBRES  ;62,4%;;;;;;;;;;;;;;;
Consumo de medicamentos MUJERES ;69,7%;;;;;;;;;;;;;;;
1.6.2. Indicadores de nivel de salud (2017. Estudio Madrid Salud);;;;;;;;;;;;;;;;
Autopercepción de buen estado de salud  (% respuesta muy buena + buena);72,3%;;78,5%;;;;;;;;;;;;;
Autopercepción de buen estado de salud HOMBRES ;77,4%;;;;;;;;;;;;;;;
Autopercepción de buen estado de salud MUJERES ;68,0%;;;;;;;;;;;;;;;
Calidad de vida relacionada con la salud (CVRS) ;20,2%;;19,3%;;;;;;;;;;;;;
Calidad de vida relacionada con la salud (CVRS) HOMBRES;19,0%;;;;;;;;;;;;;;;
Calidad de vida relacionada con la salud (CVRS) MUJERES;21,1%;;;;;;;;;;;;;;;
Presencia de enfermedad crónica ;39,8%;;35,5%;;;;;;;;;;;;;
Presencia de enfermedad crónica HOMBRES ;36,6%;;;;;;;;;;;;;;;
Presencia de enfermedad crónica MUJERES;42,4%;;;;;;;;;;;;;;;
Hipertensión arterial;18,8%;;14,6%;;;;;;;;;;;;;
Hipertensión arterial HOMBRES;19,7%;;;;;;;;;;;;;;;
Hipertensión arterial MUJERES;18,1%;;;;;;;;;;;;;;;
Diabetes Mellitus;6,0%;;3,8%;;;;;;;;;;;;;
Diabetes Mellitus HOMBRES;6,9%;;;;;;;;;;;;;;;
Diabetes Mellitus MUJERES;5,3%;;;;;;;;;;;;;;;
Personas con obesidad ;12,2%;;8,7%;;;;;;;;;;;;;
Personas con obesidad HOMBRES ;13,3%;;;;;;;;;;;;;;;
Personas con obesidad MUJERES;11,2%;;;;;;;;;;;;;;;
Personas con sobrepeso;33,5%;;27,0%;;;;;;;;;;;;;
Personas con sobrepeso HOMBRES;41,1%;;;;;;;;;;;;;;;
Personas con sobrepeso MUJERES;27,0%;;;;;;;;;;;;;;;
Personas mayores de 65 años con alguna dependencia funcional;32,4%;;34,8%;;;;;;;;;;;;;
Alguna dependencia funcional HOMBRES ;39,1%;;;;;;;;;;;;;;;
Alguna dependencia funcional MUJERES;48,6%;;;;;;;;;;;;;;;
Probabilidad de padecer enfermedad mental (GHQ-12);21,1%;;17,8%;;;;;;;;;;;;;
Probabilidad de padecer enfermedad mental (GHQ-12) HOMBRES;16,6%;;;;;;;;;;;;;;;
Probabilidad de padecer enfermedad (GHQ-12) MUJERES;24,9%;;;;;;;;;;;;;;;
Prevalencia de obesidad en la población infantil (2017. Estudio Madrid Salud. UCM);15,8%;;10,5%;;;;;;;;;;;;;
1.6.3. Discapacidad reconocida (31/12/2015);;;;;;;;;;;;;;;;
Nº de personas con grado de discapacidad reconocido;5,6%;180.040;4,0%;5.802;;;;;;;;;;;;
Hombres;48,1%;86.609;46,8%;2.715;;;;;;;;;;;;
Mujeres;51,9%;93.431;53,2%;3.087;;;;;;;;;;;;
Mujeres por cada 100 hombres (Feminización de la discapacidad reconocida);;107,9;;113,7;;;;;;;;;;;;
1.7. CALIDAD DE VIDA  (2017. Estudio >16 años);;;;;;;;;;;;;;;;
1.7.1. Calidad de vida y agenda pública (indicador sintético 0-100);;;;;;;;;;;;;;;;
Satisfacción de vivir en su barrio ;;69,8;;81,8;;;;;;;;;;;;
Calidad de vida actual en su barrio ;;69,5;;81,6;;;;;;;;;;;;
Convivencia vecinal;;67,8;;74,0;;;;;;;;;;;;
1.7.2. Satisfacción con los servicios públicos (escala 0-10);;;;;;;;;;;;;;;;
Espacios verdes;;6,6;;6,5;;;;;;;;;;;;
Parques infantiles ;;6,3;;6,0;;;;;;;;;;;;
Centros culturales;;6,9;;7,2;;;;;;;;;;;;
Organización de fiestas y eventos populares;;6,7;;6,6;;;;;;;;;;;;
Instalaciones deportivas;;6,7;;6,9;;;;;;;;;;;;
Servicios sociales municipales;;6,6;;6,7;;;;;;;;;;;;
Desigualdad en las dotaciones de los barrios (% respuesta muy alta + alta);82,9%;;83,3%;;;;;;;;;;;;;
1.7.3. Principales problemas de la ciudadanía (% personas encuestadas);;;;;;;;;;;;;;;;
1º. Limpieza;41,1%;;31,5%;;;;;;;;;;;;;
2º. Contaminación del aire;15,0%;;27,3%;;;;;;;;;;;;;
3º. Tráfico / atascos;10,8%;;11,9%;;;;;;;;;;;;;
1.7.4. Percepción de seguridad (indicador sintético 0-100);;;;;;;;;;;;;;;;
Percepción de seguridad en Madrid;;69,0;;75,5;;;;;;;;;;;;
Percepción de seguridad en el barrio por el día;;75,4;;86,2;;;;;;;;;;;;
Percepción de seguridad en el barrio por la noche;;61,6;;75,2;;;;;;;;;;;;
1.7.5. Problemas que afectan a la seguridad en los espacios públicos del distrito (escala 0-10);;;;;;;;;;;;;;;;
1º. Residuos por excrementos de animales domésticos;;6,7;;6,1;;;;;;;;;;;;
2º. Conductas que ponen en riesgo la seguridad vial;;4,1;;4,4;;;;;;;;;;;;
3º. Grafitis;;4,0;;3,5;;;;;;;;;;;;
1.7.6. Administración de la ciudad (% de respuesta);;;;;;;;;;;;;;;;
Medio de información de la actividad del Ayuntamiento: REDES SOCIALES;19,3%;;23,1%;;;;;;;;;;;;;
Preferencia de contacto con el Ayuntamiento: EN PERSONA;48,6%;;50,3%;;;;;;;;;;;;;
Percepción sobre la administración del Ayto. en los últimos 5 años: HA MEJORADO;35,3%;;40,6%;;;;;;;;;;;;;
Percepción sobre la administración del Ayto. en los últimos 5 años: HA EMPEORADO;14,5%;;10,5%;;;;;;;;;;;;;
1.7.7. Amigabilidad de la ciudad (% respuesta mucho + bastante);;;;;;;;;;;;;;;;
Madrid ciudad amigable con las personas lesbianas, gays, transexuales y bisexuales;70,8%;;70,6%;;;;;;;;;;;;;
1.8. INDICADORES DE VULNERABILIDAD;;;;;;;;;;;;;;;;
1.8.1. Índice de vulnerabilidad territorial (2018);;;;;;;;;;;;;;;;
Índice de vulnerabilidad territorial;;;;0,0059;;0,0054;;0,0064;;0,0065;;0,0057;;0,0055;;0,0059
Posición en el ranking de distritos y/o barrios de vulnerabilidad territorial;;;;20;;126;;91;;89;;118;;123;;114
1.8.2. Tasa de riesgo de pobleza o exclusión social. Indicador AROPE (2017. Encuesta de Condiciones de Vida);;;;;;;;;;;;;;;;
Tasa de riesgo de pobleza o exclusión social;26,0%;;;;;;;;;;;;;;;
Tasa de riesgo de pobleza o exclusión social HOMBRES;23,9%;;;;;;;;;;;;;;;
Tasa de riesgo de pobleza o exclusión social MUJERES;27,9%;;;;;;;;;;;;;;;
Tasa de riesgo de pobleza o exclusión social N. ESPAÑOLA (>16 años);22,0%;;;;;;;;;;;;;;;
Tasa de riesgo de pobleza o exclusión social N. EXTRANJERA UNIÓN EUROPEA (>16 años);18,1%;;;;;;;;;;;;;;;
Tasa de riesgo de pobleza o exclusión social N. EXTRANJERA RESTO DEL MUNDO (>16 años);63,2%;;;;;;;;;;;;;;;
1.8.3. Tasa de riesgo de pobreza de los hogares (2016. Estudio de Necesidades Sociales. Hogares);;;;;;;;;;;;;;;;
Pareja o matrimonio con hijos;;35,7%;;;;;;;;;;;;;;
Hogar formado por madre con hijos a cargo;;41,1%;;;;;;;;;;;;;;
Nacido en España;;26,4%;;;;;;;;;;;;;;
Nacido en un país fuera de la Unión Europea;;39,2%;;;;;;;;;;;;;;
1.8.4. Situación económica de los hogares (2016. Estudio de Necesidades Sociales. Hogares);;;;;;;;;;;;;;;;
Dificultad para llegar a fin de mes (% respuesta mucha dificultad + dificultad);;20,0%;;;;;;;;;;;;;;
Imposibilidad de hacer frente a un gasto imprevisto de 650€;;38,7%;;;;;;;;;;;;;;
Dificultad para hacer frente a los gastos derivados del suministro energético;;9,5%;;;;;;;;;;;;;;
Entrevistados que han acudido a Servicios Sociales Municipales para solicitar atención social;;10,0%;;;;;;;;;;;;;;
1.9. SERVICIOS SOCIALES;;;;;;;;;;;;;;;;
1.9.1. Población en general (2017);;;;;;;;;;;;;;;;
Personas atendidas en la Unidad de Primera Atención en Centros de Servicios Sociales;;129.281;3,3%;4.260;;;;;;;;;;;;
Solicitudes tramitadas de Renta Mínima de Inserción;;6.969;1,3%;90;;;;;;;;;;;;
Perceptores de prestación de la Renta Mínima de Inserción;;16.219;0,9%;144;;;;;;;;;;;;
Beneficiarios de prestaciones sociales de carácter económico;;13.632;1,4%;187;;;;;;;;;;;;
Total prestaciones sociales de carácter económico (€);;7.440.030;1,6%;118.487;;;;;;;;;;;;
1.9.2. Personas Mayores (2017);;;;;;;;;;;;;;;;
Personas con Servicio de Ayuda a Domicilio (modalidad auxiliar de hogar);;71.238;2,1%;1.509;;;;;;;;;;;;
Hombres;;16.914;1,9%;322;;;;;;;;;;;;
Mujeres;;54.324;2,2%;1.187;;;;;;;;;;;;
Personas socias de los Centros Municipales de Mayores;;325.924;3,4%;11.227;;;;;;;;;;;;
Hombres;;124.008;3,1%;3.830;;;;;;;;;;;;
Mujeres ;;201.916;3,7%;7.397;;;;;;;;;;;;
1.9.3. Menores y Familia (2017);;;;;;;;;;;;;;;;
Familias atendidas por el Equipo de Trabajo con Menores y Familia (ETMF);;7.519;2,4%;178;;;;;;;;;;;;
Demandas de intervención en los Centros de Atención a la Infancia (CAI);;2.130;1,8%;39;;;;;;;;;;;;
Menores atendidos por el Servicio de Ayuda a domicilio a Menores y Familias (SAD) ;;1.361;2,1%;28;;;;;;;;;;;;
1.10. VIVIENDA;;;;;;;;;;;;;;;;
1.10.1. PLAN MAD-RE: PLAN ESTRATÉGICO MADRID RECUPERA (Programa de actuaciones 2018-2030);;;;;;;;;;;;;;;;
Planes Integrales Territoriales de Barrios Apirus;;48;0,0%;0;;;;;;;;;;;;
Planes Integrales Territoriales de Ordenación y Gestión;;71;0,0%;0;;;;;;;;;;;;
Proyecto Estratégico Ambiental;;13;0,0%;0;;;;;;;;;;;;
Proyecto Estratégico de Espacio Público;;140;0,0%;0;;;;;;;;;;;;
Proyecto Estratégico de Movilidad;;103;0,0%;0;;;;;;;;;;;;
1.10.2. Estado de las viviendas;;;;;;;;;;;;;;;;
Nº Total de viviendas (Censo Edificios y Viviendas 2011);100%;1.530.955;100%;72.120;;;;;;;;;;;;
Viviendas anteriores a 1980;69,4%;1.061.825;83,0%;59.855;;;;;;;;;;;;
Estado ruinoso;0,2%;3.445;0,2%;120;;;;;;;;;;;;
Estado malo;0,8%;12.705;0,2%;175;;;;;;;;;;;;
Estado deficiente;4,4%;66.775;2,3%;1.635;;;;;;;;;;;;
Estado bueno;92,8%;1.420.265;96,7%;69.735;;;;;;;;;;;;
No consta;1,8%;27.770;0,6%;460;;;;;;;;;;;;
Valor catastral medio de los bienes inmuebles: personas físicas (2018);;91.159,1 €;165,7%;151.007,2 €;208,9%;315.478 €;67,4%;101.730 €;76,0%;114.723 €;103,5%;156.270 €;133,7%;201.904 €;70,6%;106.611 €
Valor catastral medio de los bienes inmuebles: personas jurídicas (2018);;370.572,5 €;131,7%;487.920,3 €;152,0%;741.612 €;60,6%;295.781 €;57,4%;279.867 €;121,2%;591.499 €;99,2%;483.951 €;113,5%;553.689 €
Superficie media de la vivienda (m2) en transacción (2017);;84;118,8%;99;156,1%;155;75,8%;75;79,5%;79;106,3%;106;120,0%;119;109,5%;109
Duración media del crédito (meses) en transacción de vivienda (2017);;296;98,6%;292;90,8%;265;96,6%;282;112,0%;327;99,7%;291;103,4%;302;101,4%;296
1.10.3. Tipología de las viviendas ;;;;;;;;;;;;;;;;
Nº Total de viviendas familiares (Censo Edificios y Viviendas 2001);100%;1.378.931;100%;68.760;100%;7.399;100%;18.533;100%;9.072;100%;14.847;100%;11.351;100%;7.558
Principal;78,3%;1.080.306;72,4%;49.798;68,0%;5.035;76,6%;14.197;75,8%;6.874;71,9%;10.676;65,5%;7.435;73,8%;5.581
Secundaria;7,7%;106.192;13,5%;9.265;20,2%;1.496;10,9%;2.023;6,3%;568;11,1%;1.643;21,4%;2.424;14,7%;1.111
Desocupada;12,9%;178.377;12,8%;8.816;11,3%;839;10,9%;2.017;15,7%;1.421;16,6%;2.467;12,4%;1.404;8,8%;668
Otro tipo;1,0%;13.998;1,3%;881;0,4%;29;1,6%;296;2,3%;209;0,4%;61;0,8%;88;2,6%;198
1.10.4. Lanzamientos judiciales (Consejo General del Poder Judicial);;;;;;;;;;;;;;;;
Lanzamientos judiciales practicados (2013);100%;5.020;;;;;;;;;;;;;;
Como consecuencia de ejecuciones hipotecarias;29,9%;1.501;;;;;;;;;;;;;;
Como consecuencia de la Ley de Arrendamientos Urbanos;62,5%;3.137;;;;;;;;;;;;;;
Lanzamientos judiciales practicados (2017);100%;3.416;;;;;;;;;;;;;;
Como consecuencia de ejecuciones hipotecarias;19,1%;654;;;;;;;;;;;;;;
Como consecuencia de la Ley de Arrendamientos Urbanos;79,4%;2.713;;;;;;;;;;;;;;
1.11. MEDIO AMBIENTE Y RESIDUOS;;;;;;;;;;;;;;;;
1.11.1. Contaminantes del aire (2017);;;;;;;;;;;;;;;;
Partículas suspensión PM2.5 (µgr/m3) -Valor límite: 25 µgr/m3-;;10,2;;;;;;;;;;;;;;
Partículas suspensión PM10 (µgr/m3) -Valor límite: 40 µgr/m3-;;20,1;;;;;;;;;;;;;;
Dióxido de azufre - SO2 (µgr/m3) -Valor límite: 125 µgr/m3-;;7,0;;;;;;;;;;;;;;
Monóxido de carbono - CO2 (mg/m3) -Valor límite: 10 µgr/m3-;;0,4;;;;;;;;;;;;;;
Ozono - O3 (µgr/m3) -Valor límite: 120 µgr/m3-;;48,0;;;;;;;;;;;;;;
Dióxido de nitrógeno - NO2 (µgr/m3) -Valor límite: 40 µgr/m3-;;42,0;;;;;;;;;;;;;;
Temperatura media anual (ºC);;16,6º;;;;;;;;;;;;;;
Protocolo de contaminación: nº de episodios (2018);;4;;;;;;;;;;;;;;
"Protocolo de contaminación: nº de días ""Escenario 1"" (2018)";;7;;;;;;;;;;;;;;
1.11.2. Recogida domiciliaria de resíduos sólidos: envases y resto (2017);;;;;;;;;;;;;;;;
kg/habitante/año;;357;;339;;;;;;;;;;;;
kg/habitante/día;;0,978;;0,929;;;;;;;;;;;;
1.12. SEGURIDAD;;;;;;;;;;;;;;;;
Intervenciones de la Policía Municipal en materia de seguridad (2018);;;;;;;;;;;;;;;;
Relacionadas con las personas;;5.402;1,7%;93;;;;;;;;;;;;
Relacionadas con la tenencia de armas;;805;0,5%;4;;;;;;;;;;;;
Relacionadas con el patrimonio;;6.525;2,6%;168;;;;;;;;;;;;
Relacionadas con la tenencia y consumo de drogas;;8.750;2,9%;251;;;;;;;;;;;;
Expedientes instruidos por Agentes Tutores;;635;0,8%;5;;;;;;;;;;;;
Atestados/partes de accidentes de tráfico confeccionados;;16.229;7,7%;1.250;;;;;;;;;;;;
Detenidos e investigados de la Policía Municipal en materia de seguridad (2018);;;;;;;;;;;;;;;;
Total detenidos e investigados;100%;9.010;6,0%;544;;;;;;;;;;;;
Lesiones;4,4%;396;;;;;;;;;;;;;;
Violencia doméstica y de género;8,8%;790;;;;;;;;;;;;;;
Malos tratos a menores;0,9%;80;;;;;;;;;;;;;;
Abusos y agresiones sexuales;0,9%;81;;;;;;;;;;;;;;
Hurtos;10,5%;945;;;;;;;;;;;;;;
Robo con violencia e intimidación en personas;1,6%;144;;;;;;;;;;;;;;
Contra la salud pública;2,9%;257;;;;;;;;;;;;;;
Contra la seguridad vial;41,7%;3.758;;;;;;;;;;;;;;
1.13. RESULTADOS ELECCIONES LOCALES (2015);;;;;;;;;;;;;;;;
Censo electoral;100,0%;2.388.047;100%;113.157;100%;13.014;100%;29.600;100%;14.501;100%;24.900;100%;18.008;100,0%;13.134
Abstención;31,2%;743.954;26,6%;30.070;26,2%;3.414;27,2%;8.041;27,9%;4.043;26,2%;6.526;25,3%;4.548;26,6%;3.498
Votos blancos;0,7%;15.825;0,8%;849;0,7%;96;0,8%;224;0,7%;97;0,8%;197;0,7%;131;0,8%;104
Votos a candidaturas;67,7%;1.616.217;72,3%;81.789;72,7%;9.466;71,6%;21.187;70,9%;10.275;72,7%;18.092;73,7%;13.279;72,3%;9.490
PP;23,6%;564.154;37,7%;42.650;49,7%;6.474;30,6%;9.070;29,0%;4.205;40,9%;10.177;44,2%;7.968;36,2%;4.756
PSOE;10,4%;249.286;5,9%;6.667;3,9%;509;7,5%;2.226;7,7%;1.113;4,8%;1.192;4,1%;733;6,8%;894
Ahora Madrid;21,8%;519.721;15,0%;16.975;7,6%;989;19,7%;5.833;21,2%;3.077;12,7%;3.167;11,2%;2.009;14,5%;1.900
Ciudadanos;7,8%;186.487;10,3%;11.660;9,2%;1.200;9,8%;2.901;9,4%;1.369;10,8%;2.692;11,1%;2.004;11,4%;1.494
1.14. SERVICIOS Y EQUIPAMIENTOS MUNICIPALES;;;;;;;;;;;;;;;;
1.14.1. Servicios Sociales Municipales (2019);;;;;;;;;;;;;;;;
Centros de Servicios Sociales;;39;7,7%;3;;0;;1;;0;;0;;1;;1
Centros Municipales de Mayores ;;90;3,3%;3;;0;;1;;1;;0;;0;;1
Centros de Día de Alzheimer y Físicos;;89;3,4%;3;;0;;1;;0;;1;;1;;0
Apartamentos Municipales para Mayores;;2;0,0%;0;;0;;0;;0;;0;;0;;0
Residencias para personas Mayores ;;3;0,0%;0;;0;;0;;0;;0;;0;;0
Centros de Apoyo a las Familias (CAF);;7;0,0%;0;;0;;0;;0;;0;;0;;0
Centros de Atención a la Infancia (CAI);;13;0,0%;0;;0;;0;;0;;0;;0;;0
Centro de Día de Atención a Niños y Niñas (de 3 a 12 años);;28;3,6%;1;;0;;0;;1;;0;;0;;0
Espacios de Ocio para Adolescentes (El Enredadero);;5;0,0%;0;;0;;0;;0;;0;;0;;0
Centros de Adolescentes y Jóvenes (ASPA) ;;9;0,0%;0;;0;;0;;0;;0;;0;;0
Centros para personas sin hogar;;12;0,0%;0;;0;;0;;0;;0;;0;;0
1.14.2. Género (2019);;;;;;;;;;;;;;;;
Espacios de Igualdad;;13;7,7%;1;;0;;0;;0;;0;;1;;0
1.14.3. Salud (2019);;;;;;;;;;;;;;;;
Centros Municipales de Salud Comunitaria (CMSC);;16;0,0%;0;;0;;0;;0;;0;;0;;0
Centros de Atención a las Adicciones (CAD y CCAD);;10;0,0%;0;;0;;0;;0;;0;;0;;0
1.14.4. Cultura (2019);;;;;;;;;;;;;;;;
Nº de Bibliotecas Municipales;;34;5,9%;2;;0;;0;;1;;0;;0;;1
Nº de Bibliotecas Comunidad Madrid;;16;0,0%;0;;0;;0;;0;;0;;0;;0
Nº de Centros Culturales;;108;1,9%;2;;0;;0;;2;;0;;0;;0
1.14.5. Deportes (2019);;;;;;;;;;;;;;;;
Centros deportivos Municipales;;72;2,8%;2;0,0%;0;0,0%;0;50,0%;1;0,0%;0;50,0%;1;0,0%;0
Superficie deportiva m2 (2017);;2.074.404;0,7%;14.800;;;;;;;;;;;;
Instalaciones deportivas básicas;;477;3,8%;18;5,6%;1;22,2%;4;27,8%;5;16,7%;3;22,2%;4;5,6%;1
Acceso controlado (2017);;97;1,0%;1;;;;;;;;;;;;
Campos de fútbol 11;;21;0,0%;0;;0;;0;;0;;0;;0;;0
Pista de atletismo ;;7;0,0%;0;;0;;0;;0;;0;;0;;0
Piscinas cubiertas;;49;4,1%;2;;0;;0;;1;;0;;1;;0
Piscinas de verano;;23;0,0%;0;;0;;0;;0;;0;;0;;0
1.14.6. Zonas verdes (2016);;;;;;;;;;;;;;;;
Zonas verdes (Ha);;6.219,15;0,9%;56,13;;;;;;;;;;;;
"Relación de zona verde (m2)/habitante (deseables 15m2/hab; mínimo 10m2/hab)";;19,30;;3,87;;;;;;;;;;;;
1.14.7. Educación (Curso académico 2018-2019);;;;;;;;;;;;;;;;
Escuelas Infantiles Municipales (2019);;56;3,6%;2;;0;;1;;0;;0;;1;;0
Escuelas Infantiles Públicas CAM;;150;4,0%;6;;;;;;;;;;;;
Escuelas Infantiles Privadas;;419;6,0%;25;;;;;;;;;;;;
Colegios Públicos Infantil y Primaria (+ 3 centros con Secundaria);;247;3,2%;8;;;;;;;;;;;;
Institutos Públicos de Educación Secundaria;;112;2,7%;3;;;;;;;;;;;;
Colegios Privados Inf. o Pri. o Inf. y Pri.;;88;13,6%;12;;;;;;;;;;;;
Colegios Privados Inf., Pri. y Sec. o Pri. y Sec. ;;274;8,0%;22;;;;;;;;;;;;
1.14.8. Empresa y Comercio (2019);;;;;;;;;;;;;;;;
Mercados Municipales;;45;6,7%;3;;0;;0;;1;;1;;0;;1
1.15. PARTICIPACIÓN CIUDADANA ;;;;;;;;;;;;;;;;
1.15.1. Entidades de participación ciudadana (2019) ;;;;;;;;;;;;;;;;
Asociaciones (Sección 1ª);;2.412;3,5%;85;14,1%;12;24,7%;21;20,0%;17;20,0%;17;14,1%;12;7,1%;6
Nº de asociaciones culturales y casas regionales;;489;2,7%;13;23,1%;3;23,1%;3;15,4%;2;7,7%;1;30,8%;4;0,0%;0
Nº de asociaciones de mujeres;;75;2,7%;2;0,0%;0;0,0%;0;50,0%;1;50,0%;1;0,0%;0;0,0%;0
Nº de asociaciones de vecinos;;221;4,5%;10;10,0%;1;10,0%;1;30,0%;3;30,0%;3;0,0%;0;20,0%;2
Fundaciones (Sección 2ª);;24;16,7%;4;0,0%;0;0,0%;0;25,0%;1;0,0%;0;50,0%;2;25,0%;1
1.15.2 Decide Madrid;;;;;;;;;;;;;;;;
Presupuestos participativos 2018: nº propuestas;;3.323;2,9%;95;;;;;;;;;;;;
Presupuestos participativos 2018: nº participantes;;115.594;1,9%;2224;;;;;;;;;;;;
Votación ciudadana 2017: nº votaciones;;217.323;3,9%;8.460;;;;;;;;;;;;
;;;;;;;;;;;;;;;;
;;;;;;;;;;;;;;;;
1.16. PRESUPUESTO 2019;;;;;;;;;;;;;;;;
PROGRAMA;;CAPÍTULOS;;;;;;;;;;;;;;
;;1;;2;;3;;4;;5;;6;;7;;TOTAL
OTRAS ACTUACIONES EN VÍAS PÚBLICAS;153.22;;;10.000 €;;;;;;;;65.000 €;;;;75.000 €
ZONAS VERDES;171.02;;;;;;;;;;;15.000 €;;;;15.000 €
FAMILIA E INFANCIA;231.02;;;254.608 €;;;;106.503 €;;;;;;;;361.111 €
PERSONAS MAYORES Y SERVICIOS SOCIALES;231.03;;;3.769.791 €;;;;32.406 €;;;;;;3.817 €;;3.806.014 €
INTEGRACIÓN COMUNITARIA Y EMERGENCIA SOCIAL;231.06;1.005.649 €;;310.121 €;;;;14.679 €;;;;8.000 €;;;;1.338.449 €
SALUBRIDAD PÚBLICA;311.01;397.003 €;;2.400 €;;;;;;;;;;;;399.403 €
CENTROS DOCENTES ENSEÑANZA INFANTIL Y PRIMARIA;323.01;;;1.321.066 €;;;;;;;;;;;;1.321.066 €
ABSENTISMO;325.01;;;102.719 €;;;;;;;;;;;;102.719 €
SERVICIOS COMPLEMENTARIOS EDUCACIÓN;326.01;;;237.228 €;;;;;;;;13.000 €;;;;250.228 €
ACTIVIDADES CULTURALES;334.01;463.761 €;;938.676 €;;;;;;;;;;;;1.402.437 €
ACTUACIONES DEPORTIVAS EN DISTRITOS;341.01;;;16.020 €;;;;;;;;;;;;16.020 €
INSTALACIONES DEPORTIVAS;342.01;3.686.881 €;;286.327 €;;;;;;;;6.600 €;;;;3.979.808 €
CONSUMO;493.00;203.508 €;;;;;;;;;;;;;;203.508 €
CONCEJALÍA-PRESIDENCIA DEL DISTRITO;912.2;347.589 €;;3.267 €;;;;;;;;;;;;350.856 €
DIREC. Y GESTIÓN ADMTVA. DEL DISTRITO;920.01;2.940.992 €;;216.031 €;;;;;;;;;;;;3.157.023 €
PARTICIPACIÓN CIUDADANA Y VOLUNTARIADO;924.01;;;5.000 €;;;;35.000 €;;;;;;;;40.000 €
EDIFICIOS;;;;1.254.431 €;;;;;;;;;;;;1.254.431 €
CENTRO 001;;9.045.383 €;;8.727.685 €;;0 €;;188.588 €;;0 €;;107.600 €;;3.817 €;;18.073.073 €
SECCIÓN 205;;9.045.383 €;;8.727.685 €;;0 €;;188.588 €;;0 €;;107.600 €;;3.817 €;;18.073.073 €
;;;;;;;;;;;;;;;;
;;;;;;;;;;;;;;;;
;;;;;;;;;;;;;;;;
;;;;;;;;;;;;;;;;
;;;;;;;;;;;;;;;;
;;;;;;;;;;;;;;;;
;;;;;;;;;;;;;;;;
;;;;;;;;;;;;;;;;
;;;;;;;;;;;;;;;;
;;;;;;;;;;;;;;;;
;;;;;;;;;;;;;;;;
;;;;;;;;;;;;;;;;
;;;;;;;;;;;;;;;;
;;;;;;;;;;;;;;;;
;;;;;;;;;;;;;;;;
;;;;;;;;;;;;;;;;
;;;;;;;;;;;;;;;;
;;;;;;;;;;;;;;;;
;;;;;;;;;;;;;;;;
;;;;;;;;;;;;;;;;
;;;;;;;;;;;;;;;;
;;;;;;;;;;;;;;;;
;;;;;;;;;;;;;;;;
