11. CARABANCHEL. INFORMACIÓN DE DISTRITO Y BARRIOS;;;;;;;;;;;;;;;;;;;;;;
 ;CIUDAD;;CARABANCHEL;;Comillas;;Opañel;;San Isidro;;Vista Alegre;;Puerta Bonita;;Buenavista;;Abrantes;;;;;
1.1 CARACTERÍSTICAS GENERALES DEL DISTRITO-BARRIO;;;;;;;;;;;;;;;;;;;;;;
Superficie (Ha.) ;;60.445,52;1.404,83;;66,61;;110,73;;189,93;;158,92;;160,86;;561,32;;156,46;;;;;
Densidad (hab./Ha.) ;;54,03;180,12;;336,33;;298,49;;205,11;;289,29;;216,71;;83,83;;196,47;;;;;
1.2. LA POBLACIÓN DEL DISTRITO;;;;;;;;;;;;;;;;;;;;;;
1.2.1. Estructura de la población (01/01/2019);;;;;;;;;;;;;;;;;;;;;;
Sexo de la población;100%;3.266.126;7,7%;253.040;8,9%;22.403;13,1%;33.051;15,4%;38.957;18,2%;45.975;13,8%;34.860;18,6%;47.055;12,1%;30.739;;;;
Hombres;46,6%;1.521.178;46,6%;117.802;45,7%;10.230;45,8%;15.125;46,7%;18.196;45,5%;20.896;46,8%;16.318;48,3%;22.737;46,5%;14.300;;;;
Mujeres;53,4%;1.744.948;53,4%;135.238;54,3%;12.173;54,2%;17.926;53,3%;20.761;54,5%;25.079;53,2%;18.542;51,7%;24.318;53,5%;16.439;;;;
Edad media de la población;;44,14;;43,53;;46,76;;44,97;;43,98;;45,48;;43,02;;39,66;;42,62;;;;
De 0 a 14 años;13,3%;435.675;13,9%;35.073;10,5%;2.346;11,4%;3.764;12,5%;4.860;11,8%;5.430;13,9%;4.832;19,3%;9.092;15,4%;4.749;;;;
De 15 a 29;15,7%;512.070;16,1%;40.745;14,8%;3.322;16,6%;5.477;16,9%;6.585;16,1%;7.404;17,6%;6.129;14,6%;6.879;16,1%;4.949;;;;
De 30 a 44;22,8%;744.312;22,9%;57.866;23,3%;5.214;22,9%;7.575;23,0%;8.944;22,2%;10.218;22,3%;7.766;24,4%;11.459;21,8%;6.690;;;;
De 45 a 64;27,9%;912.424;27,9%;70.661;27,5%;6.153;28,3%;9.341;28,4%;11.055;27,1%;12.456;27,8%;9.691;27,9%;13.133;28,7%;8.832;;;;
De 65 a 79;13,0%;423.670;12,0%;30.247;14,7%;3.292;12,6%;4.148;11,9%;4.654;14,4%;6.631;11,0%;3.841;9,1%;4.267;11,1%;3.414;;;;
De 80 y + ;7,3%;237.975;7,3%;18.448;9,3%;2.076;8,3%;2.746;7,3%;2.859;8,3%;3.836;7,5%;2.601;4,7%;2.225;6,8%;2.105;;;;
De 65 y +;20,3%;661.645;19,2%;48.695;24,0%;5.368;20,9%;6.894;19,3%;7.513;22,8%;10.467;18,5%;6.442;13,8%;6.492;18,0%;5.519;;;;
Población en etapa educativa (De 3 a 16 años -16 no incluidos-);11,6%;379.646;12,3%;31.050;8,9%;1.985;9,8%;3.252;10,9%;4.250;10,4%;4.766;12,4%;4.320;17,5%;8.235;13,8%;4.242;;;;
Proporción de juventud (Población de 0-15 años/Población total);14,2%;;8,3%;14,8%;8,3%;11,1%;8,8%;12,2%;7,3%;13,3%;8,5%;12,6%;8,0%;14,9%;7,0%;20,5%;12,8%;16,4%;;;;
Proporción de envejecimiento (Población > 65 años/Población total);20,3%;;16,5%;19,2%;18,9%;24,0%;14,7%;20,9%;16,9%;19,3%;16,1%;22,8%;16,3%;18,5%;17,1%;13,8%;23,2%;18,0%;;;;
Proporción de sobreenvejecimiento (Población > 80 años/Población >65 años);36,0%;;34,4%;37,9%;33,9%;38,7%;35,8%;39,8%;32,9%;38,1%;34,7%;36,7%;35,1%;40,4%;31,6%;34,3%;34,0%;38,1%;;;;
Índice de envejecimiento activo (2017);;37,0;;;;;;;;;;;;;;;;;;;;
Hombres;;38,6;;;;;;;;;;;;;;;;;;;;
Mujeres;;35,8;;;;;;;;;;;;;;;;;;;;
Proporción de dependencia (Población de 0-15 + población 65 y + / Pob. 16-64) ;52,6%;;51,53;;54,05;;49,37;;48,35;;54,77;;32,1%;50,05;31,6%;52,15;56,2%;52,24;;;;
Personas con nacionalidad española;85,9%;2.805.478;80,7%;204.105;81,9%;18.339;79,0%;26.118;80,2%;31.229;77,8%;35.789;77,5%;27.033;86,9%;40.888;80,4%;24.709;;;;
Personas con nacionalidad española HOMBRES;46,6%;1.308.240;46,3%;94.594;45,2%;8.290;45,5%;11.878;46,3%;14.451;45,0%;16.118;46,7%;12.613;48,5%;19.821;46,2%;11.423;;;;
Personas con nacionalidad española MUJERES;53,4%;1.497.238;53,7%;109.511;54,8%;10.049;54,5%;14.240;53,7%;16.778;55,0%;19.671;53,3%;14.420;51,5%;21.067;53,8%;13.286;;;;
Personas con nacionalidad extranjera;14,1%;460.623;19,3%;48.933;18,1%;4.064;21,0%;6.931;19,8%;7.728;22,2%;10.186;22,5%;7.827;13,1%;6.167;19,6%;6.030;;;;
Personas con nacionalidad extranjera HOMBRES;46,2%;212.925;47,4%;23.207;47,7%;1.940;46,8%;3.246;48,5%;3.745;46,9%;4.778;47,3%;3.705;47,3%;2.916;47,7%;2.877;;;;
Personas con nacionalidad extranjera MUJERES;53,8%;247.698;52,6%;25.726;52,3%;2.124;53,2%;3.685;51,5%;3.983;53,1%;5.408;52,7%;4.122;52,7%;3.251;52,3%;3.153;;;;
Proporción de inmigrantes (Extranjeros menos UE y resto países de OCDE / Población total);9,8%;;15,0%;;13,3%;;16,9%;;15,1%;;18,1%;;17,8%;;9,0%;;15,7%;;;;;
2ª nacionalidad extranjera en el Distrito: Rumanía  (% respecto total extranjeros del distrito);9,7%;44.738;12,0%;5890;11,4%;464;9,7%;673;11,6%;899;9,8%;994;12,0%;941;19,8%;1.222;11,3%;697;;;;
1ª nacionalidad extranjera en el Distrito: China (% respecto total extranjeros del distrito);8,4%;38.547;9,5%;4.630;7,0%;286;14,9%;1.030;8,6%;665;11,5%;1.174;6,8%;534;4,8%;295;10,5%;646;;;;
1.2.2. Estructura de los hogares (01-01-2019);;;;;;;;;;;;;;;;;;;;;;
Nº total de hogares;100%;1.290.164;7,4%;95.680;10,0%;9.528;13,7%;13.100;15,8%;15.099;18,1%;17.277;13,1%;12.497;17,9%;17.143;18,3%;11.036;;;;
Tamaño medio del hogar;;2,53  ;;2,64;;2,35;;2,52;;2,58;;2,66;;2,79;;2,74;;2,79;;;;
Hogares con una mujer sola >65 años;9,8%;126.044;10,3%;9.834;13,1%;1.246;12,1%;1.584;10,5%;1.586;12,0%;2.067;9,8%;1.230;5,7%;984;10,3%;1.137;;;;
Hogares con un hombre solo >65 años;2,8%;36.720;2,8%;2.690;3,6%;343;3,3%;437;3,0%;447;2,9%;503;3,0%;371;1,9%;325;2,4%;264;;;;
Hogares monoparentales: una mujer adulta con uno o más menores;21,1%;27.460;2,3%;2.195;2,0%;187;1,6%;212;2,1%;321;2,0%;337;2,4%;300;3,4%;576;2,4%;262;;;;
Hogares monoparentales: un hombre adulto con uno o más menores;0,4%;5.491;0,4%;347;0,3%;30;0,3%;36;0,2%;34;0,3%;52;0,2%;31;0,7%;115;0,4%;49;;;;
1.2.3. Dinámica demográfica;;;;;;;;;;;;;;;;;;;;;;
Tasa bruta de natalidad 2018 (‰);;8,57;;8,2;;8,2;;7,8;;8,2;;7,5;;8,5;;8,9;;8,4;;;;
Tasa de crecimiento demográfico 2018 (%);;1,37;;1,9;;0,7;;1,7;;1,0;;2,1;;2,7;;1,8;;3,2;;;;
Esperanza de vida al nacer MUJERES *(mortalidad del periodo 2013-2016);;87,5;;87,5;;88,1;;87,5;;87,4;;87,4;;86,9;;87,4;;87,8;;;;
Esperanza de vida al nacer HOMBRES *(mortalidad del periodo 2013-2016);;81,9;;81,3;;82,1;;80,7;;80,7;;81,1;;80,7;;82,8;;80,9;;;;
Esperanza de vida al nacer MUJERES (2018);;87,6;;87,9;;;;;;;;;;;;;;;;;;
Esperanza de vida al nacer HOMBRES (2018);;82,2;;81,2;;;;;;;;;;;;;;;;;;
Esperanza de vida > 65 años MUJERES (2018);;24,6;;24,6;;;;;;;;;;;;;;;;;;
Esperanza de vida > 65 años HOMBRES (2018);;20,6;;19,7;;;;;;;;;;;;;;;;;;
1.2.4. Mujeres y hombres;;;;;;;;;;;;;;;;;;;;;;
Índice de desigualdad de género IDG (2018);;0,8308;;;;;;;;;;;;;;;;;;;;
Índice de desigualdad de género IDG (2008);;0,7462;;;;;;;;;;;;;;;;;;;;
1.3. INDICADORES ECONÓMICOS ;;;;;;;;;;;;;;;;;;;;;;
Renta neta media anual de los hogares (Urban Audit). 2016;;39.613,0 €;71%;28.301;114%;32.241;100%;28.305;94%;26.487;99%;28.128;92%;26.012;112%;31.741;101%;28.513;;;;
Renta disponible Bruta Per Cápita 2016(a);;21.755;;17.904,2 €;;;;;;;;;;;;;;;;;;
Crecimiento/decrecimiento Renta Bruta Per Cápita 2016(a)-2008;3,1%;658;1,7%;296,9 €;;;;;;;;;;;;;;;;;;
Pensión media mensual del Distrito HOMBRES (2018);; 1.456,2 € ;;1312,81;;;;;;;;;;;;;;;;;;
Pensión media mensual del Distrito MUJERES (2018);; 954,0 € ;;829,59;;;;;;;;;;;;;;;;;;
1.4. INDICADORES DE DESEMPLEO;;;;;;;;;;;;;;;;;;;;;;
Tasa de actividad global ciudad de Madrid (EPA. 1º trimestre 2020);61,2%;;;;;;;;;;;;;;;;;;;;;
Hombres ;66,4%;;;;;;;;;;;;;;;;;;;;;
Mujeres;57,0%;;;;;;;;;;;;;;;;;;;;;
Número de parados ciudad de Madrid (EPA. 1º trimestre 2020) (miles);;176,6;;;;;;;;;;;;;;;;;;;;
Hombres (miles);;83,9;;;;;;;;;;;;;;;;;;;;
Mujeres (miles);;92,7;;;;;;;;;;;;;;;;;;;;
Paro registrado (nº de personas registradas en SEPE en febrero 2020);;167.188;9,6%;16.114;8,3%;1.338;11,5%;1.854;18,6%;2.990;16,7%;2.691;14,6%;2.359;14,9%;2.408;12,3%;1.985;;;;
Tasa absoluta de paro registrado (febrero 2020);7,6%;;9,2%;;9,1%;;8,4%;;11,3%;;8,9%;;10,0%;;7,7%;;9,6%;;;;;
Tasa absoluta de paro registrado MUJERES;8,1%;;9,9%;;9,7%;;8,9%;;11,7%;;9,2%;;10,7%;;8,8%;;10,2%;;;;;
De 16 a 24 años;4,2%;;5,8%;;5,1%;;4,3%;;8,0%;;5,2%;;7,1%;;5,5%;;5,3%;;;;;
De 25 a 44 años;7,5%;;9,5%;;9,0%;;8,7%;;10,7%;;8,8%;;10,3%;;8,8%;;10,1%;;;;;
De 45 a 64 años;9,8%;;11,5%;;11,6%;;10,6%;;13,8%;;11,0%;;12,3%;;9,8%;;11,9%;;;;;
Tasa absoluta de paro registrado HOMBRES ;7,0%;;8,6%;;8,5%;;7,7%;;10,9%;;8,5%;;9,2%;;6,6%;;8,8%;;;;;
De 16 a 24 años;4,4%;;5,9%;;6,7%;;4,7%;;7,5%;;5,5%;;6,4%;;5,1%;;6,0%;;;;;
De 25 a 44 años;6,0%;;7,7%;;6,8%;;6,4%;;9,8%;;7,6%;;8,3%;;6,3%;;8,3%;;;;;
De 45 a 64 años;8,9%;;10,4%;;11,1%;;10,2%;;13,2%;;10,7%;;11,3%;;7,4%;;10,3%;;;;;
Parados de larga duración (febrero 2020);38,2%;63.943;37,1%;5.985;;;;;;;;;;;;;;;;;;
Hombres;39,7%;25.381;39,2%;2.348;;;;;;;;;;;;;;;;;;
Mujeres ;60,3%;38.562;60,8%;3.637;;;;;;;;;;;;;;;;;;
Parados que SÍ perciben prestaciones (febrero 2020);43,4%;72.603;41,5%;6.687;;;;;;;;;;;;;;;;;;
Hombres;48,2%;34.979;48,8%;3266;;;;;;;;;;;;;;;;;;
Mujeres ;51,8%;37.624;51,2%;3.421;;;;;;;;;;;;;;;;;;
Parados que NO perciben prestaciones (febrero 2020);56,6%;94.585;58,5%;9.427;;;;;;;;;;;;;;;;;;
Hombres;41,3%;39.063;41,4%;3.900;;;;;;;;;;;;;;;;;;
Mujeres ;58,7%;55.522;58,6%;5.527;;;;;;;;;;;;;;;;;;
1.5. EDUCACIÓN;;;;;;;;;;;;;;;;;;;;;;
1.5.1. Población en etapas educativas (01/01/2018);100,0%;464338;100%;37.359;100%;2.492;100%;4.030;100%;5.183;100%;5.803;100%;5.185;100%;9.637;100%;5.029;;;;
0 a 2 años;18,2%;84.692;16,9%;6.309;20,3%;507;19,3%;778;18,0%;933;17,9%;1.037;16,7%;865;14,5%;1.402;15,6%;787;;;;
Infantil (3 a 5 años);18,7%;86.684;18,1%;6.746;18,2%;454;19,0%;766;19,1%;991;18,4%;1.070;17,4%;900;17,7%;1.703;17,1%;862;;;;
Primaria (6 a 11 años);38,4%;178.445;39,8%;14.885;38,3%;954;36,8%;1.483;37,6%;1.950;37,8%;2.193;39,4%;2.043;43,7%;4.209;40,8%;2.053;;;;
Secundaria (12 a 15 años);24,7%;114.517;25,2%;9.419;23,2%;577;24,9%;1.003;25,3%;1.309;25,9%;1.503;26,6%;1.377;24,1%;2.323;26,4%;1.327;;;;
Etapas educativas. Total niños;51,2%;237557;51,2%;19.114;52,0%;1.297;51,0%;2.055;51,5%;2.670;52,1%;3.024;50,4%;2.614;51,2%;4.931;50,2%;2.523;;;;
0 a 2 años;18,2%;43.261;16,6%;3.180;20,0%;260;19,3%;396;17,6%;469;17,7%;535;15,9%;415;14,5%;714;7,8%;391;;;;
Infantil (3 a 5 años);18,7%;44.354;18,4%;3.515;17,7%;230;20,3%;417;20,0%;535;18,5%;560;17,4%;456;17,9%;884;8,6%;433;;;;
Primaria (6 a 11 años);38,5%;91.575;40,0%;7.649;38,6%;500;36,4%;748;37,3%;997;39,0%;1179;40,0%;1045;43,4%;2.142;20,6%;1038;;;;
Secundaria (12 a 15 años);24,6%;58.367;25,0%;4.770;23,7%;307;24,0%;494;25,1%;669;24,8%;750;26,7%;698;24,2%;1.191;13,1%;661;;;;
Etapas educativas. Total niñas;48,8%;226.781;48,8%;18.245;48,0%;1.195;49,0%;1.975;48,5%;2.513;47,9%;2.779;49,6%;2.571;48,8%;4.706;49,8%;2.506;;;;
0 a 2 años;18,3%;41.431;17,1%;3.129;20,7%;247;19,3%;382;18,5%;464;18,1%;502;17,5%;450;14,6%;688;15,8%;396;;;;
Infantil (3 a 5 años);18,7%;42.330;17,7%;3.231;18,7%;224;17,7%;349;18,1%;456;18,4%;510;17,3%;444;17,4%;819;17,1%;429;;;;
Primaria (6 a 11 años);38,3%;86.870;39,7%;7.236;38,0%;454;37,2%;735;37,9%;953;36,5%;1014;38,8%;998;43,9%;2.067;40,5%;1015;;;;
Secundaria (12 a 15 años);24,8%;56.150;25,5%;4.649;22,6%;270;25,8%;509;25,5%;640;27,1%;753;26,4%;679;24,1%;1.132;26,6%;666;;;;
1.5.2. Escolarización de alumnos por tipo de centro (año escolar 2017/18);100,0%;519.294;100%;35.260;;;;;;;;;;;;;;;;;;
En centros PRIVADOS CONCERTADOS;43,1%;223.703;51,0%;17.998;;;;;;;;;;;;;;;;;;
En centros PRIVADOS SIN CONCIERTO;17,9%;92.853;5,5%;1.932;;;;;;;;;;;;;;;;;;
En centros PÚBLICOS;39,0%;202.738;43,5%;15.330;;;;;;;;;;;;;;;;;;
Total alumnos extranjeros;10,6%;54.812;15,6%;5.507;;;;;;;;;;;;;;;;;;
En centros PRIVADOS CONCERTADOS;34,9%;19.103;35,7%;1.967;;;;;;;;;;;;;;;;;;
En centros PRIVADOS SIN CONCIERTO;9,1%;4.965;1,9%;106;;;;;;;;;;;;;;;;;;
En centros PÚBLICOS;56,1%;30.744;62,4%;3.434;;;;;;;;;;;;;;;;;;
Total alumnos con necesidades de apoyo educativo;4,0%;20.898;4,3%;1.528;;;;;;;;;;;;;;;;;;
En centros PRIVADOS CONCERTADOS;49,2%;10.285;38,2%;584;;;;;;;;;;;;;;;;;;
En centros PRIVADOS SIN CONCIERTO;4,6%;963;0,2%;3;;;;;;;;;;;;;;;;;;
En centros PÚBLICOS;46,2%;9.650;61,6%;941;;;;;;;;;;;;;;;;;;
1.5.3. Nivel de estudios de la población ≥ 25 años (01/01/2019);;;;;;;;;;;;;;;;;;;;;;
No sabe leer ni escribir o sin estudios;4,9%;123.025;6,3%;12.098;5,0%;911;5,3%;1.373;7,7%;2.314;6,1%;2.189;8,3%;2.183;5,0%;1.681;6,3%;1.447;;;;
Primaria incompleta;11,6%;291.746;15,9%;30.685;14,8%;2.705;15,3%;3.987;17,3%;5.213;17,2%;6.197;17,6%;4.613;12,4%;4.150;16,8%;3.820;;;;
Bachiller Elemental, Graduado Escolar, ESO, Formación profesional 1º grado;26,4%;666.553;35,9%;69.283;32,4%;5.906;35,5%;9.243;35,4%;10.682;37,5%;13.524;38,4%;10.058;33,6%;11.247;37,8%;8.623;;;;
Formación profesional 2º grado, Bachiller Superior o BUP;19,1%;482.262;19,7%;37.971;20,9%;3.812;19,7%;5.118;18,1%;5.453;19,5%;7.032;18,2%;4.773;22,3%;7.461;19,0%;4.322;;;;
Titulados medios, diplomados, arquitecto o ingeniero técnico;9,5%;240.302;7,9%;15.207;8,6%;1.572;8,2%;2.135;7,1%;2.152;7,3%;2.627;6,1%;1.603;10,2%;3.425;7,4%;1.693;;;;
Estudios superiores, licenciado, arquitecto o ingeniero superior, estudios superiores no universitarios, doctorado, estudios postgraduados;28,4%;717.868;14,2%;27.387;18,1%;3.289;15,9%;4.138;14,3%;4.312;12,3%;4.438;11,2%;2.937;16,3%;5.447;12,4%;2.826;;;;
Nivel de estudios desconocido y no consta;0,1%;3.253;0,2%;302;0,1%;24;0,1%;22;0,2%;61;0,2%;76;0,1%;22;0,1%;25;0,3%;72;;;;
1.5.4. Programa de prevención y control del absentismo escolar;;2.525.009;1;192.933;1;18.219;1;26.016;1;30.187;1;36.083;1;26.189;1;33.436;1;22.803;;;;
Casos trabajados por el programa de absentismo municipal (curso escolar 2018-2019);100,0%;4.025;14,1%;569;;;;;;;;;;;;;;;;;;
Casos trabajados HOMBRES;51,2%;2.060;51,3%;292;;;;;;;;;;;;;;;;;;
Casos trabajados MUJERES;48,8%;1.965;48,7%;277;;;;;;;;;;;;;;;;;;
1.6. SALUD;;;;;;;;;;;;;;;;;;;;;;
1.6.1. Hábitos y estilos de vida (2017-18. Estudio Madrid Salud);;;;;;;;;;;;;;;;;;;;;;
Sedentarismo;30,0%;;31,8%;;;;;;;;;;;;;;;;;;;
Sedentarismo HOMBRES ;25,2%;;;;;;;;;;;;;;;;;;;;;
Sedentarismo MUJERES ;34,0%;;;;;;;;;;;;;;;;;;;;;
Consumo de tabaco diario;18,9%;;16,8%;;;;;;;;;;;;;;;;;;;
Consumo de tabaco diario HOMBRES;20,2%;;;;;;;;;;;;;;;;;;;;;
Consumo de tabaco diario MUJERES ;17,9%;;;;;;;;;;;;;;;;;;;;;
Consumo de medicamentos ;66,3%;;63,1%;;;;;;;;;;;;;;;;;;;
Consumo de medicamentos HOMBRES  ;62,4%;;;;;;;;;;;;;;;;;;;;;
Consumo de medicamentos MUJERES ;69,7%;;;;;;;;;;;;;;;;;;;;;
1.6.2. Indicadores de nivel de salud (2017-18. Estudio Madrid Salud);;;;;;;;;;;;;;;;;;;;;;
Autopercepción de buen estado de salud  (% respuesta muy buena + buena);72,3%;;68,9%;;;;;;;;;;;;;;;;;;;
Autopercepción de buen estado de salud HOMBRES ;77,4%;;;;;;;;;;;;;;;;;;;;;
Autopercepción de buen estado de salud MUJERES ;68,0%;;;;;;;;;;;;;;;;;;;;;
Calidad de vida relacionada con la salud (CVRS) ;20,2%;;20,4%;;;;;;;;;;;;;;;;;;;
Calidad de vida relacionada con la salud (CVRS) HOMBRES;19,0%;;;;;;;;;;;;;;;;;;;;;
Calidad de vida relacionada con la salud (CVRS) MUJERES;21,1%;;;;;;;;;;;;;;;;;;;;;
Presencia de enfermedad crónica ;39,8%;;39,7%;;;;;;;;;;;;;;;;;;;
Presencia de enfermedad crónica HOMBRES ;36,6%;;;;;;;;;;;;;;;;;;;;;
Presencia de enfermedad crónica MUJERES;42,4%;;;;;;;;;;;;;;;;;;;;;
Hipertensión arterial;18,8%;;18,5%;;;;;;;;;;;;;;;;;;;
Hipertensión arterial HOMBRES;19,7%;;;;;;;;;;;;;;;;;;;;;
Hipertensión arterial MUJERES;18,1%;;;;;;;;;;;;;;;;;;;;;
Diabetes Mellitus;6,0%;;6,5%;;;;;;;;;;;;;;;;;;;
Diabetes Mellitus HOMBRES;6,9%;;;;;;;;;;;;;;;;;;;;;
Diabetes Mellitus MUJERES;5,3%;;;;;;;;;;;;;;;;;;;;;
Personas con obesidad ;12,2%;;15,9%;;;;;;;;;;;;;;;;;;;
Personas con obesidad HOMBRES ;13,3%;;;;;;;;;;;;;;;;;;;;;
Personas con obesidad MUJERES;11,2%;;;;;;;;;;;;;;;;;;;;;
Personas con sobrepeso;33,5%;;35,2%;;;;;;;;;;;;;;;;;;;
Personas con sobrepeso HOMBRES;41,1%;;;;;;;;;;;;;;;;;;;;;
Personas con sobrepeso MUJERES;27,0%;;;;;;;;;;;;;;;;;;;;;
Personas mayores de 65 años con alguna dependencia funcional;32,4%;;35,8%;;;;;;;;;;;;;;;;;;;
Alguna dependencia funcional HOMBRES ;39,1%;;;;;;;;;;;;;;;;;;;;;
Alguna dependencia funcional MUJERES;48,6%;;;;;;;;;;;;;;;;;;;;;
Probabilidad de padecer enfermedad mental (GHQ-12);21,1%;;22,1%;;;;;;;;;;;;;;;;;;;
Probabilidad de padecer enfermedad mental (GHQ-12) HOMBRES;16,6%;;;;;;;;;;;;;;;;;;;;;
Probabilidad de padecer enfermedad (GHQ-12) MUJERES;24,9%;;;;;;;;;;;;;;;;;;;;;
Prevalencia de obesidad en la población infantil (2017. Estudio Madrid Salud. UCM);15,8%;;21,0%;;;;;;;;;;;;;;;;;;;
1.6.3. Discapacidad reconocida (31/12/2018);;;;;;;;;;;;;;;;;;;;;;
Nº de personas con grado de discapacidad reconocido;6,1%;200.604;8,4%;16.756;;;;;;;;;;;;;;;;;;
Hombres;48,0%;96.322;48,2%;8.078;;;;;;;;;;;;;;;;;;
Mujeres;52,0%;104.282;51,8%;8.678;;;;;;;;;;;;;;;;;;
Mujeres por cada 100 hombres (Feminización de la discapacidad reconocida);;108,3;;107,43;;;;;;;;;;;;;;;;;;
1.7. CALIDAD DE VIDA  (2019.  Encuesta, más de 16 años);;;;;;;;;;;;;;;;;;;;;;
1.7.1. Calidad de vida y agenda pública (indicador sintético 0-100);;;;;;;;;;;;;;;;;;;;;;
Satisfacción de vivir en su barrio ;;72,0;;68,4;;;;;;;;;;;;;;;;;;
Calidad de vida actual en su barrio ;;71,3;;66,2;;;;;;;;;;;;;;;;;;
Convivencia vecinal;;69,5;;68,8;;;;;;;;;;;;;;;;;;
1.7.2. Satisfacción con los servicios públicos (escala 0-10);;;;;;;;;;;;;;;;;;;;;;
Espacios verdes;;6,9;;7,0;;;;;;;;;;;;;;;;;;
Parques infantiles ;;6,4;;6,3;;;;;;;;;;;;;;;;;;
Centros culturales;;7,0;;7,0;;;;;;;;;;;;;;;;;;
Organización de fiestas y eventos populares;;6,7;;6,7;;;;;;;;;;;;;;;;;;
Instalaciones deportivas;;6,7;;6,8;;;;;;;;;;;;;;;;;;
Servicios sociales municipales;;6,5;;6,7;;;;;;;;;;;;;;;;;;
Desigualdad en las dotaciones de los barrios (% respuesta muy alta + alta);78,4%;;87,1%;;;;;;;;;;;;;;;;;;;
1.7.3. Principales problemas de la ciudadanía (% personas encuestadas);;;;;;;;;;;;;;;;;;;;;;
1º. Limpieza;29,1%;;32,4%;;;;;;;;;;;;;;;;;;;
2º. Contaminación del aire;18,7%;;24,3%;;;;;;;;;;;;;;;;;;;
3º. Tráfico / atascos;11,8%;;59,0%;;;;;;;;;;;;;;;;;;;
1.7.4. Percepción de seguridad (indicador sintético 0-100);;;;;;;;;;;;;;;;;;;;;;
Percepción de seguridad en Madrid;;67,6;;66,5;;;;;;;;;;;;;;;;;;
Percepción de seguridad en el barrio por el día;;76,0;;71,3;;;;;;;;;;;;;;;;;;
Percepción de seguridad en el barrio por la noche;;60,2;;49,1;;;;;;;;;;;;;;;;;;
1.7.5. Problemas que afectan a la seguridad en los espacios públicos del distrito (escala 0-10);;;;;;;;;;;;;;;;;;;;;;
1º Excrementos animales domésticos;;6,6;;7,7;;;;;;;;;;;;;;;;;;
2º Grafitis;;4,1;;5,7;;;;;;;;;;;;;;;;;;
3º Personas orinando en la calle;;4,0;;5,3;;;;;;;;;;;;;;;;;;
1.7.6. Administración de la ciudad de Madrid (% de respuesta);;;;;;;;;;;;;;;;;;;;;;
Medio de información de la actividad del Ayuntamiento: REDES SOCIALES;20,9%;;36,6%;;;;;;;;;;;;;;;;;;;
Preferencia de contacto con el Ayuntamiento: EN PERSONA;46,0%;;49,5%;;;;;;;;;;;;;;;;;;;
Percepción sobre la administración del Ayto. en los últimos 5 años: HA MEJORADO;38,6%;;44,3%;;;;;;;;;;;;;;;;;;;
Percepción sobre la administración del Ayto. en los últimos 5 años: HA EMPEORADO;16,6%;;17,6%;;;;;;;;;;;;;;;;;;;
1.7.7. Amigabilidad de la ciudad de Madrid (% respuesta mucho + bastante);;;;;;;;;;;;;;;;;;;;;;
Madrid ciudad amigable con las personas lesbianas, gays, transexuales y bisexuales;76,9%;;75,7%;;;;;;;;;;;;;;;;;;;
1.8. INDICADORES DE VULNERABILIDAD;;;;;;;;;;;;;;;;;;;;;;
1.8.1. Índice de vulnerabilidad territorial (2019);;;;;;;;;;;;;;;;;;;;;;
Índice de vulnerabilidad territorial;;;;0,0098;;0,0096;;0,0097;;0,0103;;0,0099;;0,0102;;0,0090;;0,0098;;;;
Posición en el ranking de distritos y/o barrios de vulnerabilidad territorial;;;;18;;23;;21;;9;;14;;11;;32;;16;;;;
1.8.2. Tasa de riesgo de pobreza o exclusión social. Indicador AROPE (2018. Encuesta de Condiciones de Vida);;;;;;;;;;;;;;;;;;;;;;
Tasa de riesgo de pobreza o exclusión social;25,5%;;;;;;;;;;;;;;;;;;;;;
Tasa de riesgo de pobreza o exclusión social HOMBRES;24,0%;;;;;;;;;;;;;;;;;;;;;
Tasa de riesgo de pobreza o exclusión social MUJERES;26,7%;;;;;;;;;;;;;;;;;;;;;
Tasa de riesgo de pobreza o exclusión social N. ESPAÑOLA (>16 años);21,9%;;;;;;;;;;;;;;;;;;;;;
Tasa de riesgo de pobreza o exclusión social N. EXTRANJERA UNIÓN EUROPEA (>16 años);14,4%;;;;;;;;;;;;;;;;;;;;;
Tasa de riesgo de pobreza o exclusión social N. EXTRANJERA RESTO DEL MUNDO (>16 años);66,1%;;;;;;;;;;;;;;;;;;;;;
1.8.3. Tasa de riesgo de pobreza de los hogares (2016. Estudio de Necesidades Sociales. Hogares);;;;;;;;;;;;;;;;;;;;;;
Pareja o matrimonio con hijos;;35,7%;;;;;;;;;;;;;;;;;;;;
Hogar formado por madre con hijos a cargo;;41,1%;;;;;;;;;;;;;;;;;;;;
Nacido en España;;26,4%;;;;;;;;;;;;;;;;;;;;
Nacido en un país fuera de la Unión Europea;;39,2%;;;;;;;;;;;;;;;;;;;;
1.8.4. Situación económica de los hogares (2016. Estudio de Necesidades Sociales. Hogares);;;;;;;;;;;;;;;;;;;;;;
Dificultad para llegar a fin de mes (% respuesta mucha dificultad + dificultad);;20,0%;;;;;;;;;;;;;;;;;;;;
Imposibilidad de hacer frente a un gasto imprevisto de 650€;;38,7%;;;;;;;;;;;;;;;;;;;;
Dificultad para hacer frente a los gastos derivados del suministro energético;;9,5%;;;;;;;;;;;;;;;;;;;;
Entrevistados que han acudido a Servicios Sociales Municipales para solicitar atención social;;10,0%;;;;;;;;;;;;;;;;;;;;
1.9. SERVICIOS SOCIALES;;;;;;;;;;;;;;;;;;;;;;
1.9.1. Población en general (2019);;;;;;;;;;;;;;;;;;;;;;
Personas atendidas en la Unidad de Primera Atención en Centros de Servicios Sociales;;94.210 ;7,7%;7.276;;;;;;;;;;;;;;;;;;
Solicitudes tramitadas de Renta Mínima de Inserción;;5.474 ;10,8%;589;;;;;;;;;;;;;;;;;;
Perceptores de prestación de la Renta Mínima de Inserción;;17.877 ;11,3%;2.027;;;;;;;;;;;;;;;;;;
Beneficiarios de prestaciones sociales de carácter económico;;13.316 ;9,9%;1.315;;;;;;;;;;;;;;;;;;
Total prestaciones sociales de carácter económico (€);;7.698.372 €;9,2%;710.151;;;;;;;;;;;;;;;;;;
1.9.2. Personas Mayores (2019);;;;;;;;;;;;;;;;;;;;;;
Personas con Servicio de Ayuda a Domicilio (modalidad auxiliar de hogar);;80.375 ;10,9%;8.795;;;;;;;;;;;;;;;;;;
Hombres;;19.939 ;11,6%;2.304;;;;;;;;;;;;;;;;;;
Mujeres;;60.436 ;10,7%;6.491;;;;;;;;;;;;;;;;;;
Personas socias de los Centros Municipales de Mayores;;343.009 ;7,1%;24.305;;;;;;;;;;;;;;;;;;
Hombres;;128.807 ;7,3%;9.404;;;;;;;;;;;;;;;;;;
Mujeres ;;214.202 ;7,0%;14.901;;;;;;;;;;;;;;;;;;
1.9.3. Menores y Familia (2019);;;;;;;;;;;;;;;;;;;;;;
Familias atendidas por el Equipo de Trabajo con Menores y Familia (ETMF);;6.467;12,1%;782;;;;;;;;;;;;;;;;;;
Demandas de intervención en los Centros de Atención a la Infancia (CAI);;2.285;10,8%;247;;;;;;;;;;;;;;;;;;
Menores atendidos por el Servicio de Ayuda a domicilio a Menores y Familias (SAD) ;;1.356;8,9%;121;;;;;;;;;;;;;;;;;;
1.10. VIVIENDA;;;;;;;;;;;;;;;;;;;;;;
1.10.1. Estado de las viviendas;;;;;;;;;;;;;;;;;;;;;;
Nº Total de viviendas (Censo Edificios y Viviendas 2011);100,0%;1.530.955 ;100%;115.270;;;;;;;;;;;;;;;;;;
Viviendas anteriores a 1980;69,4%;1.061.825;70,6%;81.365;;;;;;;;;;;;;;;;;;
Estado ruinoso;0,2%;3.445;0,1%;125;;;;;;;;;;;;;;;;;;
Estado malo;0,8%;12.705;0,9%;1.035;;;;;;;;;;;;;;;;;;
Estado deficiente;4,4%;66.775;5,3%;6.090;;;;;;;;;;;;;;;;;;
Estado bueno;92,8%;1.420.265;90,1%;103.880;;;;;;;;;;;;;;;;;;
No consta;1,8%;27.770;3,6%;4.135;;;;;;;;;;;;;;;;;;
Valor catastral medio de los bienes inmuebles: personas físicas (2019) en miles de €;;90,9 €;58,0%;52,8;111%;58,7;102%;53,9;95%;50,4;101%;53,4;95%;50,2;102%;53,6;97%;51,0;;;;
Valor catastral medio de los bienes inmuebles: personas jurídicas (2019) en miles de €;;368,6 €;38,6%;142,2;82%;116,2;77%;109,8;61%;86,2;122%;174,1;101%;143,1;150%;213,3;123%;175,5;;;;
Superficie media de la vivienda (m2) en transacción (2019);;83,4;80,4%;67,07;97,0%;65,06;95%;63,46;100,9%;67,69;96,8%;64,92;93,0%;62,40;111,2%;74,58;104,6%;70,14;;;;
Duración media del crédito (meses) en transacción de vivienda (2019);;257;86,4%;222;142,3%;316;139,6%;310;136,0%;302;140,5%;312;149,1%;331;58,1%;129;144,1%;320;;;;
1.10.2. Tipología de las viviendas ;;;;;;;;;;;;;;;;;;;;;;
Nº Total de viviendas familiares (Censo Edificios y Viviendas 2011);100%;1.378.931;100,0%;98.360;100,0%;11.477;100,0%;14.827;100,0%;17.187;100,0%;19.946;100,0%;13.812;100,0%;9.757;100,0%;11.354;1;4921;;
Principal;78,3%;1.080.306;80,1%;78.811;79,2%;9.090;79,8%;11.832;79,0%;13.570;82,4%;16.433;79,3%;10.959;84,0%;8.200;76,9%;8.727;0,83844747;4126;;
Secundaria;7,7%;106.192;6,0%;5.866;5,3%;611;5,1%;754;8,2%;1.415;5,9%;1.182;5,3%;727;4,4%;432;6,6%;745;0,04450315;219;;
Desocupada;12,9%;178.377;13,3%;13.077;15,2%;1.742;14,8%;2.187;12,0%;2.070;11,3%;2.255;13,4%;1.848;11,4%;1.109;16,4%;1.866;0,114407641;563;;
Otro tipo;1,0%;13.998;0,6%;606;0,3%;34;0,4%;54;0,8%;132;0,4%;76;2,0%;278;0,2%;16;0,1%;16;0,002641739;13;;
1.10.3. Lanzamientos judiciales (Consejo General del Poder Judicial);;;;;;;;;;;;;;;;;;;;;;
Lanzamientos judiciales practicados (2013);100%;5.020 ;;;;;;;;;;;;;;;;;;;;
Como consecuencia de ejecuciones hipotecarias;30%;1.501;;;;;;;;;;;;;;;;;;;;
Como consecuencia de la Ley de Arrendamientos Urbanos;62%;3.137;;;;;;;;;;;;;;;;;;;;
Lanzamientos judiciales practicados (2019);100,0%;2.832 ;;;;;;;;;;;;;;;;;;;;
Como consecuencia de ejecuciones hipotecarias;12,7%;360;;;;;;;;;;;;;;;;;;;;
Como consecuencia de la Ley de Arrendamientos Urbanos;84,2%;2.384;;;;;;;;;;;;;;;;;;;;
1.11. MEDIO AMBIENTE Y RESIDUOS;;;;;;;;;;;;;;;;;;;;;;
1.11.1. Contaminantes del aire (2018);;;;;;;;;;;;;;;;;;;;;;
Partículas suspensión PM2.5 (µgr/m3) -Valor límite: 25 µgr/m3-;;10,3;;;;;;;;;;;;;;;;;;;;
Partículas suspensión PM10 (µgr/m3) -Valor límite: 40 µgr/m3-;;18,5;;;;;;;;;;;;;;;;;;;;
Dióxido de azufre - SO2 (µgr/m3) -Valor límite: 125 µgr/m3-;;6,0;;;;;;;;;;;;;;;;;;;;
Monóxido de carbono - CO (mg/m3) -Valor límite: 10 µgr/m3-;;0,3;;;;;;;;;;;;;;;;;;;;
Ozono - O3 (µgr/m3) -Valor límite: 120 µgr/m3-;;51,0;;;;;;;;;;;;;;;;;;;;
Dióxido de nitrógeno - NO2 (µgr/m3) -Valor límite: 40 µgr/m3-;;37,0;;;;;;;;;;;;;;;;;;;;
Temperatura media anual (ºC);;15,2;;;;;;;;;;;;;;;;;;;;
Protocolo de contaminación: nº de episodios (2019);;3;;;;;;;;;;;;;;;;;;;;
"Protocolo de contaminación: nº de días ""Escenario 1"" (2019)";;12;;;;;;;;;;;;;;;;;;;;
1.11.2. Recogida domiciliaria de resíduos sólidos: envases y resto (2018);;;;;;;;;;;;;;;;;;;;;;
kg/habitante/año;;372;;372;;;;;;;;;;;;;;;;;;
kg/habitante/día;;1,019;;1,019;;;;;;;;;;;;;;;;;;
1.12. SEGURIDAD;;;;;;;;;;;;;;;;;;;;;;
Intervenciones de la Policía Municipal en materia de seguridad (2019);;;;;;;;;;;;;;;;;;;;;;
Relacionadas con las personas;;5.455;6,9%;376;;;;;;;;;;;;;;;;;;
Relacionadas con la tenencia de armas;;1.362;3,6%;49;;;;;;;;;;;;;;;;;;
Relacionadas con el patrimonio;;6.984;4,2%;296;;;;;;;;;;;;;;;;;;
Relacionadas con la tenencia y consumo de drogas;;7.668;4,5%;345;;;;;;;;;;;;;;;;;;
Expedientes instruidos por Agentes Tutores;;557;18,0%;100;;;;;;;;;;;;;;;;;;
Atestados/partes de accidentes de tráfico confeccionados;;21.791;6,2%;1.345;;;;;;;;;;;;;;;;;;
Detenidos e investigados de la Policía Municipal en materia de seguridad (2019);;;;;;;;;;;;;;;;;;;;;;
Total detenidos e investigados;100%;9.265;6,8%;630;;;;;;;;;;;;;;;;;;
Lesiones;4,7%;433;;;;;;;;;;;;;;;;;;;;
Violencia doméstica y de género;8,3%;773;;;;;;;;;;;;;;;;;;;;
Malos tratos a menores;1,1%;103;;;;;;;;;;;;;;;;;;;;
Abusos y agresiones sexuales;0,5%;49;;;;;;;;;;;;;;;;;;;;
Hurtos;12,9%;1.193;;;;;;;;;;;;;;;;;;;;
Robo con violencia e intimidación en personas;2,1%;198;;;;;;;;;;;;;;;;;;;;
Contra la salud pública;3,8%;356;;;;;;;;;;;;;;;;;;;;
Contra la seguridad vial;35,3%;3.275;;;;;;;;;;;;;;;;;;;;
1.13. RESULTADOS ELECCIONES LOCALES (2019);;;;;;;;;;;;;;;;;;;;;;
Censo electoral;100,0%;2.397.881;100%;172.660;100%;16.427;100%;22.927;100%;26.964;100%;31.345;100%;22.846;100,0%;31.833;100,0%;20.318;;;;
Abstención;31,8%;761.923;38,6%;66.656;36,6%;6.006;37,4%;8.564;41,4%;11.159;39,5%;12.394;42,9%;9.812;33,2%;10.554;40,2%;8.167;;;;
Votos en blanco;0,3%;6.945;0,3%;487;0,2%;39;0,2%;54;0,3%;69;0,3%;85;0,3%;72;0,4%;122;0,2%;46;;;;
Votos a candidaturas;68,2%;1.635.958;61,4%;106.004;63,4%;10.421;62,6%;14.363;58,6%;15.805;60,5%;18.951;57,1%;13.034;66,8%;21.279;59,8%;12.151;;;;
Más Madrid;21,1%;505.159;20,3%;35.119;21,3%;3.491;21,3%;4.890;20,1%;5.425;18,8%;5.884;17,7%;4.039;23,8%;7.577;18,8%;3.813;;;;
PP;16,5%;395.344;12,2%;21.098;14,2%;2.339;13,5%;3.101;11,3%;3.053;14,2%;4.465;10,9%;2.489;10,4%;3.300;11,6%;2.351;;;;
Ciudadanos;13,0%;312.536;10,2%;17.546;10,0%;1.649;10,0%;2.300;8,7%;2.354;9,2%;2.893;9,1%;2.085;13,3%;4.233;10,0%;2.032;;;;
PSOE;9,3%;224.074;10,9%;18.738;9,8%;1.613;10,3%;2.359;11,1%;2.983;10,5%;3.278;11,7%;2.676;10,8%;3.430;11,8%;2.399;;;;
VOX;5,2%;124.969;4,4%;7.674;4,6%;751;4,4%;1.006;3,9%;1.043;4,5%;1.405;4,2%;965;4,9%;1.555;4,7%;949;;;;
1.14. SERVICIOS Y EQUIPAMIENTOS MUNICIPALES;;;;;;;;;;;;;;;;;;;;;;
1.14.1. Servicios Sociales Municipales (2020);;;;;;;;;;;;;;;;;;;;;;
Centros de Servicios Sociales;;39;7,7%;3;;0;;1;;1;;1;;0;;0;;0;;;;
Centros Municipales de Mayores ;;90;5,6%;5;;0;;1;;1;;1;;0;;1;;1;;;;
Centros de Día de Alzheimer y Físicos;;97;11,3%;11;;1;;4;;1;;1;;2;;2;;0;;;;
Apartamentos Municipales para Mayores;;2;0,0%;0;;0;;0;;0;;0;;0;;0;;0;;;;
Residencias para personas Mayores ;;3;0,0%;0;;0;;0;;0;;0;;0;;0;;0;;;;
Centros de Apoyo a las Familias (CAF);;7;0,0%;0;;0;;0;;0;;0;;0;;0;;0;;;;
Centros de Atención a la Infancia (CAI);;13;7,7%;1;;0;;0;;1;;0;;0;;0;;0;;;;
Centro de Día de Atención a Niños y Niñas (de 3 a 12 años);;29;6,9%;2;;1;;0;;0;;0;;1;;0;;0;;;;
Espacios de Ocio para Adolescentes (El Enredadero);;6;0,0%;0;;0;;0;;0;;0;;0;;0;;0;;;;
Centros de Adolescentes y Jóvenes (ASPA) ;;8;12,5%;1;;0;;0;;0;;0;;0;;1;;0;;;;
Centros para personas sin hogar;;12;0,0%;0;;0;;0;;0;;0;;0;;0;;0;;;;
1.14.2. Género (2020);;;;;;;;;;;;;;;;;;;;;;
Espacios de Igualdad;;17;5,9%;1;;0;;0;;1;;0;;0;;0;;0;;;;
1.14.3. Salud (2020);;;;;;;;;;;;;;;;;;;;;;
Centros Municipales de Salud Comunitaria (CMSC);;16;6,3%;1;;0;;0;;0;;1;;0;;0;;0;;;;
Centros de Atención a las Adicciones (CAD y CCAD);;10;0,0%;0;;0;;0;;0;;0;;0;;0;;0;;;;
1.14.4. Cultura (2020);;;;;;;;;;;;;;;;;;;;;;
Nº de Bibliotecas Municipales;;34;5,9%;2;;0;;0;;1;;1;;0;;0;;0;;;;
Nº de Bibliotecas Comunidad Madrid;;16;6,3%;1;;0;;0;;0;;0;;1;;0;;0;;;;
Nº de Centros Culturales;;106;5,7%;6;;0;;2;;1;;0;;1;;2;;0;;;;
1.14.5. Deportes (2018);;;;;;;;;;;;;;;;;;;;;;
Centros deportivos Municipales;;72;2,8%;2;0,0%;0;0,0%;0;0,0%;0;50,0%;1;0,0%;0;50,0%;1;0,0%;0;;;;
Superficie deportiva m2 ;;2.074.404;1,7%;34.806;;;;;;;;;;;;;;;;;;
Instalaciones deportivas básicas;;481;7,7%;37;;;;;;;;;;;;;;;;;;
Acceso controlado ;;98;9,2%;9;;;;;;;;;;;;;;;;;;
Campos de fútbol 11;;22;4,5%;1;;0;;0;;1;;0;;0;;0;;0;;;;
Pista de atletismo ;;7;0,0%;0;;0;;0;;0;;0;;0;;0;;0;;;;
Piscinas cubiertas;;49;4,1%;2;;0;;0;;0;;1;;0;;1;;0;;;;
Piscinas de verano;;23;4,3%;1;;0;;0;;0;;1;;0;;0;;0;;;;
1.14.6. Zonas verdes (2019);;;;;;;;;;;;;;;;;;;;;;
Superficie de zonas verdes y Parques de distrito (Ha);;3.322,9;6,9%;230,9;;;;;;;;;;;;;;;;;;
Superficie de zonas verdes y Parques de distrito (Ha) / nº de Habitantes *10.000;;10,2;89,7%;9,1;;;;;;;;;;;;;;;;;;
Superficie Parques Históricos, Singulares y Forestales por distrito  ;;2.501,0;0,6%;14,5;;;;;;;;;;;;;;;;;;
Superficie Parques Históricos, Singulares y Forestales distrito / nº Habitantes *10.000;;7,7;7,5%;0,6;;;;;;;;;;;;;;;;;;
1.14.7. Educación (Curso académico 2019-2020);;;;;;;;;;;;;;;;;;;;;;
Escuelas Infantiles Municipales (2019);;56;3,6%;2;;0;;0;;0;;0;;0;;2;;0;;;;
Escuelas Infantiles Públicas CAM;;150;5,3%;8;;;;;;;;;;;;;;;;;;
Escuelas Infantiles Privadas;;419;7,2%;30;;;;;;;;;;;;;;;;;;
Colegios Públicos Infantil y Primaria (+ 3 centros con Secundaria);;247;7,3%;18;;;;;;;;;;;;;;;;;;
Institutos Públicos de Educación Secundaria;;112;7,1%;8;;;;;;;;;;;;;;;;;;
Colegios Privados Inf. o Pri. o Inf. y Pri.;;88;2,3%;2;;;;;;;;;;;;;;;;;;
Colegios Privados Inf., Pri. y Sec. o Pri. y Sec. ;;274;6,9%;19;;;;;;;;;;;;;;;;;;
1.14.8. Empresa y Comercio (2020);;;;;;;;;;;;;;;;;;;;;;
Mercados Municipales;;45;4,4%;2;;0;;1;;0;;1;;0;;0;;0;;;;
1.15. PARTICIPACIÓN CIUDADANA ;;;;;;;;;;;;;;;;;;;;;;
1.15.1. Entidades de participación ciudadana (2019) ;;;;;;;;;;;;;;;;;;;;;;
Asociaciones (Sección 1ª);;2.412;5,6%;136;8,1%;11;11,8%;16;24,3%;33;11,8%;16;11,8%;16;16,2%;22;16,2%;22;;;;
Nº de asociaciones culturales y casas regionales;;489;6,3%;31;16,1%;5;9,7%;3;22,6%;7;6,5%;2;3,2%;1;16,1%;5;25,8%;8;;;;
Nº de asociaciones de mujeres;;75;10,7%;8;12,5%;1;37,5%;3;37,5%;3;0,0%;0;0,0%;0;12,5%;1;0,0%;0;;;;
Nº de asociaciones de vecinos;;221;5,9%;13;7,7%;1;0,0%;0;30,8%;4;23,1%;3;15,4%;2;15,4%;2;7,7%;1;;;;
Fundaciones (Sección 2ª);;24;0,0%;0;0,0%;0;0,0%;0;0,0%;0;0,0%;0;0,0%;0;0,0%;0;0,0%;0;;;;
;;;;;;;;;;;;;;;;;;;;;;
;;;;;;;;;;;;;;;;;;;;;;
1.16. PRESUPUESTO 2020; En base al Acuerdo de 23 de diciembre de 2019 del Pleno del Ayuntamiento de Madrid. Publicación: BOAM Nùm. 8.551, 30 de diciembre de 2019. ;;;;;;;;;;;;;;;;;;;;;
PROGRAMA;;CAPÍTULOS;;;;;;;;;;;;;;;;;;;;
;;1;;2;;3;;4;;5;;6;;7;;TOTAL;;;;;;
OTRAS ACTUACIONES EN VÍAS PÚBLICAS;153.22;;;60.000 €;;;;;;;;;;;;60.000 €;;;;;;
FAMILIA E INFANCIA;231.02;;;729.973 €;;;;525.000 €;;;;;;45.000 €;;1.299.973 €;;;;;;
PERSONAS MAYORES Y SERVICIOS SOCIALES;231.03;;;18.340.620 €;;;;70.000 €;;;;;;50.000 €;;18.460.620 €;;;;;;
INTEGRACIÓN COMUNITARIA Y EMERGENCIA SOCIAL;231.06;3.481.062 €;;116.900 €;;;;185.000 €;;;;;;40.000 €;;3.822.962 €;;;;;;
SALUBRIDAD PÚBLICA;311.01;577.978 €;;4.000 €;;;;;;;;;;;;581.978 €;;;;;;
CENTROS DOCENTES ENSEÑANZA INFANTIL Y PRIMARIA;323.01;;;4.625.330 €;;;;;;;;;;;;4.625.330 €;;;;;;
ABSENTISMO;325.01;;;50.000 €;;;;;;;;;;;;50.000 €;;;;;;
SERVICIOS COMPLEMENTARIOS EDUCACIÓN;326.01;;;614.000 €;;;;;;;;;;;;614.000 €;;;;;;
ACTIVIDADES CULTURALES;334.01;622.654 €;;1.378.360 €;;;;25.000 €;;;;;;;;2.026.014 €;;;;;;
ACTUACIONES DEPORTIVAS EN DISTRITOS;341.01;;;260.500 €;;;;;;;;;;;;260.500 €;;;;;;
INSTALACIONES DEPORTIVAS;342.01;2.669.903 €;;3.428.696 €;;;;;;;;280.000 €;;;;6.378.599 €;;;;;;
CONSUMO;493.00;271.923 €;;700 €;;;;;;;;;;;;272.623 €;;;;;;
CONCEJALÍA-PRESIDENCIA DEL DISTRITO;912.2;239.395 €;;1.000 €;;;;;;;;;;;;240.395 €;;;;;;
DIREC. Y GESTIÓN ADMTVA. DEL DISTRITO;920.01;5.159.590 €;;882.311 €;;;;;;;;;;;;6.041.901 €;;;;;;
PARTICIPACIÓN CIUDADANA Y VOLUNTARIADO;924.01;;;;;;;95.000 €;;;;;;5.000 €;;100.000 €;;;;;;
CRÉDITOS GLOBALES;929.01;;;;;;;;;700.000 €;;;;;;;;;;;;
EDIFICIOS;933.02;;;2.891.552 €;;;;;;;;644.000 €;;;;3.535.552 €;;;;;;
CENTRO 001;;13.022.505 €;;33.383.942 €;;0 €;;900.000 €;;700.000 €;;924.000 €;;140.000 €;;49.070.447 €;;;;;;
SECCIÓN 211;;13.022.505 €;;33.383.942 €;;0 €;;900.000 €;;700.000 €;;924.000 €;;140.000 €;;48.370.447 €;;;;;;
;;;;;;;;;;;;;;;;;;;;;;
;;;;;;;;;;;;;;;;;;;;;;
;;;;;;;;;;;;;;;;;;;;;;
;;;;;;;;;;;;;;;;;;;;;;
;;;;;;;;;;;;;;;;;;;;;;
;;;;;;;;;;;;;;;;;;;;;;
;;;;;;;;;;;;;;;;;;;;;;
;;;;;;;;;;;;;;;;;;;;;;
;;;;;;;;;;;;;;;;;;;;;;
;;;;;;;;;;;;;;;;;;;;;;
;;;;;;;;;;;;;;;;;;;;;;
;;;;;;;;;;;;;;;;;;;;;;
;;;;;;;;;;;;;;;;;;;;;;
;;;;;;;;;;;;;;;;;;;;;;
;;;;;;;;;;;;;;;;;;;;;;
;;;;;;;;;;;;;;;;;;;;;;
;;;;;;;;;;;;;;;;;;;;;;
