13. PUENTE DE VALLECAS. INFORMACIÓN DE DISTRITO Y BARRIOS;;;;;;;;;;;;;;;;
 ;CIUDAD;;PUENTE DE VALLECAS;;Entrevías;;San Diego;;Palomeras Bajas;;Palomeras Sureste;;Portazgo;;Numancia;
1.1 CARACTERÍSTICAS GENERALES DEL DISTRITO-BARRIO;;;;;;;;;;;;;;;;
Superficie (Ha.) ;;60.445,52;1.496,86;;597,19;;106,99;;172,39;;310,86;;124,53;;184,91;
Densidad (hab./Ha.) ;;53,30;153,98;;56,91;;376,37;;230,12;;135,50;;224,11;;251,68;
1.2. LA POBLACIÓN DEL DISTRITO;;;;;;;;;;;;;;;;
1.2.1. Estructura de la población (01/01/2018);;;;;;;;;;;;;;;;
Sexo de la población;100%;3.221.824;7,2%;230.488;14,7%;33.986;17,5%;40.267;17,2%;39.669;18,3%;42.120;12,1%;27.908;20,2%;46.538
Hombres;46,6%;1.500.340;47,3%;109.044;48,0%;16.314;47,3%;19.037;46,9%;18.614;47,8%;20.115;46,7%;13.033;47,1%;21.931
Mujeres;53,4%;1.721.484;52,7%;121.444;52,0%;17.672;52,7%;21.230;53,1%;21.055;52,2%;22.005;53,3%;14.875;52,9%;24.607
Edad media de la población;;44,12;;43,38;;43,99;;41,25;;43,20;;43,68;;45,07;;43,68
De 0 a 14 años;13,5%;435.302;13,2%;30.368;13,7%;4.654;14,2%;5.725;12,6%;4.981;13,2%;5.568;12,9%;3.592;12,6%;5.848
De 15 a 29;15,3%;492.310;17,2%;39.749;16,8%;5.725;17,8%;7.157;19,0%;7.542;17,1%;7.192;15,6%;4.355;16,7%;7.778
De 30 a 44;23,1%;745.852;22,1%;51.052;20,7%;7.043;25,8%;10.394;18,8%;7.469;21,3%;8.967;22,1%;6.165;23,7%;11.014
De 45 a 64;27,7%;891.569;29,2%;67.352;28,8%;9.775;27,2%;10.972;33,2%;13.176;30,0%;12.617;27,4%;7.647;28,3%;13.165
De 65 a 79;13,0%;419.069;11,0%;25.337;11,6%;3.950;8,8%;3.533;9,9%;3.946;11,4%;4.805;13,3%;3.700;11,6%;5.403
De 80 y + ;7,4%;237.722;7,2%;16.630;8,4%;2.839;6,2%;2.486;6,4%;2.555;7,1%;2.971;8,8%;2.449;7,2%;3.330
De 65 y +;20,4%;656.791;18,2%;41.967;20,0%;6.789;14,9%;6.019;16,4%;6.501;18,5%;7.776;22,0%;6.149;18,8%;8.733
Población en etapa educativa (De 3 a 16 años -16 no incluidos-);11,7%;375.923;11,5%;26.426;11,9%;4.059;11,9%;4.790;11,6%;4.584;11,6%;4.866;11,2%;3.116;10,8%;5.011
Proporción de juventud (Población de 0-15 años/Población total);14,4%;;14,1%;;14,6%;;15,0%;;13,7%;;14,1%;;13,7%;;13,4%;
Proporción de envejecimiento (Población > 65 años/Población total);20,4%;;18,2%;;20,0%;;14,9%;;16,4%;;18,5%;;22,0%;;18,8%;
Proporción de sobreenvejecimiento (Población > 80 años/Población >65 años);36,2%;;39,6%;;41,8%;;41,3%;;39,3%;;38,2%;;39,8%;;38,1%;
Índice de envejecimiento activo (2017);;37,0;;;;;;;;;;;;;;
Hombres;;38,6;;;;;;;;;;;;;;
Mujeres;;35,8;;;;;;;;;;;;;;
Proporción de dependencia (Población de 0-15 + población 65 y + / Pob. 16-64) ;53,3%;;47,7%;;52,8%;;42,8%;;43,0%;;48,3%;;55,7%;;47,4%;
Personas con nacionalidad española;86,9%;2.799.105;83,8%;193.074;86,1%;29.265;73,7%;29.666;87,4%;34.658;89,5%;37.686;87,0%;24.273;80,6%;37.526
Personas con nacionalidad española HOMBRES;46,6%;1.304.453;47,2%;91.131;47,9%;14.006;46,9%;13.926;46,8%;16.215;47,8%;18.010;46,8%;11.348;47,0%;17.626
Personas con nacionalidad española MUJERES;53,4%;1.494.652;52,8%;101.943;52,1%;15.259;53,1%;15.740;53,2%;18.443;52,2%;19.676;53,2%;12.925;53,0%;19.900
Personas con nacionalidad extranjera;13,1%;422.700;16,2%;37.413;13,9%;4.721;26,3%;10.600;12,6%;5.011;10,5%;4.434;13,0%;3.635;19,4%;9.012
Personas con nacionalidad extranjera HOMBRES;46,3%;195.876;47,9%;17.912;48,9%;2.308;48,2%;5.110;47,9%;2.399;47,5%;2.105;46,4%;1.685;47,8%;4.305
Personas con nacionalidad extranjera MUJERES;53,7%;226.824;52,1%;19.501;51,1%;2.413;51,8%;5.490;52,1%;2.612;52,5%;2.329;53,6%;1.950;52,2%;4.707
Proporción de inmigrantes (Extranjeros menos UE y resto países de OCDE / Población total);9,0%;;12,7%;;10,3%;;22,0%;;9,7%;;7,4%;;9,8%;;15,3%;
1ª Nacionalidad Extranjera en el Distrito: RUMANIA (proporción respecto total extranjeros);10,8%;45.718;12,9%;4.825;18,5%;874;8,8%;937;12,8%;639;17,7%;785;16,8%;612;10,9%;978
2ª Nacionalidad Extranjera en el Distrito: CHINA (proporción respecto total extranjeros);8,8%;37.031;9,5%;3.559;5,1%;241;9,9%;1.049;13,2%;659;7,8%;344;10,6%;384;9,8%;882
1.2.2. Estructura de los hogares (01-01-2018);;;;;;;;;;;;;;;;
Nº total de hogares;100%;1.278.258;6,9%;87.721;14,4%;12.621;17,8%;15.589;17,0%;14.923;18,1%;15.908;12,2%;10.702;20,5%;17.978
Tamaño medio del hogar;;2,52;;2,63;;2,69;;2,58;;2,66;;2,65;;2,61;;2,59
Hogares con una mujer sola >65 años;9,8%;124.815;9,6%;8.390;10,4%;1.314;9,1%;1.422;8,4%;1.257;8,9%;1.419;11,4%;1.215;9,8%;1.763
Hogares con un hombre solo >65 años;2,8%;35.963;2,7%;2.394;2,7%;339;2,8%;435;2,4%;360;2,7%;435;2,9%;312;2,9%;513
Hogares monoparentales: una mujer adulta con uno o más menores;2,1%;27.460;2,4%;2.063;2,1%;271;2,6%;412;2,2%;335;2,3%;370;2,4%;256;2,3%;419
Hogares monoparentales: un hombre adulto con uno o más menores;0,4%;5.488;0,3%;252;0,3%;41;0,3%;51;0,3%;43;0,3%;50;0,3%;28;0,2%;39
1.2.3. Dinámica demográfica;;;;;;;;;;;;;;;;
Tasa bruta de natalidad 2017 (‰);;9,00;;8,94;;8,32;;11,50;;7,44;;8,96;;8,42;;8,74
Tasa de crecimiento demográfico 2017 (‰);;1,24;;1,26;;1,32;;2,69;;0,86;;0,30;;0,91;;1,42
Esperanza de vida al nacer MUJERES (mortalidad del periodo 2009-2012);;85,9;;85,1;;84,1;;85,4;;85,8;;85,2;;84,5;;85,4
Esperanza de vida al nacer HOMBRES (mortalidad del periodo 2009-2012);;79,9;;78,4;;75,9;;78,4;;79,3;;79,1;;77,6;;79,7
Esperanza de vida al nacer MUJERES (2017);;87,1;;86,6;;;;;;;;;;;;
Esperanza de vida al nacer HOMBRES (2017);;82,0;;79,6;;;;;;;;;;;;
Esperanza de vida > 65 años MUJERES (2017);;24,3;;24,2;;;;;;;;;;;;
Esperanza de vida > 65 años HOMBRES (2017);;20,3;;19,1;;;;;;;;;;;;
1.2.4. Mujeres y hombres;;;;;;;;;;;;;;;;
Índice de desigualdad de género (2017);;0,816;;;;;;;;;;;;;;
Índice de desigualdad de género (2007);;0,738;;;;;;;;;;;;;;
1.3. INDICADORES ECONÓMICOS ;;;;;;;;;;;;;;;;
Renta neta media anual de los hogares (Urban Audit). 2015;;38.534,6 €;64%;24.688,1 €;89%;22.055,1 €;86%;21.224,8 €;116%;28.754,3 €;108%;26.632,1 €;97%;23.824,7 €;101%;24.872,5 €
Renta disponible Bruta Per Cápita 2014(a);;21.145,9 €;;15.930,9 €;;;;;;;;;;;;
Crecimiento/decrecimiento Renta Bruta Per Cápita 2014(a)-2008;-0,2%;-40,4 €;-4,0%;-667,4 €;;;;;;;;;;;;
Pensión media mensual del Distrito HOMBRES (2015);;1.376,2 €;;1.124,2 €;;;;;;;;;;;;
Pensión media mensual del Distrito MUJERES (2015);;858,8 €;;671,0 €;;;;;;;;;;;;
1.4. INDICADORES DE DESEMPLEO;;;;;;;;;;;;;;;;
Tasa de actividad global ciudad de Madrid (EPA. 3º trimestre 2018);61,2%;;;;;;;;;;;;;;;
Hombres ;66,4%;;;;;;;;;;;;;;;
Mujeres;56,8%;;;;;;;;;;;;;;;
Número de parados ciudad de Madrid (EPA. 3º trimestre 2018) (miles);;200,1;;;;;;;;;;;;;;
Hombres (miles);;97,3;;;;;;;;;;;;;;
Mujeres (miles);;102,8;;;;;;;;;;;;;;
Paro registrado (nº de personas registradas en SEPE en agosto 2018);;167.871;10,7%;17.980;16,8%;3.014;17,7%;3.178;14,9%;2.678;17,1%;3.068;12,1%;2.181;19,7%;3.539
Tasa absoluta de paro registrado (agosto 2018);7,9%;;11,3%;;13,6%;;11,2%;;9,7%;;10,9%;;12,2%;;11,3%;
Tasa absoluta de paro registrado MUJERES;8,6%;;12,2%;;14,2%;;11,7%;;10,7%;;12,2%;;13,3%;;12,1%;
De 16 a 24 años;4,6%;;8,7%;;11,3%;;7,9%;;6,2%;;9,4%;;10,3%;;8,5%;
De 25 a 44 años;8,3%;;12,5%;;15,5%;;11,2%;;11,2%;;12,4%;;13,4%;;12,2%;
De 45 a 64 años;10,1%;;13,1%;;13,9%;;13,7%;;11,7%;;12,7%;;14,1%;;13,2%;
Tasa absoluta de paro registrado HOMBRES ;7,1%;;10,4%;;13,0%;;10,6%;;8,7%;;9,5%;;11,0%;;10,4%;
De 16 a 24 años;4,5%;;8,3%;;10,7%;;7,4%;;6,6%;;8,6%;;8,8%;;8,5%;
De 25 a 44 años;6,1%;;9,1%;;11,2%;;8,3%;;8,6%;;8,3%;;9,6%;;8,9%;
De 45 a 64 años;9,1%;;12,6%;;15,5%;;14,6%;;9,5%;;11,0%;;13,4%;;12,6%;
Parados de larga duración (agosto 2018);41,0%;68.898;44,0%;7.918;;;;;;;;;;;;
Hombres;40,4%;27.816;41,8%;3.306;;;;;;;;;;;;
Mujeres ;59,6%;41.082;58,2%;4.612;;;;;;;;;;;;
Parados que SÍ perciben prestaciones (agosto 2018);37,3%;62.541;31,7%;5.696;;;;;;;;;;;;
Hombres;47,0%;29.412;50,1%;2.853;;;;;;;;;;;;
Mujeres ;53,0%;33.129;49,9%;2.843;;;;;;;;;;;;
Parados que NO perciben prestaciones (agosto 2018);62,7%;105.330;68,3%;12.284;;;;;;;;;;;;
Hombres;40,7%;42.906;42,1%;5.173;;;;;;;;;;;;
Mujeres ;59,3%;62.424;57,9%;7.111;;;;;;;;;;;;
1.5. EDUCACIÓN;;;;;;;;;;;;;;;;
1.5.1. Población en etapas educativas (01/01/2018);100,0%;463.011;100%;32.465;100%;4.962;100%;6.058;100%;5.432;100%;5.944;100%;3.831;100%;6.238
0 a 2 años;18,8%;87.088;18,6%;6.039;18,2%;903;20,9%;1.268;15,6%;848;18,1%;1.078;18,7%;715;19,7%;1.227
Infantil (3 a 5 años);18,7%;86.699;17,7%;5.735;17,2%;851;18,1%;1.095;16,3%;886;18,2%;1.079;18,0%;689;18,2%;1.135
Primaria (6 a 11 años);38,2%;176.730;38,1%;12.366;38,0%;1.886;37,9%;2.293;38,1%;2.071;38,5%;2.290;38,6%;1.477;37,7%;2.349
Secundaria (12 a 15 años);24,3%;112.494;25,6%;8.325;26,6%;1.322;23,1%;1.402;30,0%;1.627;25,2%;1.497;24,8%;950;24,5%;1.527
Etapas educativas. Total niños;51,2%;237.098;51,6%;16.752;52,9%;2.623;52,2%;3.160;50,1%;2.722;50,8%;3.018;52,5%;2.010;51,6%;3.219
0 a 2 años;18,8%;44.551;18,1%;3.027;17,9%;469;20,3%;643;15,1%;411;18,1%;546;17,3%;348;18,9%;610
Infantil (3 a 5 años);18,8%;44.489;17,6%;2.953;17,2%;452;17,7%;558;16,9%;460;18,1%;547;18,2%;365;17,7%;571
Primaria (6 a 11 años);38,2%;90.647;38,7%;6.480;37,4%;982;39,1%;1.235;38,6%;1.050;38,7%;1.167;39,5%;793;38,9%;1.253
Secundaria (12 a 15 años);24,2%;57.411;25,6%;4.292;27,4%;720;22,9%;724;29,4%;801;25,1%;758;25,1%;504;24,4%;785
Etapas educativas. Total niñas;48,8%;225.913;48,4%;15.713;47,1%;2.339;47,8%;2.898;49,9%;2.710;49,2%;2.926;47,5%;1.821;48,4%;3.019
0 a 2 años;18,8%;42.537;19,2%;3.012;18,6%;434;21,6%;625;16,1%;437;18,2%;532;20,2%;367;20,4%;617
Infantil (3 a 5 años);18,7%;42.210;17,7%;2.782;17,1%;399;18,5%;537;15,7%;426;18,2%;532;17,8%;324;18,7%;564
Primaria (6 a 11 años);38,1%;86.083;37,5%;5.886;38,6%;904;36,5%;1.058;37,7%;1.021;38,4%;1.123;37,6%;684;36,3%;1.096
Secundaria (12 a 15 años);24,4%;55.083;25,7%;4.033;25,7%;602;23,4%;678;30,5%;826;25,3%;739;24,5%;446;24,6%;742
1.5.2. Escolarización de alumnos por tipo de centro (año escolar 2016/17);100%;510.340;100%;35.785;;;;;;;;;;;;
En centros PRIVADOS CONCERTADOS;43,3%;220.761;48,6%;17.382;;;;;;;;;;;;
En centros PRIVADOS SIN CONCIERTO;17,5%;89.197;4,5%;1.615;;;;;;;;;;;;
En centros PÚBLICOS;39,3%;200.382;46,9%;16.788;;;;;;;;;;;;
Total alumnos extranjeros;10,3%;52.588;15,0%;5.360;;;;;;;;;;;;
En centros PRIVADOS CONCERTADOS;34,7%;18.249;43,9%;2.352;;;;;;;;;;;;
En centros PRIVADOS SIN CONCIERTO;8,6%;4.514;1,6%;85;;;;;;;;;;;;
En centros PÚBLICOS;56,7%;29.825;54,5%;2.923;;;;;;;;;;;;
Total alumnos con necesidades de apoyo educativo;3,9%;19.911;5,8%;2.073;;;;;;;;;;;;
En centros PRIVADOS CONCERTADOS;50,1%;9.977;41,6%;863;;;;;;;;;;;;
En centros PRIVADOS SIN CONCIERTO;3,8%;764;0,3%;6;;;;;;;;;;;;
En centros PÚBLICOS;46,1%;9.170;58,1%;1204;;;;;;;;;;;;
1.5.3. Nivel de estudios de la población ≥ 25 años (01/01/2018);;;;;;;;;;;;;;;;
No sabe leer ni escribir o sin estudios;5,2%;129.614;11,1%;19.426;16,8%;4.314;8,7%;2.632;8,0%;2.381;12,7%;4.098;12,9%;2.792;8,9%;3.209
Primaria incompleta;12,1%;301.397;19,4%;34.002;22,3%;5.737;18,5%;5.615;16,7%;4.929;18,3%;5.879;22,5%;4.872;19,3%;6.970
Bachiller Elemental, Graduado Escolar, ESO, Formación profesional 1º grado;26,5%;659.083;38,0%;66.753;39,9%;10.260;40,9%;12.414;35,9%;10.618;37,5%;12.065;37,4%;8.104;36,8%;13.292
Formación profesional 2º grado, Bachiller Superior o BUP;19,1%;475.507;17,0%;29.849;12,8%;3.300;17,4%;5.272;20,3%;6.002;16,9%;5.424;15,2%;3.288;18,2%;6.563
Titulados medios, diplomados, arquitecto o ingeniero técnico;9,7%;240.663;5,4%;9.399;3,2%;812;5,4%;1.627;7,0%;2.076;5,4%;1.742;4,6%;989;6,0%;2.153
Estudios superiores, licenciado, arquitecto o ingeniero superior, estudios superiores no universitarios, doctorado, estudios postgraduados;27,3%;681.198;9,0%;15.873;4,9%;1.254;9,1%;2.756;11,9%;3.528;9,1%;2.921;7,3%;1.573;10,6%;3.841
Nivel de estudios desconocido y no consta;0,1%;3.467;0,1%;221;0,1%;23;0,1%;21;0,2%;45;0,1%;36;0,2%;50;0,1%;46
1.5.4. Programa de prevención y control del absentismo escolar;;;;;;;;;;;;;;;;
Casos trabajados por el programa de absentismo municipal (curso escolar 2017-2018);100,0%;3.901;14,3%;556;;;;;;;;;;;;
Casos trabajados HOMBRES;50,1%;1.955;51,3%;285;;;;;;;;;;;;
Casos trabajados MUJERES;49,9%;1.946;48,7%;271;;;;;;;;;;;;
1.6. SALUD;;;;;;;;;;;;;;;;
1.6.1. Hábitos y estilos de vida (2017. Estudio Madrid Salud);;;;;;;;;;;;;;;;
Sedentarismo;30,0%;;37,8%;;;;;;;;;;;;;
Sedentarismo HOMBRES ;25,2%;;;;;;;;;;;;;;;
Sedentarismo MUJERES ;34,0%;;;;;;;;;;;;;;;
Consumo de tabaco diario;18,9%;;22,2%;;;;;;;;;;;;;
Consumo de tabaco diario HOMBRES;20,2%;;;;;;;;;;;;;;;
Consumo de tabaco diario MUJERES ;17,9%;;;;;;;;;;;;;;;
Consumo de medicamentos ;66,3%;;67,6%;;;;;;;;;;;;;
Consumo de medicamentos HOMBRES  ;62,4%;;;;;;;;;;;;;;;
Consumo de medicamentos MUJERES ;69,7%;;;;;;;;;;;;;;;
1.6.2. Indicadores de nivel de salud (2017. Estudio Madrid Salud);;;;;;;;;;;;;;;;
Autopercepción de buen estado de salud  (% respuesta muy buena + buena);72,3%;;68,3%;;;;;;;;;;;;;
Autopercepción de buen estado de salud HOMBRES ;77,4%;;;;;;;;;;;;;;;
Autopercepción de buen estado de salud MUJERES ;68,0%;;;;;;;;;;;;;;;
Calidad de vida relacionada con la salud (CVRS) ;20,2%;;20,8%;;;;;;;;;;;;;
Calidad de vida relacionada con la salud (CVRS) HOMBRES;19,0%;;;;;;;;;;;;;;;
Calidad de vida relacionada con la salud (CVRS) MUJERES;21,1%;;;;;;;;;;;;;;;
Presencia de enfermedad crónica ;39,8%;;40,6%;;;;;;;;;;;;;
Presencia de enfermedad crónica HOMBRES ;36,6%;;;;;;;;;;;;;;;
Presencia de enfermedad crónica MUJERES;42,4%;;;;;;;;;;;;;;;
Hipertensión arterial;18,8%;;21,3%;;;;;;;;;;;;;
Hipertensión arterial HOMBRES;19,7%;;;;;;;;;;;;;;;
Hipertensión arterial MUJERES;18,1%;;;;;;;;;;;;;;;
Diabetes Mellitus;6,0%;;7,2%;;;;;;;;;;;;;
Diabetes Mellitus HOMBRES;6,9%;;;;;;;;;;;;;;;
Diabetes Mellitus MUJERES;5,3%;;;;;;;;;;;;;;;
Personas con obesidad ;12,2%;;15,2%;;;;;;;;;;;;;
Personas con obesidad HOMBRES ;13,3%;;;;;;;;;;;;;;;
Personas con obesidad MUJERES;11,2%;;;;;;;;;;;;;;;
Personas con sobrepeso;33,5%;;35,2%;;;;;;;;;;;;;
Personas con sobrepeso HOMBRES;41,1%;;;;;;;;;;;;;;;
Personas con sobrepeso MUJERES;27,0%;;;;;;;;;;;;;;;
Personas mayores de 65 años con alguna dependencia funcional;32,4%;;37,6%;;;;;;;;;;;;;
Alguna dependencia funcional HOMBRES ;39,1%;;;;;;;;;;;;;;;
Alguna dependencia funcional MUJERES;48,6%;;;;;;;;;;;;;;;
Probabilidad de padecer enfermedad mental (GHQ-12);21,1%;;22,0%;;;;;;;;;;;;;
Probabilidad de padecer enfermedad mental (GHQ-12) HOMBRES;16,6%;;;;;;;;;;;;;;;
Probabilidad de padecer enfermedad (GHQ-12) MUJERES;24,9%;;;;;;;;;;;;;;;
Prevalencia de obesidad en la población infantil (2017. Estudio Madrid Salud. UCM);15,8%;;21,0%;;;;;;;;;;;;;
1.6.3. Discapacidad reconocida (31/12/2015);;;;;;;;;;;;;;;;
Nº de personas con grado de discapacidad reconocido;5,6%;180.040;7,1%;16.459;;;;;;;;;;;;
Hombres;48,1%;86.609;48,2%;7.928;;;;;;;;;;;;
Mujeres;51,9%;93.431;51,8%;8.531;;;;;;;;;;;;
Mujeres por cada 100 hombres (Feminización de la discapacidad reconocida);;107,9;;107,6;;;;;;;;;;;;
1.7. CALIDAD DE VIDA  (2017. Estudio >16 años);;;;;;;;;;;;;;;;
1.7.1. Calidad de vida y agenda pública (indicador sintético 0-100);;;;;;;;;;;;;;;;
Satisfacción de vivir en su barrio ;;69,8;;62,2;;;;;;;;;;;;
Calidad de vida actual en su barrio ;;69,5;;61,2;;;;;;;;;;;;
Convivencia vecinal;;67,8;;66,1;;;;;;;;;;;;
1.7.2. Satisfacción con los servicios públicos (escala 0-10);;;;;;;;;;;;;;;;
Espacios verdes;;6,6;;6,9;;;;;;;;;;;;
Parques infantiles ;;6,3;;6,2;;;;;;;;;;;;
Centros culturales;;6,9;;7,0;;;;;;;;;;;;
Organización de fiestas y eventos populares;;6,7;;7,1;;;;;;;;;;;;
Instalaciones deportivas;;6,7;;6,9;;;;;;;;;;;;
Servicios sociales municipales;;6,6;;6,7;;;;;;;;;;;;
Desigualdad en las dotaciones de los barrios (% respuesta muy alta + alta);82,9%;;88,8%;;;;;;;;;;;;;
1.7.3. Principales problemas de la ciudadanía (% personas encuestadas);;;;;;;;;;;;;;;;
1º. Limpieza;41,1%;;40,6%;;;;;;;;;;;;;
2º. Contaminación del aire;15,0%;;12,6%;;;;;;;;;;;;;
3º. Tráfico / atascos;10,8%;;0,0%;;;;;;;;;;;;;
1.7.4. Percepción de seguridad (indicador sintético 0-100);;;;;;;;;;;;;;;;
Percepción de seguridad en Madrid;;69,0;;70,6;;;;;;;;;;;;
Percepción de seguridad en el barrio por el día;;75,4;;68,0;;;;;;;;;;;;
Percepción de seguridad en el barrio por la noche;;61,6;;43,0;;;;;;;;;;;;
1.7.5. Problemas que afectan a la seguridad en los espacios públicos del distrito (escala 0-10);;;;;;;;;;;;;;;;
1º. Residuos por excrementos de animales domésticos;;6,7;;7,8;;;;;;;;;;;;
2º. Personas orinando en la calle;;4,5;;6,8;;;;;;;;;;;;
3º. Consumo o menudeo de drogas;;4,0;;6,6;;;;;;;;;;;;
1.7.6. Administración de la ciudad (% de respuesta);;;;;;;;;;;;;;;;
Medio de información de la actividad del Ayuntamiento: REDES SOCIALES;19,3%;;21,0%;;;;;;;;;;;;;
Preferencia de contacto con el Ayuntamiento: EN PERSONA;48,6%;;59,4%;;;;;;;;;;;;;
Percepción sobre la administración del Ayto. en los últimos 5 años: HA MEJORADO;35,3%;;39,9%;;;;;;;;;;;;;
Percepción sobre la administración del Ayto. en los últimos 5 años: HA EMPEORADO;14,5%;;11,9%;;;;;;;;;;;;;
1.7.7. Amigabilidad de la ciudad (% respuesta mucho + bastante);;;;;;;;;;;;;;;;
Madrid ciudad amigable con las personas lesbianas, gays, transexuales y bisexuales;70,8%;;67,8%;;;;;;;;;;;;;
1.8. INDICADORES DE VULNERABILIDAD;;;;;;;;;;;;;;;;
1.8.1. Índice de vulnerabilidad territorial (2018);;;;;;;;;;;;;;;;
Índice de vulnerabilidad territorial;;;;0,0115;;0,0119;;0,0121;;0,0108;;0,0111;;0,0116;;0,0116
Posición en el ranking de distritos y/o barrios de vulnerabilidad territorial;;;;1;;2;;1;;7;;6;;5;;3
1.8.2. Tasa de riesgo de pobleza o exclusión social. Indicador AROPE (2017. Encuesta de Condiciones de Vida);;;;;;;;;;;;;;;;
Tasa de riesgo de pobleza o exclusión social;26,0%;;;;;;;;;;;;;;;
Tasa de riesgo de pobleza o exclusión social HOMBRES;23,9%;;;;;;;;;;;;;;;
Tasa de riesgo de pobleza o exclusión social MUJERES;27,9%;;;;;;;;;;;;;;;
Tasa de riesgo de pobleza o exclusión social N. ESPAÑOLA (>16 años);22,0%;;;;;;;;;;;;;;;
Tasa de riesgo de pobleza o exclusión social N. EXTRANJERA UNIÓN EUROPEA (>16 años);18,1%;;;;;;;;;;;;;;;
Tasa de riesgo de pobleza o exclusión social N. EXTRANJERA RESTO DEL MUNDO (>16 años);63,2%;;;;;;;;;;;;;;;
1.8.3. Tasa de riesgo de pobreza de los hogares (2016. Estudio de Necesidades Sociales. Hogares);;;;;;;;;;;;;;;;
Pareja o matrimonio con hijos;;35,7%;;;;;;;;;;;;;;
Hogar formado por madre con hijos a cargo;;41,1%;;;;;;;;;;;;;;
Nacido en España;;26,4%;;;;;;;;;;;;;;
Nacido en un país fuera de la Unión Europea;;39,2%;;;;;;;;;;;;;;
1.8.4. Situación económica de los hogares (2016. Estudio de Necesidades Sociales. Hogares);;;;;;;;;;;;;;;;
Dificultad para llegar a fin de mes (% respuesta mucha dificultad + dificultad);;20,0%;;;;;;;;;;;;;;
Imposibilidad de hacer frente a un gasto imprevisto de 650€;;38,7%;;;;;;;;;;;;;;
Dificultad para hacer frente a los gastos derivados del suministro energético;;9,5%;;;;;;;;;;;;;;
Entrevistados que han acudido a Servicios Sociales Municipales para solicitar atención social;;10,0%;;;;;;;;;;;;;;
1.9. SERVICIOS SOCIALES;;;;;;;;;;;;;;;;
1.9.1. Población en general (2017);;;;;;;;;;;;;;;;
Personas atendidas en la Unidad de Primera Atención en Centros de Servicios Sociales;;129.281;15,1%;19.558;;;;;;;;;;;;
Solicitudes tramitadas de Renta Mínima de Inserción;;6.969;14,4%;1.004;;;;;;;;;;;;
Perceptores de prestación de la Renta Mínima de Inserción;;16.219;19,5%;3.156;;;;;;;;;;;;
Beneficiarios de prestaciones sociales de carácter económico;;13.632;9,3%;1.262;;;;;;;;;;;;
Total prestaciones sociales de carácter económico (€);;7.440.030;12,2%;907.753;;;;;;;;;;;;
1.9.2. Personas Mayores (2017);;;;;;;;;;;;;;;;
Personas con Servicio de Ayuda a Domicilio (modalidad auxiliar de hogar);;71.238;9,1%;6.461;;;;;;;;;;;;
Hombres;;16.914;8,9%;1.503;;;;;;;;;;;;
Mujeres;;54.324;9,1%;4.958;;;;;;;;;;;;
Personas socias de los Centros Municipales de Mayores;;325.924;8,1%;26.309;;;;;;;;;;;;
Hombres;;124.008;8,3%;10.323;;;;;;;;;;;;
Mujeres ;;201.916;7,9%;15.986;;;;;;;;;;;;
1.9.3. Menores y Familia (2017);;;;;;;;;;;;;;;;
Familias atendidas por el Equipo de Trabajo con Menores y Familia (ETMF);;7.519;12,6%;947;;;;;;;;;;;;
Demandas de intervención en los Centros de Atención a la Infancia (CAI);;2.130;10,6%;225;;;;;;;;;;;;
Menores atendidos por el Servicio de Ayuda a domicilio a Menores y Familias (SAD) ;;1.361;8,1%;110;;;;;;;;;;;;
1.10. VIVIENDA;;;;;;;;;;;;;;;;
1.10.1. PLAN MAD-RE: PLAN ESTRATÉGICO MADRID RECUPERA (Programa de actuaciones 2018-2030);;;;;;;;;;;;;;;;
Planes Integrales Territoriales de Barrios Apirus;;48;10,4%;5;;;;;;;;;;;;
Planes Integrales Territoriales de Ordenación y Gestión;;71;4,2%;3;;;;;;;;;;;;
Proyecto Estratégico Ambiental;;13;0,0%;0;;;;;;;;;;;;
Proyecto Estratégico de Espacio Público;;140;12,1%;17;;;;;;;;;;;;
Proyecto Estratégico de Movilidad;;103;6,8%;7;;;;;;;;;;;;
1.10.2. Estado de las viviendas;;;;;;;;;;;;;;;;
Nº Total de viviendas (Censo Edificios y Viviendas 2011);100%;1.530.955;100%;106.585;;;;;;;;;;;;
Viviendas anteriores a 1980;69,4%;1.061.825;59,8%;63.735;;;;;;;;;;;;
Estado ruinoso;0,2%;3.445;0,4%;470;;;;;;;;;;;;
Estado malo;0,8%;12.705;1,8%;1.880;;;;;;;;;;;;
Estado deficiente;4,4%;66.775;9,2%;9.785;;;;;;;;;;;;
Estado bueno;92,8%;1.420.265;86,5%;92.170;;;;;;;;;;;;
No consta;1,8%;27.770;2,1%;2.285;;;;;;;;;;;;
Valor catastral medio de los bienes inmuebles: personas físicas (2018);;91.159,1 €;48,0%;43.775,6 €;98,3%;43.011 €;103,7%;45.412 €;100,9%;44.166 €;96,8%;42.373 €;91,1%;39.888 €;106,1%;46.440 €
Valor catastral medio de los bienes inmuebles: personas jurídicas (2018);;370.572,5 €;27,1%;100.242,4 €;165,2%;165.647 €;83,0%;83.206 €;104,1%;104.344 €;107,0%;107.247 €;69,2%;69.408 €;114,3%;114.574 €
Superficie media de la vivienda (m2) en transacción (2017);;84;78,3%;66;117,2%;77;80,9%;53;101,9%;67;117,1%;77;104,6%;69;93,2%;61
Duración media del crédito (meses) en transacción de vivienda (2017);;296;101,0%;299;107,7%;322;93,6%;280;97,3%;291;104,7%;313;101,0%;302;97,7%;292
1.10.3. Tipología de las viviendas ;;;;;;;;;;;;;;;;
Nº Total de viviendas familiares (Censo Edificios y Viviendas 2001);100,0%;1.378.931;100%;95.914;100%;13.780;100%;17.872;100%;16.279;100%;15.692;100%;12.047;100%;20.244
Principal;78,3%;1.080.306;84,5%;81.021;91,2%;12.569;77,7%;13.895;86,4%;14.068;88,8%;13.940;85,7%;10.324;80,1%;16.225
Secundaria;7,7%;106.192;3,3%;3.146;1,8%;244;3,5%;620;3,0%;494;1,8%;277;2,2%;262;6,2%;1.249
Desocupada;12,9%;178.377;11,8%;11.358;6,7%;917;18,2%;3.261;10,4%;1.687;9,4%;1.472;12,0%;1.449;12,7%;2.572
Otro tipo;1,0%;13.998;0,4%;389;0,4%;50;0,5%;96;0,2%;30;0,0%;3;0,1%;12;1,0%;198
1.10.4. Lanzamientos judiciales (Consejo General del Poder Judicial);;;;;;;;;;;;;;;;
Lanzamientos judiciales practicados (2013);100%;5.020;;;;;;;;;;;;;;
Como consecuencia de ejecuciones hipotecarias;29,9%;1.501;;;;;;;;;;;;;;
Como consecuencia de la Ley de Arrendamientos Urbanos;62,5%;3.137;;;;;;;;;;;;;;
Lanzamientos judiciales practicados (2017);100%;3.416;;;;;;;;;;;;;;
Como consecuencia de ejecuciones hipotecarias;19,1%;654;;;;;;;;;;;;;;
Como consecuencia de la Ley de Arrendamientos Urbanos;79,4%;2.713;;;;;;;;;;;;;;
1.11. MEDIO AMBIENTE Y RESIDUOS;;;;;;;;;;;;;;;;
1.11.1. Contaminantes del aire (2017);;;;;;;;;;;;;;;;
Partículas suspensión PM2.5 (µgr/m3) -Valor límite: 25 µgr/m3-;;10,2;;;;;;;;;;;;;;
Partículas suspensión PM10 (µgr/m3) -Valor límite: 40 µgr/m3-;;20,1;;;;;;;;;;;;;;
Dióxido de azufre - SO2 (µgr/m3) -Valor límite: 125 µgr/m3-;;7,0;;;;;;;;;;;;;;
Monóxido de carbono - CO2 (mg/m3) -Valor límite: 10 µgr/m3-;;0,4;;;;;;;;;;;;;;
Ozono - O3 (µgr/m3) -Valor límite: 120 µgr/m3-;;48,0;;;;;;;;;;;;;;
Dióxido de nitrógeno - NO2 (µgr/m3) -Valor límite: 40 µgr/m3-;;42,0;;;;;;;;;;;;;;
Temperatura media anual (ºC);;16,6º;;;;;;;;;;;;;;
Protocolo de contaminación: nº de episodios (2018);;4;;;;;;;;;;;;;;
"Protocolo de contaminación: nº de días ""Escenario 1"" (2018)";;7;;;;;;;;;;;;;;
1.11.2. Recogida domiciliaria de resíduos sólidos: envases y resto (2017);;;;;;;;;;;;;;;;
kg/habitante/año;;357;;301;;;;;;;;;;;;
kg/habitante/día;;0,978;;0,825;;;;;;;;;;;;
1.12. SEGURIDAD;;;;;;;;;;;;;;;;
Intervenciones de la Policía Municipal en materia de seguridad (2018);;;;;;;;;;;;;;;;
Relacionadas con las personas;;5.402;3,1%;165;;;;;;;;;;;;
Relacionadas con la tenencia de armas;;805;11,1%;89;;;;;;;;;;;;
Relacionadas con el patrimonio;;6.525;3,5%;226;;;;;;;;;;;;
Relacionadas con la tenencia y consumo de drogas;;8.750;7,5%;653;;;;;;;;;;;;
Expedientes instruidos por Agentes Tutores;;635;0,2%;1;;;;;;;;;;;;
Atestados/partes de accidentes de tráfico confeccionados;;16.229;6,6%;1.079;;;;;;;;;;;;
Detenidos e investigados de la Policía Municipal en materia de seguridad (2018);;;;;;;;;;;;;;;;
Total detenidos e investigados;100%;9.010;11,1%;999;;;;;;;;;;;;
Lesiones;4,4%;396;;;;;;;;;;;;;;
Violencia doméstica y de género;8,8%;790;;;;;;;;;;;;;;
Malos tratos a menores;0,9%;80;;;;;;;;;;;;;;
Abusos y agresiones sexuales;0,9%;81;;;;;;;;;;;;;;
Hurtos;10,5%;945;;;;;;;;;;;;;;
Robo con violencia e intimidación en personas;1,6%;144;;;;;;;;;;;;;;
Contra la salud pública;2,9%;257;;;;;;;;;;;;;;
Contra la seguridad vial;41,7%;3.758;;;;;;;;;;;;;;
1.13. RESULTADOS ELECCIONES LOCALES (2015);;;;;;;;;;;;;;;;
Censo electoral;100,0%;2.388.047;100%;167.503;100%;25.473;100%;25.506;100%;29.524;100%;32.524;100%;21.371;100,0%;33.105
Abstención;31,2%;743.954;36,8%;61.582;37,8%;9.637;43,9%;11.202;31,8%;9.397;33,5%;10.903;36,2%;7.745;38,4%;12.698
Votos blancos;0,7%;15.825;0,5%;894;0,6%;156;0,5%;120;0,6%;163;0,5%;158;0,6%;125;0,5%;172
Votos a candidaturas;67,7%;1.616.217;62,2%;104.201;61,1%;15.559;55,2%;14.081;67,1%;19.804;65,5%;21.302;62,7%;13.397;60,6%;20.058
PP;23,6%;564.154;11,4%;19.047;8,5%;2.165;11,0%;2.815;11,4%;3.365;10,2%;3.316;12,3%;2.638;14,3%;4.748
PSOE;10,4%;249.286;15,7%;26.228;19,6%;4.983;14,0%;3.571;13,8%;4.087;17,2%;5.608;16,0%;3.423;13,8%;4.556
Ahora Madrid;21,8%;519.721;26,4%;44.279;25,2%;6.409;22,2%;5.671;32,6%;9.619;28,4%;9.236;25,9%;5.527;23,6%;7.817
Ciudadanos;7,8%;186.487;4,2%;7.110;3,2%;818;3,9%;984;4,6%;1.359;5,1%;1.644;3,9%;843;4,4%;1.462
1.14. SERVICIOS Y EQUIPAMIENTOS MUNICIPALES;;;;;;;;;;;;;;;;
1.14.1. Servicios Sociales Municipales (2019);;;;;;;;;;;;;;;;
Centros de Servicios Sociales;;39;10,3%;4;;1;;0;;1;;1;;0;;1
Centros Municipales de Mayores ;;90;7,8%;7;;2;;1;;1;;1;;1;;1
Centros de Día de Alzheimer y Físicos;;89;5,6%;5;;1;;1;;0;;1;;0;;2
Apartamentos Municipales para Mayores;;2;0,0%;0;;0;;0;;0;;0;;0;;0
Residencias para personas Mayores ;;3;0,0%;0;;0;;0;;0;;0;;0;;0
Centros de Apoyo a las Familias (CAF);;7;14,3%;1;;1;;0;;0;;0;;0;;0
Centros de Atención a la Infancia (CAI);;13;7,7%;1;;0;;0;;0;;1;;0;;0
Centro de Día de Atención a Niños y Niñas (de 3 a 12 años);;28;7,1%;2;;1;;0;;1;;0;;0;;0
Espacios de Ocio para Adolescentes (El Enredadero);;5;0,0%;0;;0;;0;;0;;0;;0;;0
Centros de Adolescentes y Jóvenes (ASPA) ;;9;11,1%;1;;0;;0;;0;;0;;0;;1
Centros para personas sin hogar;;12;0,0%;0;;0;;0;;0;;0;;0;;0
1.14.2. Género (2019);;;;;;;;;;;;;;;;
Espacios de Igualdad;;13;0,0%;0;;0;;0;;0;;0;;0;;0
1.14.3. Salud (2019);;;;;;;;;;;;;;;;
Centros Municipales de Salud Comunitaria (CMSC);;16;12,5%;2;;0;;2;;0;;0;;0;;0
Centros de Atención a las Adicciones (CAD y CCAD);;10;10,0%;1;;0;;1;;0;;0;;0;;0
1.14.4. Cultura (2019);;;;;;;;;;;;;;;;
Nº de Bibliotecas Municipales;;34;8,8%;3;;1;;1;;0;;0;;0;;1
Nº de Bibliotecas Comunidad Madrid;;16;6,3%;1;;0;;0;;0;;1;;0;;0
Nº de Centros Culturales;;108;4,6%;5;;2;;2;;0;;0;;0;;1
1.14.5. Deportes (2019);;;;;;;;;;;;;;;;
Centros deportivos Municipales;;72;6,9%;5;40,0%;2;0,0%;0;40,0%;2;20,0%;1;0,0%;0;0,0%;0
Superficie deportiva m2 (2017);;2.074.404;11,2%;232.465;;;;;;;;;;;;
Instalaciones deportivas básicas;;477;7,3%;35;17,1%;6;11,4%;4;40,0%;14;14,3%;5;5,7%;2;11,4%;4
Acceso controlado (2017);;97;9,3%;9;;;;;;;;;;;;
Campos de fútbol 11;;21;14,3%;3;;2;;0;;0;;1;;0;;0
Pista de atletismo ;;7;14,3%;1;;0;;0;;0;;1;;0;;0
Piscinas cubiertas;;49;8,2%;4;;2;;0;;1;;1;;0;;0
Piscinas de verano;;23;13,0%;3;;1;;0;;1;;1;;0;;0
1.14.6. Zonas verdes (2016);;;;;;;;;;;;;;;;
Zonas verdes (Ha);;6.219,15;4,9%;307,04;;;;;;;;;;;;
"Relación de zona verde (m2)/habitante (deseables 15m2/hab; mínimo 10m2/hab)";;19,30;;13,32;;;;;;;;;;;;
1.14.7. Educación (Curso académico 2018-2019);;;;;;;;;;;;;;;;
Escuelas Infantiles Municipales (2019);;56;3,6%;2;;0;;0;;1;;1;;0;;0
Escuelas Infantiles Públicas CAM;;150;10,7%;16;;;;;;;;;;;;
Escuelas Infantiles Privadas;;419;3,3%;14;;;;;;;;;;;;
Colegios Públicos Infantil y Primaria (+ 3 centros con Secundaria);;247;10,1%;25;;;;;;;;;;;;
Institutos Públicos de Educación Secundaria;;112;7,1%;8;;;;;;;;;;;;
Colegios Privados Inf. o Pri. o Inf. y Pri.;;88;5,7%;5;;;;;;;;;;;;
Colegios Privados Inf., Pri. y Sec. o Pri. y Sec. ;;274;7,7%;21;;;;;;;;;;;;
1.14.8. Empresa y Comercio (2019);;;;;;;;;;;;;;;;
Mercados Municipales;;45;8,9%;4;;1;;1;;0;;0;;0;;2
1.15. PARTICIPACIÓN CIUDADANA ;;;;;;;;;;;;;;;;
1.15.1. Entidades de participación ciudadana (2019) ;;;;;;;;;;;;;;;;
Asociaciones (Sección 1ª);;2.412;7,5%;182;16,5%;30;14,3%;26;19,8%;36;23,6%;43;12,1%;22;13,7%;25
Nº de asociaciones culturales y casas regionales;;489;8,0%;39;12,8%;5;7,7%;3;17,9%;7;33,3%;13;17,9%;7;10,3%;4
Nº de asociaciones de mujeres;;75;5,3%;4;25,0%;1;50,0%;2;25,0%;1;0,0%;0;0,0%;0;0,0%;0
Nº de asociaciones de vecinos;;221;10,0%;22;13,6%;3;13,6%;3;13,6%;3;31,8%;7;22,7%;5;4,5%;1
Fundaciones (Sección 2ª);;24;4,2%;1;0,0%;0;0,0%;0;0,0%;0;100,0%;1;0,0%;0;0,0%;0
1.15.2 Decide Madrid;;;;;;;;;;;;;;;;
Presupuestos participativos 2018: nº propuestas;;3.323;4,8%;159;;;;;;;;;;;;
Presupuestos participativos 2018: nº participantes;;115.594;3,6%;4172;;;;;;;;;;;;
Votación ciudadana 2017: nº votaciones;;217.323;6,4%;13.989;;;;;;;;;;;;
;;;;;;;;;;;;;;;;
;;;;;;;;;;;;;;;;
1.16. PRESUPUESTO 2019;;;;;;;;;;;;;;;;
PROGRAMA;;CAPÍTULOS;;;;;;;;;;;;;;
;;1;;2;;3;;4;;5;;6;;7;;TOTAL
OTRAS ACTUACIONES EN VÍAS PÚBLICAS;153.22;;;100.000 €;;;;;;;;;;;;100.000 €
PATRIMONIO VERDE;171.01;;;10.000 €;;;;;;;;;;;;10.000 €
FAMILIA E INFANCIA;231.02;;;904.030 €;;;;63.209 €;;;;;;;;967.239 €
PERSONAS MAYORES Y SERVICIOS SOCIALES;231.03;;;20.949.568 €;;;;;;;;;;19.125 €;;20.968.693 €
INTEGRACIÓN COMUNITARIA Y EMERGENCIA SOCIAL;231.06;3.895.924 €;;2.868.894 €;;;;780.000 €;;;;32.000 €;;45.827 €;;7.622.645 €
SALUBRIDAD PÚBLICA;311.01;380.480 €;;76.868 €;;;;;;;;500 €;;;;457.848 €
CENTROS DOCENTES ENSEÑANZA INFANTIL Y PRIMARIA;323.01;;;4.136.351 €;;;;;;;;;;;;4.136.351 €
ABSENTISMO;325.01;;;39.502 €;;;;;;;;;;;;39.502 €
SERVICIOS COMPLEMENTARIOS EDUCACIÓN;326.01;;;1.286.497 €;;;;;;;;;;;;1.286.497 €
ACTIVIDADES CULTURALES;334.01;564.984 €;;1.467.020 €;;;;;;;;;;;;2.032.004 €
ACTUACIONES DEPORTIVAS EN DISTRITOS;341.01;;;120.907 €;;;;;;;;;;;;120.907 €
INSTALACIONES DEPORTIVAS;342.01;10.799.429 €;;839.689 €;;;;;;;;;;;;11.639.118 €
CONSUMO;493.00;201.245 €;;;;;;;;;;;;;;201.245 €
CONCEJALÍA-PRESIDENCIA DEL DISTRITO;912.2;339.823 €;;319 €;;;;;;;;;;;;340.142 €
DIREC. Y GESTIÓN ADMTVA. DEL DISTRITO;920.01;3.477.919 €;;561.294 €;;;;;;;;;;;;4.039.213 €
PARTICIPACIÓN CIUDADANA Y VOLUNTARIADO;924.01;;;118.000 €;;;;118.400 €;;;;;;;;236.400 €
EDIFICIOS;933.02;;;2.148.477 €;;;;;;;;;;;;2.148.477 €
CENTRO 001;;19.659.804 €;;35.627.416 €;;0 €;;961.609 €;;0 €;;32.500 €;;64.952 €;;56.346.281 €
SECCIÓN 213;;19.659.804 €;;35.627.416 €;;0 €;;961.609 €;;0 €;;32.500 €;;64.952 €;;56.346.281 €
