15. CIUDAD LINEAL. INFORMACIÓN DE DISTRITO Y BARRIOS;;;;;;;;;;;;;;;;;;;;;;
 ;CIUDAD;;CIUDAD LINEAL;;Ventas;;Pueblo Nuevo;;Quintana;;La Concepción;;San Pascual;;San Juan Bautista;;Colina;;Atalaya;;Costillares;
1.1 CARACTERÍSTICAS GENERALES DEL DISTRITO-BARRIO;;;;;;;;;;;;;;;;;;;;;;
Superficie (Ha.) ;;60.445,52;1.142,57;;319,8;;231,92;;72,31;;88,59;;105,27;;101,08;;55,97;;24,89;;142,72;
Densidad (hab./Ha.) ;;53,30;187,70;;149,29;;263,71;;337,05;;234,82;;171,63;;123,00;;112,35;;63,28;;154,28;
1.2. LA POBLACIÓN DEL DISTRITO;;;;;;;;;;;;;;;;;;;;;;
1.2.1. Estructura de la población (01/01/2018);;;;;;;;;;;;;;;;;;;;;;
Sexo de la población;100%;3.221.824;6,7%;214.463;22,3%;47.744;28,5%;61.160;11,4%;24.373;9,7%;20.803;8,4%;18.068;5,8%;12.433;2,9%;6.288;0,7%;1.575;10,3%;22.019
Hombres;46,6%;1.500.340;45,4%;97.301;44,8%;21.405;46,3%;28.300;44,1%;10.743;44,1%;9.181;44,8%;8.100;46,5%;5.782;45,1%;2.835;0,3%;656;46,8%;10.299
Mujeres;53,4%;1.721.484;54,6%;117.162;55,2%;26.339;53,7%;32.860;55,9%;13.630;55,9%;11.622;55,2%;9.968;53,5%;6.651;54,9%;3.453;0,4%;919;53,2%;11.720
Edad media de la población;;44,12;;45,87;;46,85;;45,46;;46,26;;47,02;;47,29;;44,00;;44,81;;43,61;;43,76
De 0 a 14 años;13,5%;435.302;12,1%;25.991;11,0%;5.228;11,9%;7.260;11,0%;2.674;11,7%;2.429;11,7%;2.120;14,6%;1.812;14,6%;918;16,4%;258;15,0%;3.292
De 15 a 29;15,3%;492.310;15,2%;32.540;14,9%;7.123;15,4%;9.400;15,2%;3.711;13,7%;2.848;14,1%;2.542;16,1%;2.001;13,4%;843;16,3%;256;17,3%;3.816
De 30 a 44;23,1%;745.852;21,3%;45.638;22,0%;10.487;22,3%;13.623;23,0%;5.594;21,8%;4.542;19,6%;3.547;19,5%;2.426;21,7%;1.366;17,1%;269;17,2%;3.784
De 45 a 64;27,7%;891.569;28,4%;60.849;28,0%;13.345;28,4%;17.368;28,3%;6.887;28,6%;5.945;28,6%;5.167;28,6%;3.553;27,5%;1.730;27,7%;437;29,1%;6.417
De 65 a 79;13,0%;419.069;14,1%;30.207;13,6%;6.491;13,7%;8.374;12,3%;2.988;13,5%;2.813;17,3%;3.133;14,1%;1.753;15,9%;997;16,0%;252;15,5%;3.406
De 80 y + ;7,4%;237.722;9,0%;19.238;10,6%;5.070;8,4%;5.135;10,3%;2.519;10,7%;2.226;8,6%;1.559;7,1%;888;6,9%;434;6,5%;103;5,9%;1.304
De 65 y +;20,4%;656.791;23,1%;49.445;24,2%;11.561;22,1%;13.509;22,6%;5.507;24,2%;5.039;26,0%;4.692;21,2%;2.641;22,8%;1.431;22,5%;355;21,4%;4.710
Población en etapa educativa (De 3 a 16 años -16 no incluidos-);11,7%;375.923;10,6%;22.785;9,4%;4.511;10,4%;6.381;9,3%;2.278;10,0%;2.089;10,3%;1.866;13,1%;1.629;12,4%;778;14,0%;221;13,8%;3.032
Proporción de juventud (Población de 0-15 años/Población total);14,4%;;13,0%;;11,7%;;12,7%;;11,6%;;12,4%;;12,5%;;15,7%;;15,4%;;18,0%;;16,2%;
Proporción de envejecimiento (Población > 65 años/Población total);20,4%;;23,1%;;24,2%;;22,1%;;22,6%;;24,2%;;26,0%;;21,2%;;22,8%;;22,5%;;21,4%;
Proporción de sobreenvejecimiento (Población > 80 años/Población >65 años);36,2%;;38,9%;;43,9%;;38,0%;;45,7%;;44,2%;;33,2%;;33,6%;;30,3%;;29,0%;;27,7%;
Índice de envejecimiento activo (2017);;37,0;;;;;;;;;;;;;;;;;;;;
Hombres;;38,6;;;;;;;;;;;;;;;;;;;;
Mujeres;;35,8;;;;;;;;;;;;;;;;;;;;
Proporción de dependencia (Población de 0-15 + población 65 y + / Pob. 16-64) ;53,3%;;56,3%;;56,1%;;53,3%;;52,1%;;57,9%;;62,6%;;58,6%;;61,7%;;68,3%;;60,3%;
Personas con nacionalidad española;86,9%;2.799.105;86,8%;186.176;84,6%;40.383;84,4%;51.597;82,6%;20.128;86,7%;18.033;92,2%;16.665;91,3%;11.348;90,4%;5.686;89,9%;1.416;95,0%;20.920
Personas con nacionalidad española HOMBRES;46,6%;1.304.453;45,4%;84.510;44,7%;18.057;46,2%;23.847;44,0%;8.862;44,3%;7.994;44,9%;7.475;46,3%;5.256;45,0%;2.558;37,9%;597;47,2%;9.864
Personas con nacionalidad española MUJERES;53,4%;1.494.652;54,6%;101.666;55,3%;22.326;53,8%;27.750;56,0%;11.266;55,7%;10.039;55,1%;9.190;53,7%;6.092;55,0%;3.128;52,0%;819;52,8%;11.056
Personas con nacionalidad extranjera;13,1%;422.700;13,2%;28.283;15,4%;7.358;15,6%;9.563;17,4%;4.245;13,3%;2.770;7,8%;1.403;8,7%;1.084;9,6%;602;10,1%;159;5,0%;1.099
Personas con nacionalidad extranjera HOMBRES;46,3%;195.876;45,2%;12.788;45,5%;3.346;46,6%;4.453;44,3%;1.881;42,9%;1.187;44,5%;625;48,4%;525;46,0%;277;3,7%;59;39,6%;435
Personas con nacionalidad extranjera MUJERES;53,7%;226.824;54,8%;15.495;54,5%;4.012;53,4%;5.110;55,7%;2.364;57,1%;1.583;55,5%;778;51,6%;559;54,0%;325;6,3%;100;60,4%;664
Proporción de inmigrantes (Extranjeros menos UE y resto países de OCDE / Población total);9,0%;;9,4%;;11,5%;;11,9%;;13,4%;;8,7%;;4,8%;;4,8%;;4,9%;;4,8%;;2,5%;
1ª Nacionalidad Extranjera en el Distrito: RUMANIA (proporción respecto total extranjeros);10,8%;45.718;10,6%;2.990;12,7%;934;10,3%;987;8,4%;357;14,2%;392;14,0%;196;4,0%;43;5,1%;31;2,5%;4;4,2%;46
2ª Nacionalidad Extranjera en el Distrito: ECUADOR (proporción respecto total extranjeros);5,8%;24.477;8,8%;2.489;10,3%;756;11,6%;1.109;9,3%;395;5,3%;146;3,1%;44;1,5%;16;1,7%;10;1,3%;2;1,0%;11
1.2.2. Estructura de los hogares (01-01-2018);;;;;;;;;;;;;;;;;;;;;;
Nº total de hogares;100%;1.278.258;6,7%;86.156;22,9%;19.750;27,6%;23.750;11,9%;10.271;10,5%;9.035;8,7%;7.508;5,6%;4.821;2,9%;2.529;0,6%;560;9,2%;7.932
Tamaño medio del hogar;;2,52;;2,49;;2,42;;2,58;;2,37;;2,30;;2,41;;2,58;;2,49;;2,81;;2,78
Hogares con una mujer sola >65 años;9,8%;124.815;11,9%;10.237;13,1%;2.590;10,9%;2.600;13,6%;1.399;14,3%;1.290;12,3%;927;9,7%;467;9,1%;230;8,9%;50;8,6%;684
Hogares con un hombre solo >65 años;2,8%;35.963;3,2%;2.725;3,3%;659;3,2%;754;3,1%;321;3,6%;324;3,2%;243;2,6%;126;3,0%;77;3,0%;17;2,6%;204
Hogares monoparentales: una mujer adulta con uno o más menores;2,1%;27.460;2,0%;1.755;1,8%;349;1,7%;414;1,9%;197;2,1%;187;2,2%;162;3,0%;146;2,9%;74;4,5%;25;2,5%;201
Hogares monoparentales: un hombre adulto con uno o más menores;0,4%;5.488;0,4%;340;0,3%;61;0,3%;68;0,3%;28;0,4%;38;0,3%;26;0,6%;27;1,2%;30;0,7%;4;0,7%;58
1.2.3. Dinámica demográfica;;;;;;;;;;;;;;;;;;;;;;
Tasa bruta de natalidad 2017 (‰);;9,00;;7,95;;8,16;;7,93;;7,70;;7,50;;6,91;;10,08;;9,19;;12,75;;7,23
Tasa de crecimiento demográfico 2017 (‰);;1,24;;0,91;;0,92;;1,23;;0,79;;1,31;;-0,19;;0,53;;2,68;;0,83;;0,35
Esperanza de vida al nacer MUJERES (mortalidad del periodo 2009-2012);;85,9;;86,4;;86,2;;86,0;;86,5;;86,4;;87,5;;87,1;;86,4;;88,9;;85,9
Esperanza de vida al nacer HOMBRES (mortalidad del periodo 2009-2012);;79,9;;80,2;;80,8;;79,3;;79,7;;80,2;;80,2;;80,4;;80,8;;78,3;;81,6
Esperanza de vida al nacer MUJERES (2017);;87,1;;87,5;;;;;;;;;;;;;;;;;;
Esperanza de vida al nacer HOMBRES (2017);;82,0;;82,1;;;;;;;;;;;;;;;;;;
Esperanza de vida > 65 años MUJERES (2017);;24,3;;24,7;;;;;;;;;;;;;;;;;;
Esperanza de vida > 65 años HOMBRES (2017);;20,3;;20,4;;;;;;;;;;;;;;;;;;
1.2.4. Mujeres y hombres;;;;;;;;;;;;;;;;;;;;;;
Índice de desigualdad de género (2017);;0,816;;;;;;;;;;;;;;;;;;;;
Índice de desigualdad de género (2007);;0,738;;;;;;;;;;;;;;;;;;;;
1.3. INDICADORES ECONÓMICOS ;;;;;;;;;;;;;;;;;;;;;;
Renta neta media anual de los hogares (Urban Audit). 2015;;38.534,6 €;96%;36.832,9 €;77%;28.196,6 €;82%;30.039,0 €;83%;30.421,6 €;93%;34.263,2 €;115%;42.449,9 €;153%;56.198,2 €;147%;54.247,2 €;184%;67.826,1 €;178%;65.589,5 €
Renta disponible Bruta Per Cápita 2014(a);;21.145,9 €;;20.673,7 €;;;;;;;;;;;;;;;;;;
Crecimiento/decrecimiento Renta Bruta Per Cápita 2014(a)-2008;-0,2%;-40,4 €;-0,6%;-116,4 €;;;;;;;;;;;;;;;;;;
Pensión media mensual del Distrito HOMBRES (2015);;1.376,2 €;;1.398,7 €;;;;;;;;;;;;;;;;;;
Pensión media mensual del Distrito MUJERES (2015);;858,8 €;;851,5 €;;;;;;;;;;;;;;;;;;
1.4. INDICADORES DE DESEMPLEO;;;;;;;;;;;;;;;;;;;;;;
Tasa de actividad global ciudad de Madrid (EPA. 3º trimestre 2018);61,2%;;;;;;;;;;;;;;;;;;;;;
Hombres ;66,4%;;;;;;;;;;;;;;;;;;;;;
Mujeres;56,8%;;;;;;;;;;;;;;;;;;;;;
Número de parados ciudad de Madrid (EPA. 3º trimestre 2018) (miles);;200,1;;;;;;;;;;;;;;;;;;;;
Hombres (miles);;97,3;;;;;;;;;;;;;;;;;;;;
Mujeres (miles);;102,8;;;;;;;;;;;;;;;;;;;;
Paro registrado (nº de personas registradas en SEPE en agosto 2018);;167.871;6,3%;10.530;24,2%;2.548;30,7%;3.233;12,4%;1.307;9,5%;1.000;7,7%;816;3,8%;395;2,2%;228;0,4%;37;7,0%;732
Tasa absoluta de paro registrado (agosto 2018);7,9%;;7,6%;;8,4%;;8,2%;;8,2%;;7,7%;;7,5%;;5,2%;;5,9%;;4,0%;;5,4%;
Tasa absoluta de paro registrado MUJERES;8,6%;;8,3%;;9,1%;;8,8%;;9,0%;;8,8%;;8,0%;;5,8%;;6,7%;;4,5%;;6,0%;
De 16 a 24 años;4,6%;;3,8%;;4,0%;;5,5%;;4,2%;;5,1%;;2,7%;;1,5%;;1,6%;;4,2%;;1,0%;
De 25 a 44 años;8,3%;;7,7%;;8,0%;;8,3%;;8,5%;;8,4%;;7,7%;;5,1%;;5,1%;;3,8%;;5,8%;
De 45 a 64 años;10,1%;;10,0%;;11,4%;;10,2%;;10,7%;;10,1%;;9,4%;;7,6%;;9,6%;;5,1%;;7,9%;
Tasa absoluta de paro registrado HOMBRES ;7,1%;;6,8%;;7,7%;;7,5%;;7,3%;;6,5%;;6,9%;;4,5%;;5,0%;;3,4%;;4,8%;
De 16 a 24 años;4,5%;;3,6%;;4,2%;;4,5%;;2,5%;;4,4%;;5,0%;;1,1%;;2,3%;;1,5%;;1,7%;
De 25 a 44 años;6,1%;;5,6%;;6,5%;;6,4%;;5,5%;;4,9%;;5,5%;;3,1%;;3,5%;;3,6%;;4,2%;
De 45 a 64 años;9,1%;;9,1%;;10,1%;;9,7%;;10,8%;;8,6%;;8,8%;;7,0%;;7,2%;;3,9%;;6,4%;
Parados de larga duración (agosto 2018);41,0%;68.898;40,3%;4.247;;;;;;;;;;;;;;;;;;
Hombres;40,4%;27.816;39,1%;1.659;;;;;;;;;;;;;;;;;;
Mujeres ;59,6%;41.082;60,9%;2.588;;;;;;;;;;;;;;;;;;
Parados que SÍ perciben prestaciones (agosto 2018);37,3%;62.541;38,7%;4.080;;;;;;;;;;;;;;;;;;
Hombres;47,0%;29.412;45,2%;1.845;;;;;;;;;;;;;;;;;;
Mujeres ;53,0%;33.129;54,8%;2.235;;;;;;;;;;;;;;;;;;
Parados que NO perciben prestaciones (agosto 2018);62,7%;105.330;61,3%;6.450;;;;;;;;;;;;;;;;;;
Hombres;40,7%;42.906;40,0%;2.583;;;;;;;;;;;;;;;;;;
Mujeres ;59,3%;62.424;60,0%;3.867;;;;;;;;;;;;;;;;;;
1.5. EDUCACIÓN;;;;;;;;;;;;;;;;;;;;;;
1.5.1. Población en etapas educativas (01/01/2018);100,0%;463.011;100,0%;27.821;100,0%;5.607;100,0%;7.747;100,0%;2.838;100,0%;2.587;100,0%;2.263;100,0%;1.952;100,0%;968;100,0%;284;100,0%;3.575
0 a 2 años;18,8%;87.088;18,1%;5.036;19,5%;1.096;17,6%;1.366;19,7%;560;19,3%;498;17,5%;397;16,5%;323;19,6%;190;22,2%;63;15,2%;543
Infantil (3 a 5 años);18,7%;86.699;17,8%;4.943;16,9%;945;18,5%;1.435;19,4%;551;17,4%;450;18,3%;413;17,8%;348;16,6%;161;13,0%;37;16,9%;603
Primaria (6 a 11 años);38,2%;176.730;37,6%;10.457;37,0%;2.075;37,7%;2.919;36,6%;1.040;38,7%;1000;38,8%;878;37,4%;730;39,4%;381;36,6%;104;37,2%;1.330
Secundaria (12 a 15 años);24,3%;112.494;26,5%;7.385;26,6%;1.491;26,2%;2.027;24,2%;687;24,7%;639;25,4%;575;28,2%;551;24,4%;236;28,2%;80;30,7%;1.099
Etapas educativas. Total niños;51,2%;237.098;51,2%;14.245;50,6%;2.836;51,8%;4.016;50,7%;1.439;51,5%;1.332;51,3%;1.160;50,7%;990;49,1%;475;48,9%;139;52,0%;1.858
0 a 2 años;18,8%;44.551;18,5%;2.636;19,4%;550;18,6%;745;19,7%;283;20,1%;268;19,3%;224;16,7%;165;19,4%;92;21,6%;30;15,0%;279
Infantil (3 a 5 años);18,8%;44.489;17,7%;2.523;17,0%;483;17,8%;714;19,5%;281;16,8%;224;18,8%;218;17,8%;176;15,8%;75;14,4%;20;17,9%;332
Primaria (6 a 11 años);38,2%;90.647;37,2%;5.298;38,0%;1.077;37,5%;1.506;36,1%;520;37,2%;496;38,1%;442;34,8%;345;40,4%;192;37,4%;52;36,0%;668
Secundaria (12 a 15 años);24,2%;57.411;26,6%;3.788;25,6%;726;26,2%;1.051;24,7%;355;25,8%;344;23,8%;276;30,7%;304;24,4%;116;26,6%;37;31,2%;579
Etapas educativas. Total niñas;48,8%;225.913;48,8%;13.576;49,4%;2.771;48,2%;3.731;49,3%;1.399;48,5%;1.255;48,7%;1.103;49,3%;962;50,9%;493;51,1%;145;48,0%;1.717
0 a 2 años;18,8%;42.537;17,7%;2.400;19,7%;546;16,6%;621;19,8%;277;18,3%;230;15,7%;173;16,4%;158;19,9%;98;22,8%;33;15,4%;264
Infantil (3 a 5 años);18,7%;42.210;17,8%;2.420;16,7%;462;19,3%;721;19,3%;270;18,0%;226;17,7%;195;17,9%;172;17,4%;86;11,7%;17;15,8%;271
Primaria (6 a 11 años);38,1%;86.083;38,0%;5.159;36,0%;998;37,9%;1.413;37,2%;520;40,2%;504;39,5%;436;40,0%;385;38,3%;189;35,9%;52;38,6%;662
Secundaria (12 a 15 años);24,4%;55.083;26,5%;3.597;27,6%;765;26,2%;976;23,7%;332;23,5%;295;27,1%;299;25,7%;247;24,3%;120;29,7%;43;30,3%;520
1.5.2. Escolarización de alumnos por tipo de centro (año escolar 2016/17);100%;510.340;100%;31.242;;;;;;;;;;;;;;;;;;
En centros PRIVADOS CONCERTADOS;43,3%;220.761;51,4%;16.074;;;;;;;;;;;;;;;;;;
En centros PRIVADOS SIN CONCIERTO;17,5%;89.197;25,2%;7.862;;;;;;;;;;;;;;;;;;
En centros PÚBLICOS;39,3%;200.382;23,4%;7.306;;;;;;;;;;;;;;;;;;
Total alumnos extranjeros;10,3%;52.588;10,2%;3.179;;;;;;;;;;;;;;;;;;
En centros PRIVADOS CONCERTADOS;34,7%;18.249;48,6%;1.546;;;;;;;;;;;;;;;;;;
En centros PRIVADOS SIN CONCIERTO;8,6%;4.514;7,0%;222;;;;;;;;;;;;;;;;;;
En centros PÚBLICOS;56,7%;29.825;44,4%;1.411;;;;;;;;;;;;;;;;;;
Total alumnos con necesidades de apoyo educativo;3,9%;19.911;4,4%;1.385;;;;;;;;;;;;;;;;;;
En centros PRIVADOS CONCERTADOS;50,1%;9.977;66,7%;924;;;;;;;;;;;;;;;;;;
En centros PRIVADOS SIN CONCIERTO;3,8%;764;5,7%;79;;;;;;;;;;;;;;;;;;
En centros PÚBLICOS;46,1%;9.170;27,6%;382;;;;;;;;;;;;;;;;;;
1.5.3. Nivel de estudios de la población ≥ 25 años (01/01/2018);;;;;;;;;;;;;;;;;;;;;;
No sabe leer ni escribir o sin estudios;5,2%;129.614;4,6%;7.819;5,7%;2.182;6,1%;2.956;4,5%;884;3,2%;527;4,7%;681;1,8%;166;2,2%;105;0,9%;10;1,9%;308
Primaria incompleta;12,1%;301.397;12,5%;20.991;15,7%;6.034;15,8%;7.624;13,0%;2.545;10,6%;1.762;11,1%;1.597;5,7%;529;5,1%;248;3,0%;34;3,8%;618
Bachiller Elemental, Graduado Escolar, ESO, Formación profesional 1º grado;26,5%;659.083;27,6%;46.485;33,1%;12.704;33,8%;16.318;30,6%;6.003;25,7%;4.292;22,0%;3.162;13,7%;1.270;14,3%;693;14,2%;161;11,7%;1.882
Formación profesional 2º grado, Bachiller Superior o BUP;19,1%;475.507;20,2%;33.983;20,4%;7.826;20,3%;9.787;20,9%;4.104;21,7%;3.629;20,1%;2.888;18,5%;1.711;18,3%;886;19,6%;222;18,2%;2.930
Titulados medios, diplomados, arquitecto o ingeniero técnico;9,7%;240.663;10,0%;16.921;8,6%;3.280;8,6%;4.158;10,1%;1.981;11,3%;1.894;11,3%;1.622;11,9%;1.100;14,0%;679;13,1%;148;12,8%;2.059
Estudios superiores, licenciado, arquitecto o ingeniero superior, estudios superiores no universitarios, doctorado, estudios postgraduados;27,3%;681.198;25,0%;42.066;16,3%;6.233;15,2%;7.328;20,7%;4.056;27,2%;4.542;30,7%;4.413;48,2%;4.469;45,9%;2.224;48,9%;554;51,3%;8.247
Nivel de estudios desconocido y no consta;0,1%;3.467;0,2%;322;0,2%;82;0,1%;51;0,2%;41;0,3%;54;0,2%;23;0,2%;19;0,2%;9;0,4%;5;0,2%;38
1.5.4. Programa de prevención y control del absentismo escolar;;;;;;;;;;;;;;;;;;;;;;
Casos trabajados por el programa de absentismo municipal (curso escolar 2017-2018);100,0%;3.901;2,9%;115;;;;;;;;;;;;;;;;;;
Casos trabajados HOMBRES;50,1%;1.955;56,5%;65;;;;;;;;;;;;;;;;;;
Casos trabajados MUJERES;49,9%;1.946;43,5%;50;;;;;;;;;;;;;;;;;;
1.6. SALUD;;;;;;;;;;;;;;;;;;;;;;
1.6.1. Hábitos y estilos de vida (2017. Estudio Madrid Salud);;;;;;;;;;;;;;;;;;;;;;
Sedentarismo;30,0%;;30,2%;;;;;;;;;;;;;;;;;;;
Sedentarismo HOMBRES ;25,2%;;;;;;;;;;;;;;;;;;;;;
Sedentarismo MUJERES ;34,0%;;;;;;;;;;;;;;;;;;;;;
Consumo de tabaco diario;18,9%;;14,1%;;;;;;;;;;;;;;;;;;;
Consumo de tabaco diario HOMBRES;20,2%;;;;;;;;;;;;;;;;;;;;;
Consumo de tabaco diario MUJERES ;17,9%;;;;;;;;;;;;;;;;;;;;;
Consumo de medicamentos ;66,3%;;66,8%;;;;;;;;;;;;;;;;;;;
Consumo de medicamentos HOMBRES  ;62,4%;;;;;;;;;;;;;;;;;;;;;
Consumo de medicamentos MUJERES ;69,7%;;;;;;;;;;;;;;;;;;;;;
1.6.2. Indicadores de nivel de salud (2017. Estudio Madrid Salud);;;;;;;;;;;;;;;;;;;;;;
Autopercepción de buen estado de salud  (% respuesta muy buena + buena);72,3%;;72,9%;;;;;;;;;;;;;;;;;;;
Autopercepción de buen estado de salud HOMBRES ;77,4%;;;;;;;;;;;;;;;;;;;;;
Autopercepción de buen estado de salud MUJERES ;68,0%;;;;;;;;;;;;;;;;;;;;;
Calidad de vida relacionada con la salud (CVRS) ;20,2%;;20,2%;;;;;;;;;;;;;;;;;;;
Calidad de vida relacionada con la salud (CVRS) HOMBRES;19,0%;;;;;;;;;;;;;;;;;;;;;
Calidad de vida relacionada con la salud (CVRS) MUJERES;21,1%;;;;;;;;;;;;;;;;;;;;;
Presencia de enfermedad crónica ;39,8%;;40,2%;;;;;;;;;;;;;;;;;;;
Presencia de enfermedad crónica HOMBRES ;36,6%;;;;;;;;;;;;;;;;;;;;;
Presencia de enfermedad crónica MUJERES;42,4%;;;;;;;;;;;;;;;;;;;;;
Hipertensión arterial;18,8%;;21,3%;;;;;;;;;;;;;;;;;;;
Hipertensión arterial HOMBRES;19,7%;;;;;;;;;;;;;;;;;;;;;
Hipertensión arterial MUJERES;18,1%;;;;;;;;;;;;;;;;;;;;;
Diabetes Mellitus;6,0%;;5,5%;;;;;;;;;;;;;;;;;;;
Diabetes Mellitus HOMBRES;6,9%;;;;;;;;;;;;;;;;;;;;;
Diabetes Mellitus MUJERES;5,3%;;;;;;;;;;;;;;;;;;;;;
Personas con obesidad ;12,2%;;12,7%;;;;;;;;;;;;;;;;;;;
Personas con obesidad HOMBRES ;13,3%;;;;;;;;;;;;;;;;;;;;;
Personas con obesidad MUJERES;11,2%;;;;;;;;;;;;;;;;;;;;;
Personas con sobrepeso;33,5%;;35,1%;;;;;;;;;;;;;;;;;;;
Personas con sobrepeso HOMBRES;41,1%;;;;;;;;;;;;;;;;;;;;;
Personas con sobrepeso MUJERES;27,0%;;;;;;;;;;;;;;;;;;;;;
Personas mayores de 65 años con alguna dependencia funcional;32,4%;;36,2%;;;;;;;;;;;;;;;;;;;
Alguna dependencia funcional HOMBRES ;39,1%;;;;;;;;;;;;;;;;;;;;;
Alguna dependencia funcional MUJERES;48,6%;;;;;;;;;;;;;;;;;;;;;
Probabilidad de padecer enfermedad mental (GHQ-12);21,1%;;18,8%;;;;;;;;;;;;;;;;;;;
Probabilidad de padecer enfermedad mental (GHQ-12) HOMBRES;16,6%;;;;;;;;;;;;;;;;;;;;;
Probabilidad de padecer enfermedad (GHQ-12) MUJERES;24,9%;;;;;;;;;;;;;;;;;;;;;
Prevalencia de obesidad en la población infantil (2017. Estudio Madrid Salud. UCM);15,8%;;17,1%;;;;;;;;;;;;;;;;;;;
1.6.3. Discapacidad reconocida (31/12/2015);;;;;;;;;;;;;;;;;;;;;;
Nº de personas con grado de discapacidad reconocido;5,6%;180.040;5,0%;10.747;;;;;;;;;;;;;;;;;;
Hombres;48,1%;86.609;47,3%;5.083;;;;;;;;;;;;;;;;;;
Mujeres;51,9%;93.431;52,7%;5.664;;;;;;;;;;;;;;;;;;
Mujeres por cada 100 hombres (Feminización de la discapacidad reconocida);;107,9;;111,4;;;;;;;;;;;;;;;;;;
1.7. CALIDAD DE VIDA  (2017. Estudio >16 años);;;;;;;;;;;;;;;;;;;;;;
1.7.1. Calidad de vida y agenda pública (indicador sintético 0-100);;;;;;;;;;;;;;;;;;;;;;
Satisfacción de vivir en su barrio ;;69,8;;74,0;;;;;;;;;;;;;;;;;;
Calidad de vida actual en su barrio ;;69,5;;72,2;;;;;;;;;;;;;;;;;;
Convivencia vecinal;;67,8;;71,7;;;;;;;;;;;;;;;;;;
1.7.2. Satisfacción con los servicios públicos (escala 0-10);;;;;;;;;;;;;;;;;;;;;;
Espacios verdes;;6,6;;6,3;;;;;;;;;;;;;;;;;;
Parques infantiles ;;6,3;;6,3;;;;;;;;;;;;;;;;;;
Centros culturales;;6,9;;7,4;;;;;;;;;;;;;;;;;;
Organización de fiestas y eventos populares;;6,7;;6,9;;;;;;;;;;;;;;;;;;
Instalaciones deportivas;;6,7;;7,3;;;;;;;;;;;;;;;;;;
Servicios sociales municipales;;6,6;;7,2;;;;;;;;;;;;;;;;;;
Desigualdad en las dotaciones de los barrios (% respuesta muy alta + alta);82,9%;;74,8%;;;;;;;;;;;;;;;;;;;
1.7.3. Principales problemas de la ciudadanía (% personas encuestadas);;;;;;;;;;;;;;;;;;;;;;
1º. Limpieza;41,1%;;33,6%;;;;;;;;;;;;;;;;;;;
2º. Contaminación del aire;15,0%;;0,0%;;;;;;;;;;;;;;;;;;;
3º. Tráfico / atascos;10,8%;;9,8%;;;;;;;;;;;;;;;;;;;
1.7.4. Percepción de seguridad (indicador sintético 0-100);;;;;;;;;;;;;;;;;;;;;;
Percepción de seguridad en Madrid;;69,0;;64,2;;;;;;;;;;;;;;;;;;
Percepción de seguridad en el barrio por el día;;75,4;;74,3;;;;;;;;;;;;;;;;;;
Percepción de seguridad en el barrio por la noche;;61,6;;58,6;;;;;;;;;;;;;;;;;;
1.7.5. Problemas que afectan a la seguridad en los espacios públicos del distrito (escala 0-10);;;;;;;;;;;;;;;;;;;;;;
1º. Residuos por excrementos de animales domésticos;;6,7;;6,4;;;;;;;;;;;;;;;;;;
2º. Estacionamientos indebidos;;3,8;;4,7;;;;;;;;;;;;;;;;;;
3º. Uso indebido de parques y espacios públicos;;4,2;;4,5;;;;;;;;;;;;;;;;;;
1.7.6. Administración de la ciudad (% de respuesta);;;;;;;;;;;;;;;;;;;;;;
Medio de información de la actividad del Ayuntamiento: REDES SOCIALES;19,3%;;21,7%;;;;;;;;;;;;;;;;;;;
Preferencia de contacto con el Ayuntamiento: EN PERSONA;48,6%;;66,4%;;;;;;;;;;;;;;;;;;;
Percepción sobre la administración del Ayto. en los últimos 5 años: HA MEJORADO;35,3%;;30,1%;;;;;;;;;;;;;;;;;;;
Percepción sobre la administración del Ayto. en los últimos 5 años: HA EMPEORADO;14,5%;;14,0%;;;;;;;;;;;;;;;;;;;
1.7.7. Amigabilidad de la ciudad (% respuesta mucho + bastante);;;;;;;;;;;;;;;;;;;;;;
Madrid ciudad amigable con las personas lesbianas, gays, transexuales y bisexuales;70,8%;;73,5%;;;;;;;;;;;;;;;;;;;
1.8. INDICADORES DE VULNERABILIDAD;;;;;;;;;;;;;;;;;;;;;;
1.8.1. Índice de vulnerabilidad territorial (2018);;;;;;;;;;;;;;;;;;;;;;
Índice de vulnerabilidad territorial;;;;0,0075;;0,0084;;0,0084;;0,0085;;0,0078;;0,0076;;0,0070;;0,0070;;0,0066;;0,0067
Posición en el ranking de distritos y/o barrios de vulnerabilidad territorial;;;;12;;47;;46;;45;;58;;65;;80;;81;;88;;86
1.8.2. Tasa de riesgo de pobleza o exclusión social. Indicador AROPE (2017. Encuesta de Condiciones de Vida);;;;;;;;;;;;;;;;;;;;;;
Tasa de riesgo de pobleza o exclusión social;26,0%;;;;;;;;;;;;;;;;;;;;;
Tasa de riesgo de pobleza o exclusión social HOMBRES;23,9%;;;;;;;;;;;;;;;;;;;;;
Tasa de riesgo de pobleza o exclusión social MUJERES;27,9%;;;;;;;;;;;;;;;;;;;;;
Tasa de riesgo de pobleza o exclusión social N. ESPAÑOLA (>16 años);22,0%;;;;;;;;;;;;;;;;;;;;;
Tasa de riesgo de pobleza o exclusión social N. EXTRANJERA UNIÓN EUROPEA (>16 años);18,1%;;;;;;;;;;;;;;;;;;;;;
Tasa de riesgo de pobleza o exclusión social N. EXTRANJERA RESTO DEL MUNDO (>16 años);63,2%;;;;;;;;;;;;;;;;;;;;;
1.8.3. Tasa de riesgo de pobreza de los hogares (2016. Estudio de Necesidades Sociales. Hogares);;;;;;;;;;;;;;;;;;;;;;
Pareja o matrimonio con hijos;;35,7%;;;;;;;;;;;;;;;;;;;;
Hogar formado por madre con hijos a cargo;;41,1%;;;;;;;;;;;;;;;;;;;;
Nacido en España;;26,4%;;;;;;;;;;;;;;;;;;;;
Nacido en un país fuera de la Unión Europea;;39,2%;;;;;;;;;;;;;;;;;;;;
1.8.4. Situación económica de los hogares (2016. Estudio de Necesidades Sociales. Hogares);;;;;;;;;;;;;;;;;;;;;;
Dificultad para llegar a fin de mes (% respuesta mucha dificultad + dificultad);;20,0%;;;;;;;;;;;;;;;;;;;;
Imposibilidad de hacer frente a un gasto imprevisto de 650€;;38,7%;;;;;;;;;;;;;;;;;;;;
Dificultad para hacer frente a los gastos derivados del suministro energético;;9,5%;;;;;;;;;;;;;;;;;;;;
Entrevistados que han acudido a Servicios Sociales Municipales para solicitar atención social;;10,0%;;;;;;;;;;;;;;;;;;;;
1.9. SERVICIOS SOCIALES;;;;;;;;;;;;;;;;;;;;;;
1.9.1. Población en general (2017);;;;;;;;;;;;;;;;;;;;;;
Personas atendidas en la Unidad de Primera Atención en Centros de Servicios Sociales;;129.281;6,0%;7.770;;;;;;;;;;;;;;;;;;
Solicitudes tramitadas de Renta Mínima de Inserción;;6.969;5,2%;359;;;;;;;;;;;;;;;;;;
Perceptores de prestación de la Renta Mínima de Inserción;;16.219;3,4%;548;;;;;;;;;;;;;;;;;;
Beneficiarios de prestaciones sociales de carácter económico;;13.632;4,5%;614;;;;;;;;;;;;;;;;;;
Total prestaciones sociales de carácter económico (€);;7.440.030;5,7%;426.583;;;;;;;;;;;;;;;;;;
1.9.2. Personas Mayores (2017);;;;;;;;;;;;;;;;;;;;;;
Personas con Servicio de Ayuda a Domicilio (modalidad auxiliar de hogar);;71.238;7,6%;5.400;;;;;;;;;;;;;;;;;;
Hombres;;16.914;7,7%;1.298;;;;;;;;;;;;;;;;;;
Mujeres;;54.324;7,6%;4.102;;;;;;;;;;;;;;;;;;
Personas socias de los Centros Municipales de Mayores;;325.924;8,5%;27.708;;;;;;;;;;;;;;;;;;
Hombres;;124.008;8,5%;10.519;;;;;;;;;;;;;;;;;;
Mujeres ;;201.916;8,5%;17.189;;;;;;;;;;;;;;;;;;
1.9.3. Menores y Familia (2017);;;;;;;;;;;;;;;;;;;;;;
Familias atendidas por el Equipo de Trabajo con Menores y Familia (ETMF);;7.519;4,1%;311;;;;;;;;;;;;;;;;;;
Demandas de intervención en los Centros de Atención a la Infancia (CAI);;2.130;5,5%;117;;;;;;;;;;;;;;;;;;
Menores atendidos por el Servicio de Ayuda a domicilio a Menores y Familias (SAD) ;;1.361;5,7%;77;;;;;;;;;;;;;;;;;;
1.10. VIVIENDA;;;;;;;;;;;;;;;;;;;;;;
1.10.1. PLAN MAD-RE: PLAN ESTRATÉGICO MADRID RECUPERA (Programa de actuaciones 2018-2030);;;;;;;;;;;;;;;;;;;;;;
Planes Integrales Territoriales de Barrios Apirus;;48;6,3%;3;;;;;;;;;;;;;;;;;;
Planes Integrales Territoriales de Ordenación y Gestión;;71;5,6%;4;;;;;;;;;;;;;;;;;;
Proyecto Estratégico Ambiental;;13;7,7%;1;;;;;;;;;;;;;;;;;;
Proyecto Estratégico de Espacio Público;;140;8,6%;12;;;;;;;;;;;;;;;;;;
Proyecto Estratégico de Movilidad;;103;6,8%;7;;;;;;;;;;;;;;;;;;
1.10.2. Estado de las viviendas;;;;;;;;;;;;;;;;;;;;;;
Nº Total de viviendas (Censo Edificios y Viviendas 2011);100%;1.530.955;100%;101.740;;;;;;;;;;;;;;;;;;
Viviendas anteriores a 1980;69,4%;1.061.825;74,4%;75.725;;;;;;;;;;;;;;;;;;
Estado ruinoso;0,2%;3.445;0,1%;85;;;;;;;;;;;;;;;;;;
Estado malo;0,8%;12.705;0,3%;260;;;;;;;;;;;;;;;;;;
Estado deficiente;4,4%;66.775;2,3%;2.385;;;;;;;;;;;;;;;;;;
Estado bueno;92,8%;1.420.265;96,1%;97.780;;;;;;;;;;;;;;;;;;
No consta;1,8%;27.770;1,2%;1.230;;;;;;;;;;;;;;;;;;
Valor catastral medio de los bienes inmuebles: personas físicas (2018);;91.159,1 €;92,1%;83.969,6 €;82,8%;69.508 €;83,5%;70.106 €;93,6%;78.617 €;100,8%;84.628 €;112,6%;94.529 €;122,1%;102.522 €;133,8%;112.368 €;200,2%;168.129 €;134,3%;112.754 €
Valor catastral medio de los bienes inmuebles: personas jurídicas (2018);;370.572,5 €;80,4%;298.114,6 €;94,4%;281.372 €;63,2%;188.297 €;59,3%;176.918 €;63,8%;190.075 €;177,5%;529.040 €;162,0%;482.849 €;97,0%;289.284 €;107,0%;318.904 €;107,8%;321.261 €
Superficie media de la vivienda (m2) en transacción (2017);;84;88,6%;74;91,5%;68;90,2%;67;89,1%;66;87,4%;65;111,1%;82;145,7%;108;129,6%;96;175,0%;130;149,3%;111
Duración media del crédito (meses) en transacción de vivienda (2017);;296;101,7%;301;101,7%;306;101,7%;306;96,7%;291;95,7%;288;101,7%;306;106,0%;319;90,0%;271; - ;0;96,0%;289
1.10.3. Tipología de las viviendas ;;;;;;;;;;;;;;;;;;;;;;
Nº Total de viviendas familiares (Censo Edificios y Viviendas 2001);100,0%;1.378.931;100,0%;99.555;100,0%;23.087;100,0%;26.064;100,0%;12.189;100,0%;10.987;100,0%;9.121;100,0%;5.671;100,0%;2.997;100,0%;776;100,0%;8.663
Principal;78,3%;1.080.306;81,6%;81.190;84,2%;19.430;84,5%;22.030;80,5%;9.818;76,9%;8.447;81,4%;7.424;76,6%;4.343;71,9%;2.154;63,7%;494;81,4%;7.050
Secundaria;7,7%;106.192;7,0%;6.965;5,0%;1.159;4,5%;1.176;7,6%;922;9,8%;1.080;9,7%;886;8,1%;458;16,4%;492;11,2%;87;8,1%;705
Desocupada;12,9%;178.377;10,7%;10.688;10,3%;2.376;10,6%;2.761;11,6%;1.412;12,4%;1.359;8,1%;743;12,4%;703;9,0%;271;25,0%;194;10,0%;869
Otro tipo;1,0%;13.998;0,7%;712;0,5%;122;0,4%;97;0,3%;37;0,9%;101;0,7%;68;2,9%;167;2,7%;80;0,1%;1;0,5%;39
1.10.4. Lanzamientos judiciales (Consejo General del Poder Judicial);;;;;;;;;;;;;;;;;;;;;;
Lanzamientos judiciales practicados (2013);100%;5.020;;;;;;;;;;;;;;;;;;;;
Como consecuencia de ejecuciones hipotecarias;29,9%;1.501;;;;;;;;;;;;;;;;;;;;
Como consecuencia de la Ley de Arrendamientos Urbanos;62,5%;3.137;;;;;;;;;;;;;;;;;;;;
Lanzamientos judiciales practicados (2017);100%;3.416;;;;;;;;;;;;;;;;;;;;
Como consecuencia de ejecuciones hipotecarias;19,1%;654;;;;;;;;;;;;;;;;;;;;
Como consecuencia de la Ley de Arrendamientos Urbanos;79,4%;2.713;;;;;;;;;;;;;;;;;;;;
1.11. MEDIO AMBIENTE Y RESIDUOS;;;;;;;;;;;;;;;;;;;;;;
1.11.1. Contaminantes del aire (2017);;;;;;;;;;;;;;;;;;;;;;
Partículas suspensión PM2.5 (µgr/m3) -Valor límite: 25 µgr/m3-;;10,2;;;;;;;;;;;;;;;;;;;;
Partículas suspensión PM10 (µgr/m3) -Valor límite: 40 µgr/m3-;;20,1;;;;;;;;;;;;;;;;;;;;
Dióxido de azufre - SO2 (µgr/m3) -Valor límite: 125 µgr/m3-;;7,0;;;;;;;;;;;;;;;;;;;;
Monóxido de carbono - CO2 (mg/m3) -Valor límite: 10 µgr/m3-;;0,4;;;;;;;;;;;;;;;;;;;;
Ozono - O3 (µgr/m3) -Valor límite: 120 µgr/m3-;;48,0;;;;;;;;;;;;;;;;;;;;
Dióxido de nitrógeno - NO2 (µgr/m3) -Valor límite: 40 µgr/m3-;;42,0;;;;;;;;;;;;;;;;;;;;
Temperatura media anual (ºC);;16,6º;;;;;;;;;;;;;;;;;;;;
Protocolo de contaminación: nº de episodios (2018);;4;;;;;;;;;;;;;;;;;;;;
"Protocolo de contaminación: nº de días ""Escenario 1"" (2018)";;7;;;;;;;;;;;;;;;;;;;;
1.11.2. Recogida domiciliaria de resíduos sólidos: envases y resto (2017);;;;;;;;;;;;;;;;;;;;;;
kg/habitante/año;;357;;290;;;;;;;;;;;;;;;;;;
kg/habitante/día;;0,978;;0,795;;;;;;;;;;;;;;;;;;
1.12. SEGURIDAD;;;;;;;;;;;;;;;;;;;;;;
Intervenciones de la Policía Municipal en materia de seguridad (2018);;;;;;;;;;;;;;;;;;;;;;
Relacionadas con las personas;;5.402;3,6%;195;;;;;;;;;;;;;;;;;;
Relacionadas con la tenencia de armas;;805;2,0%;16;;;;;;;;;;;;;;;;;;
Relacionadas con el patrimonio;;6.525;1,7%;109;;;;;;;;;;;;;;;;;;
Relacionadas con la tenencia y consumo de drogas;;8.750;2,0%;171;;;;;;;;;;;;;;;;;;
Expedientes instruidos por Agentes Tutores;;635;0,5%;3;;;;;;;;;;;;;;;;;;
Atestados/partes de accidentes de tráfico confeccionados;;16.229;6,4%;1.032;;;;;;;;;;;;;;;;;;
Detenidos e investigados de la Policía Municipal en materia de seguridad (2018);;;;;;;;;;;;;;;;;;;;;;
Total detenidos e investigados;100%;9.010;4,6%;417;;;;;;;;;;;;;;;;;;
Lesiones;4,4%;396;;;;;;;;;;;;;;;;;;;;
Violencia doméstica y de género;8,8%;790;;;;;;;;;;;;;;;;;;;;
Malos tratos a menores;0,9%;80;;;;;;;;;;;;;;;;;;;;
Abusos y agresiones sexuales;0,9%;81;;;;;;;;;;;;;;;;;;;;
Hurtos;10,5%;945;;;;;;;;;;;;;;;;;;;;
Robo con violencia e intimidación en personas;1,6%;144;;;;;;;;;;;;;;;;;;;;
Contra la salud pública;2,9%;257;;;;;;;;;;;;;;;;;;;;
Contra la seguridad vial;41,7%;3.758;;;;;;;;;;;;;;;;;;;;
1.13. RESULTADOS ELECCIONES LOCALES (2015);;;;;;;;;;;;;;;;;;;;;;
Censo electoral;100,0%;2.388.047;100%;163.737;100%;36.543;100%;45.489;100%;18.376;100%;15.961;100%;14.759;100,0%;9.511;100,0%;4.689;100,0%;1.186;100,0%;17.223
Abstención;31,2%;743.954;32,0%;52.326;34,8%;12.699;34,9%;15.878;34,8%;6.400;32,2%;5.136;27,4%;4.049;23,3%;2.219;26,3%;1.231;28,5%;338;25,4%;4.376
Votos blancos;0,7%;15.825;0,7%;1.098;0,7%;244;0,5%;236;0,6%;106;0,6%;103;0,8%;123;0,9%;87;0,9%;42;0,6%;7;0,9%;150
Votos a candidaturas;67,7%;1.616.217;66,9%;109.470;64,0%;23.403;63,9%;29.084;64,1%;11.783;66,8%;10.660;71,2%;10.509;75,4%;7.170;72,4%;3.395;70,7%;838;73,3%;12.628
PP;23,6%;564.154;25,4%;41.600;21,5%;7.873;20,2%;9.172;22,8%;4.183;26,2%;4.175;27,5%;4.059;33,9%;3.228;32,6%;1.527;38,5%;457;40,2%;6.926
PSOE;10,4%;249.286;10,3%;16.800;12,2%;4.448;12,5%;5.689;10,1%;1.852;8,8%;1.411;10,3%;1.523;6,3%;602;7,1%;335;5,1%;61;5,1%;879
Ahora Madrid;21,8%;519.721;19,4%;31.810;20,4%;7.442;20,6%;9.378;20,7%;3.811;20,5%;3.266;20,4%;3.015;19,5%;1.854;17,6%;824;13,6%;161;12,0%;2.059
Ciudadanos;7,8%;186.487;7,8%;12.789;5,8%;2.137;6,5%;2.958;6,5%;1.194;7,5%;1.201;9,2%;1.360;11,7%;1.116;11,7%;547;10,8%;128;12,5%;2.148
1.14. SERVICIOS Y EQUIPAMIENTOS MUNICIPALES;;;;;;;;;;;;;;;;;;;;;;
1.14.1. Servicios Sociales Municipales (2019);;;;;;;;;;;;;;;;;;;;;;
Centros de Servicios Sociales;;39;5,1%;2;;1;;1;;0;;0;;0;;0;;0;;0;;0
Centros Municipales de Mayores ;;90;8,9%;8;;2;;3;;0;;0;;1;;1;;0;;0;;1
Centros de Día de Alzheimer y Físicos;;89;7,9%;7;;0;;2;;0;;0;;3;;0;;0;;0;;2
Apartamentos Municipales para Mayores;;2;0,0%;0;;0;;0;;0;;0;;0;;0;;0;;0;;0
Residencias para personas Mayores ;;3;33,3%;1;;0;;0;;0;;0;;0;;0;;0;;0;;1
Centros de Apoyo a las Familias (CAF);;7;0,0%;0;;0;;0;;0;;0;;0;;0;;0;;0;;0
Centros de Atención a la Infancia (CAI);;13;0,0%;0;;0;;0;;0;;0;;0;;0;;0;;0;;0
Centro de Día de Atención a Niños y Niñas (de 3 a 12 años);;28;3,6%;1;;0;;0;;0;;0;;1;;0;;0;;0;;0
Espacios de Ocio para Adolescentes (El Enredadero);;5;0,0%;0;;0;;0;;0;;0;;0;;0;;0;;0;;0
Centros de Adolescentes y Jóvenes (ASPA) ;;9;0,0%;0;;0;;0;;0;;0;;0;;0;;0;;0;;0
Centros para personas sin hogar;;12;0,0%;0;;0;;0;;0;;0;;0;;0;;0;;0;;0
1.14.2. Género (2019);;;;;;;;;;;;;;;;;;;;;;
Espacios de Igualdad;;13;0,0%;0;;0;;0;;0;;0;;0;;0;;0;;0;;0
1.14.3. Salud (2019);;;;;;;;;;;;;;;;;;;;;;
Centros Municipales de Salud Comunitaria (CMSC);;16;6,3%;1;;1;;0;;0;;0;;0;;0;;0;;0;;0
Centros de Atención a las Adicciones (CAD y CCAD);;10;0,0%;0;;0;;0;;0;;0;;0;;0;;0;;0;;0
1.14.4. Cultura (2019);;;;;;;;;;;;;;;;;;;;;;
Nº de Bibliotecas Municipales;;34;8,8%;3;;1;;2;;0;;0;;0;;0;;0;;0;;0
Nº de Bibliotecas Comunidad Madrid;;16;0,0%;0;;0;;0;;0;;0;;0;;0;;0;;0;;0
Nº de Centros Culturales;;108;7,4%;8;;2;;1;;1;;1;;0;;1;;0;;0;;2
1.14.5. Deportes (2019);;;;;;;;;;;;;;;;;;;;;;
Centros deportivos Municipales;;72;5,6%;4;0,0%;0;50,0%;2;0,0%;0;25,0%;1;0,0%;0;25,0%;1;0,0%;0;0,0%;0;0,0%;0
Superficie deportiva m2 (2017);;2.074.404;2,8%;57.203;;;;;;;;;;;;;;;;;;
Instalaciones deportivas básicas;;477;6,5%;31;22,6%;7;25,8%;8;0,0%;0;16,1%;5;12,9%;4;6,5%;2;0,0%;0;6,5%;2;9,7%;3
Acceso controlado (2017);;97;5,2%;5;;;;;;;;;;;;;;;;;;
Campos de fútbol 11;;21;4,8%;1;;0;;0;;0;;1;;0;;0;;0;;0;;0
Pista de atletismo ;;7;14,3%;1;;0;;0;;0;;1;;0;;0;;0;;0;;0
Piscinas cubiertas;;49;8,2%;4;;0;;2;;0;;1;;0;;1;;0;;0;;0
Piscinas de verano;;23;4,3%;1;;0;;0;;0;;1;;0;;0;;0;;0;;0
1.14.6. Zonas verdes (2016);;;;;;;;;;;;;;;;;;;;;;
Zonas verdes (Ha);;6.219,15;2,1%;131,21;;;;;;;;;;;;;;;;;;
"Relación de zona verde (m2)/habitante (deseables 15m2/hab; mínimo 10m2/hab)";;19,30;;6,12;;;;;;;;;;;;;;;;;;
1.14.7. Educación (Curso académico 2018-2019);;;;;;;;;;;;;;;;;;;;;;
Escuelas Infantiles Municipales (2019);;56;7,1%;4;;0;;2;;0;;0;;1;;1;;0;;0;;0
Escuelas Infantiles Públicas CAM;;150;5,3%;8;;;;;;;;;;;;;;;;;;
Escuelas Infantiles Privadas;;419;6,2%;26;;;;;;;;;;;;;;;;;;
Colegios Públicos Infantil y Primaria (+ 3 centros con Secundaria);;247;4,9%;12;;;;;;;;;;;;;;;;;;
Institutos Públicos de Educación Secundaria;;112;4,5%;5;;;;;;;;;;;;;;;;;;
Colegios Privados Inf. o Pri. o Inf. y Pri.;;88;4,5%;4;;;;;;;;;;;;;;;;;;
Colegios Privados Inf., Pri. y Sec. o Pri. y Sec. ;;274;10,2%;28;;;;;;;;;;;;;;;;;;
1.14.8. Empresa y Comercio (2019);;;;;;;;;;;;;;;;;;;;;;
Mercados Municipales;;45;6,7%;3;;1;;0;;0;;1;;1;;0;;0;;0;;0
1.15. PARTICIPACIÓN CIUDADANA ;;;;;;;;;;;;;;;;;;;;;;
1.15.1. Entidades de participación ciudadana (2019) ;;;;;;;;;;;;;;;;;;;;;;
Asociaciones (Sección 1ª);;2.412;5,2%;125;25,6%;32;23,2%;29;14,4%;18;14,4%;18;12,0%;15;4,0%;5;2,4%;3;0,0%;0;4,0%;5
Nº de asociaciones culturales y casas regionales;;489;3,7%;18;22,2%;4;22,2%;4;11,1%;2;27,8%;5;11,1%;2;0,0%;0;0,0%;0;0,0%;0;5,6%;1
Nº de asociaciones de mujeres;;75;2,7%;2;50,0%;1;0,0%;0;0,0%;0;50,0%;1;0,0%;0;0,0%;0;0,0%;0;0,0%;0;0,0%;0
Nº de asociaciones de vecinos;;221;2,7%;6;16,7%;1;0,0%;0;16,7%;1;16,7%;1;16,7%;1;16,7%;1;0,0%;0;0,0%;0;16,7%;1
Fundaciones (Sección 2ª);;24;4,2%;1;0,0%;0;0,0%;0;0,0%;0;100,0%;1;0,0%;0;0,0%;0;0,0%;0;0,0%;0;0,0%;0
1.15.2 Decide Madrid;;;;;;;;;;;;;;;;;;;;;;
Presupuestos participativos 2018: nº propuestas;;3.323;3,9%;130;;;;;;;;;;;;;;;;;;
Presupuestos participativos 2018: nº participantes;;115.594;3,0%;3492;;;;;;;;;;;;;;;;;;
Votación ciudadana 2017: nº votaciones;;217.323;6,5%;14.168;;;;;;;;;;;;;;;;;;
;;;;;;;;;;;;;;;;;;;;;;
;;;;;;;;;;;;;;;;;;;;;;
1.16. PRESUPUESTO 2019;;;;;;;;;;;;;;;;;;;;;;
PROGRAMA;;CAPÍTULOS;;;;;;;;;;;;;;;;;;;;
;;1;;2;;3;;4;;5;;6;;7;;TOTAL;;;;;;
OTRAS ACTUACIONES EN VÍAS PÚBLICAS;153.22;;;30.000 €;;;;;;;;;;;;30.000 €;;;;;;
FAMILIA E INFANCIA;231.02;;;509.005 €;;;;240.000 €;;;;;;10.000 €;;759.005 €;;;;;;
PERSONAS MAYORES Y SERVICIOS SOCIALES;231.03;;;11.138.231 €;;;;30.000 €;;;;;;10.000 €;;11.178.231 €;;;;;;
INTEGRACIÓN COMUNITARIA Y EMERGENCIA SOCIAL;231.06;2.425.494 €;;398.082 €;;;;121.091 €;;;;8.000 €;;;;2.952.667 €;;;;;;
SALUBRIDAD PÚBLICA;311.01;329.851 €;;32.471 €;;;;;;;;;;;;362.322 €;;;;;;
CENTROS DOCENTES ENSEÑANZA INFANTIL Y PRIMARIA;323.01;;;3.426.310 €;;;;;;;;100.000 €;;;;3.526.310 €;;;;;;
ABSENTISMO;325.01;;;20.000 €;;;;;;;;;;;;20.000 €;;;;;;
SERVICIOS COMPLEMENTARIOS EDUCACIÓN;326.01;;;272.096 €;;;;;;;;;;;;272.096 €;;;;;;
ACTIVIDADES CULTURALES;334.01;456.811 €;;1.367.664 €;;;;;;;;;;;;1.824.475 €;;;;;;
ACTUACIONES DEPORTIVAS EN DISTRITOS;341.01;;;18.500 €;;;;;;;;;;;;18.500 €;;;;;;
INSTALACIONES DEPORTIVAS;342.01;6.327.099 €;;1.206.278 €;;;;29.904 €;;;;500.000 €;;;;8.063.281 €;;;;;;
CONSUMO;493.00;211.844 €;;350 €;;;;;;;;;;;;212.194 €;;;;;;
CONCEJALÍA-PRESIDENCIA DEL DISTRITO;912.2;381.976 €;;3.267 €;;;;;;;;;;;;385.243 €;;;;;;
DIREC. Y GESTIÓN ADMTVA. DEL DISTRITO;920.01;3.319.942 €;;353.296 €;;;;;;;;10.150 €;;;;3.683.388 €;;;;;;
PARTICIPACIÓN CIUDADANA Y VOLUNTARIADO;924.01;;;;;;;48.000 €;;;;;;;;48.000 €;;;;;;
EDIFICIOS;933.02;;;2.167.965 €;;;;;;;;;;;;2.167.965 €;;;;;;
CENTRO 001;;13.453.017 €;;20.943.515 €;;0 €;;468.995 €;;0 €;;618.150 €;;20.000 €;;35.503.677 €;;;;;;
SECCIÓN 215;;13.453.017 €;;20.943.515 €;;0 €;;468.995 €;;0 €;;618.150 €;;20.000 €;;35.503.677 €;;;;;;
