19. VICÁLVARO. INFORMACIÓN DE DISTRITO Y BARRIOS;;;;;;;;;;;;;;;;;;;;
 ;CIUDAD;;VICÁLVARO;;Casco Histórico de Vicálvaro;;Valdebernardo;;Valderrivas;;El Cañaveral;;;;;;;;;
1.1 CARACTERÍSTICAS GENERALES DEL DISTRITO-BARRIO;;;;;;;;;;;;;;;;;;;;
Superficie (Ha.) ;;60.445,52;3.526,67;;2.149,42;;255,51;;64,32;;1.057,43;;;;;;;;;
Densidad (hab./Ha.) ;;54,03;20,45;;16,20;;69,03;;282,07;;1,45;;;;;;;;;
1.2. LA POBLACIÓN DEL DISTRITO;;;;;;;;;;;;;;;;;;;;
1.2.1. Estructura de la población (01/01/2019);;;;;;;;;;;;;;;;;;;;
Sexo de la población;100%;3.266.126;2,2%;72.126;48,3%;34.816;24,5%;17.638;25,2%;18.142;2,1%;1.530;;;;;;;;
Hombres;46,6%;1.521.178;48,3%;34.848;48,2%;16.781;47,6%;8.388;49,0%;8.894;51,3%;785;;;;;;;;
Mujeres;53,4%;1.744.948;51,7%;37.278;51,8%;18.035;52,4%;9.250;51,0%;9.248;48,7%;745;;;;;;;;
Edad media de la población;;44,14;;40,83;;44,09;;41,26;;34,83;;32,54;;;;;;;;
De 0 a 14 años;13,3%;435.675;17,4%;12.584;14,1%;4.902;12,7%;2.247;27,9%;5.069;23,9%;366;;;;;;;;
De 15 a 29;15,7%;512.070;16,1%;11.621;15,6%;5.439;23,1%;4.078;10,6%;1.916;12,3%;188;;;;;;;;
De 30 a 44;22,8%;744.312;20,9%;15.070;22,5%;7.839;12,8%;2.259;24,0%;4.358;40,1%;614;;;;;;;;
De 45 a 64;27,9%;912.424;31,1%;22.427;26,4%;9.203;40,4%;7.125;31,9%;5.786;20,5%;313;;;;;;;;
De 65 a 79;13,0%;423.670;9,6%;6.909;13,4%;4.677;8,1%;1.430;4,2%;758;2,9%;44;;;;;;;;
De 80 y + ;7,3%;237.975;4,9%;3.515;7,9%;2.756;2,8%;499;1,4%;255;0,3%;5;;;;;;;;
De 65 y +;20,3%;661.645;14,5%;10.424;21,3%;7.433;10,9%;1.929;5,6%;1.013;3,2%;49;;;;;;;;
Población en etapa educativa (De 3 a 16 años -16 no incluidos-);11,6%;379.646;16,3%;11.729;12,6%;4.373;12,8%;2.252;26,6%;4.821;18,5%;283;;;;;;;;
Proporción de juventud (Población de 0-15 años/Población total);14,2%;;18,7%;;15,0%;;14,4%;;29,3%;;24,7%;;0,08034673;;0,070268018;;0,128300431;;0,121910162;
Proporción de envejecimiento (Población > 65 años/Población total);20,3%;;14,5%;;21,4%;;10,9%;;5,6%;;3,2%;;0,1629;;0,1705;;0,231564922;;0,202622486;
Proporción de sobreenvejecimiento (Población > 80 años/Población >65 años);36,0%;;33,7%;;37,1%;;25,9%;;25,2%;;10,2%;;0,3508;;0,3157;;0,340399758;;0,335373852;
Índice de envejecimiento activo (2017);;37,0;;;;;;;;;;;;;;;;;;
Hombres;;38,6;;;;;;;;;;;;;;;;;;
Mujeres;;35,8;;;;;;;;;;;;;;;;;;
Proporción de dependencia (Población de 0-15 + población 65 y + / Pob. 16-64) ;52,6%;;49,56;;57,23;;34,01;;53,52;;38,71;;0,3214;;0,3163;;0,562171341;;0,480456453;
Personas con nacionalidad española;85,9%;2.805.478;87,9%;63.385;80,2%;27.933;93,9%;16.558;96,4%;17.493;91,6%;1.401;0,39252189;24880;0,084073519;5329;0,385580185;24440;0;
Personas con nacionalidad española HOMBRES;46,6%;1.308.240;48,3%;30.633;47,9%;13.379;47,8%;7.911;49,2%;8.613;52,1%;730;0,488504823;12154;0,519609683;2769;0,471849427;11532;#¡DIV/0!;
Personas con nacionalidad española MUJERES;53,4%;1.497.238;51,7%;32.752;52,1%;14.554;52,2%;8.647;50,8%;8.880;47,9%;671;0,511495177;12726;0,480390317;2560;0,528150573;12908;#¡DIV/0!;
Personas con nacionalidad extranjera;14,1%;460.623;12,1%;8.741;19,8%;6.883;6,1%;1.080;3,6%;649;8,4%;129;0,2158;6845;0,2737;2008;0,2737;4079;0,2737;
Personas con nacionalidad extranjera HOMBRES;46,2%;212.925;48,2%;4.215;49,4%;3.402;44,2%;477;43,3%;281;42,6%;55;0,498612126;3413;0,488047809;980;0,450845796;1839;#¡DIV/0!;
Personas con nacionalidad extranjera MUJERES;53,8%;247.698;51,8%;4.526;50,6%;3.481;55,8%;603;56,7%;368;57,4%;74;0,501387874;3432;0,511952191;1028;0,549154204;2240;#¡DIV/0!;
Proporción de inmigrantes (Extranjeros menos UE y resto países de OCDE / Población total);9,8%;;6,8%;;10,9%;;4,0%;;1,8%;;4,4%;;0,116;;0,137;;0,0875206;;0,037210951;
1ª nacionalidad extranjera en el Distrito: Rumanía (% respecto total extranjeros del distrito);9,7%;44.738;29,6%;2583;32,9%;2.266;16,4%;177;16,9%;110;23,3%;30;0,121256392;830;0,116035857;233;0,476593625;957;0;
2ª nacionalidad extranjera en el Distrito: Marruecos (% respecto total extranjeros del distrito);4,9%;22.470;9,3%;811;10,6%;731;5,4%;58;1,5%;10;9,3%;12;0,002337473;16;0,008466135;17;0,114043825;229;0;
1.2.2. Estructura de los hogares (01-01-2019);;;;;;;;;;;;;;;;;;;;
Nº total de hogares;100%;1.290.164;2,0%;26.232;50,4%;13.210;23,3%;6.103;24,0%;6.304;2,3%;615;;;;;;;;
Tamaño medio del hogar;;2,53  ;;2,75;;2,64;;2,89;;2,88;;2,49;;;;;;;;
Hogares con una mujer sola >65 años;9,8%;126.044;6,6%;1.744;10,5%;1.382;4,0%;247;1,8%;114;0,2%;1;;;;;;;;
Hogares con un hombre solo >65 años;2,8%;36.720;2,2%;585;3,3%;433;1,6%;95;0,8%;53;0,7%;4;;;;;;;;
Hogares monoparentales: una mujer adulta con uno o más menores;21,1%;27.460;3,0%;782;2,4%;316;2,1%;127;5,1%;323;2,6%;16;;;;;;;;
Hogares monoparentales: un hombre adulto con uno o más menores;0,4%;5.491;0,5%;137;0,3%;39;0,4%;26;1,1%;70;0,3%;2;;;;;;;;
1.2.3. Dinámica demográfica;;;;;;;;;;;;;;;;;;;;
Tasa bruta de natalidad 2018 (‰);;8,57;;7,2;;7,9;;4,4;;7,2;;28,3;;;;;;;;
Tasa de crecimiento demográfico 2018 (%);;1,37;;1,6;;1,8;;0,0;;-0,2;;47,3;;;;;;;;
Esperanza de vida al nacer MUJERES *(mortalidad del periodo 2013-2016);;87,5;;87,3;;87,8;;86,8;;87,3;;87,3;;;;;;;;
Esperanza de vida al nacer HOMBRES *(mortalidad del periodo 2013-2016);;81,9;;82,5;;83,5;;80,8;;82,1;;82,1;;;;;;;;
Esperanza de vida al nacer MUJERES (2018);;87,6;;87,2;;;;;;;;;;;;;;;;
Esperanza de vida al nacer HOMBRES (2018);;82,2;;82,4;;;;;;;;;;;;;;;;
Esperanza de vida > 65 años MUJERES (2018);;24,6;;23,5;;;;;;;;;;;;;;;;
Esperanza de vida > 65 años HOMBRES (2018);;20,6;;20,6;;;;;;;;;;;;;;;;
1.2.4. Mujeres y hombres;;;;;;;;;;;;;;;;;;;;
Índice de desigualdad de género IDG (2018);;0,8308;;;;;;;;;;;;;;;;;;
Índice de desigualdad de género IDG (2008);;0,7462;;;;;;;;;;;;;;;;;;
1.3. INDICADORES ECONÓMICOS ;;;;;;;;;;;;;;;;;;;;
Renta neta media anual de los hogares (Urban Audit). 2016;;39.613,0 €;81%;32.152 €;76%;24.578 €;123%;39.389 €;125%;40.053 €;61%;19.674 €;;;;;;;;
Renta disponible Bruta Per Cápita 2016(a);;21.755;;18.659,7 €;;;;;;;;;;;;;;;;
Crecimiento/decrecimiento Renta Bruta Per Cápita 2016(a)-2008;3,1%;658;-0,5%;-91,1 €;;;;;;;;;;;;;;;;
Pensión media mensual del Distrito HOMBRES (2018);;1.456,2 €;; 1.356,8 € ;;;;;;;;;;;;;;;;
Pensión media mensual del Distrito MUJERES (2018);;954,0 €;; 839,7 € ;;;;;;;;;;;;;;;;
1.4. INDICADORES DE DESEMPLEO;;;;;;;;;;;;;;;;;;;;
Tasa de actividad global ciudad de Madrid (EPA. 1º trimestre 2020);61,2%;;;;;;;;;;;;;;;;;;;
Hombres ;66,4%;;;;;;;;;;;;;;;;;;;
Mujeres;57,0%;;;;;;;;;;;;;;;;;;;
Número de parados ciudad de Madrid (EPA. 1º trimestre 2020) (miles);;176,6;;;;;;;;;;;;;;;;;;
Hombres (miles);;83,9;;;;;;;;;;;;;;;;;;
Mujeres (miles);;92,7;;;;;;;;;;;;;;;;;;
Paro registrado (nº de personas registradas en SEPE en febrero 2020);;167.188;2,7%;4.550;54,0%;2.457;27,4%;1.247;14,7%;667;2,1%;94;;;;;;;;
Tasa absoluta de paro registrado (febrero 2020);7,6%;;9,0%;;10,8%;;9,5%;;5,6%;;5,3%;;0,0651;;0,0655;;0,0884;;0,0623;
Tasa absoluta de paro registrado MUJERES;8,1%;;10,3%;;11,6%;;11,0%;;7,2%;;7,7%;;0,0668;;0,0656;;0,0997;;0,073;
De 16 a 24 años;4,2%;;6,3%;;7,9%;;6,4%;;2,3%;;11,0%;;0,0261;;0,0229;;0,0436;;0,0131;
De 25 a 44 años;7,5%;;10,9%;;12,4%;;12,9%;;7,3%;;5,1%;;0,0555;;0,0543;;0,0944;;0,0817;
De 45 a 64 años;9,8%;;11,0%;;12,0%;;11,8%;;8,1%;;12,5%;;0,0957;;0,0937;;0,1202;;0,0855;
Tasa absoluta de paro registrado HOMBRES ;7,0%;;7,8%;;10,0%;;7,8%;;4,0%;;3,1%;;0,0634;;0,0654;;0,0762;;0,0508;
De 16 a 24 años;4,4%;;6,1%;;7,1%;;5,9%;;4,4%;;4,8%;;0,0293;;0,0129;;0,039;;0,0196;
De 25 a 44 años;6,0%;;7,8%;;8,8%;;10,1%;;4,2%;;3,2%;;0,0479;;0,0523;;0,0606;;0,0439;
De 45 a 64 años;8,9%;;8,3%;;12,3%;;7,4%;;3,9%;;2,8%;;0,0966;;0,0966;;0,1032;;0,0671;
Parados de larga duración (febrero 2020);38,2%;63.943;42,1%;1.917;;;;;;;;;;;;;;;;
Hombres;39,7%;25.381;37,6%;721;;;;;;;;;;;;;;;;
Mujeres ;60,3%;38.562;62,4%;1.196;;;;;;;;;;;;;;;;
Parados que SÍ perciben prestaciones (febrero 2020);43,4%;72.603;37,5%;1.704;;;;;;;;;;;;;;;;
Hombres;48,2%;34.979;46,8%;798;;;;;;;;;;;;;;;;
Mujeres ;51,8%;37.624;53,2%;906;;;;;;;;;;;;;;;;
Parados que NO perciben prestaciones (febrero 2020);56,6%;94.585;62,5%;2.846;;;;;;;;;;;;;;;;
Hombres;41,3%;39.063;39,2%;1.117;;;;;;;;;;;;;;;;
Mujeres ;58,7%;55.522;60,8%;1.729;;;;;;;;;;;;;;;;
1.5. EDUCACIÓN;;;;;;;;;;;;;;;;;;;;
1.5.1. Población en etapas educativas (01/01/2018);100,0%;464338;100,0%;13.476;100,0%;5.239;100,0%;2.547;100,0%;5.312;100,0%;378;;;;;;;;
0 a 2 años;18,2%;84.692;13,0%;1.747;16,5%;866;11,6%;295;9,2%;491;25,1%;95;;;;;;;;
Infantil (3 a 5 años);18,7%;86.684;15,4%;2.080;17,5%;919;12,1%;308;14,6%;774;20,9%;79;;;;;;;;
Primaria (6 a 11 años);38,4%;178.445;43,4%;5.842;41,1%;2.154;36,0%;918;49,4%;2.626;38,1%;144;;;;;;;;
Secundaria (12 a 15 años);24,7%;114.517;28,3%;3.807;24,8%;1.300;40,3%;1.026;26,8%;1.421;15,9%;60;;;;;;;;
Etapas educativas. Total niños;51,2%;237557;50,8%;6.848;51,3%;2.687;50,9%;1.296;50,2%;2.667;52,4%;198;;;;;;;;
0 a 2 años;18,2%;43.261;13,3%;910;16,5%;443;11,7%;152;10,0%;266;24,7%;49;;;;;;;;
Infantil (3 a 5 años);18,7%;44.354;15,4%;1.052;17,2%;463;11,8%;153;14,5%;388;24,2%;48;;;;;;;;
Primaria (6 a 11 años);38,5%;91.575;43,8%;2.998;42,2%;1134;37,1%;481;49,1%;1309;37,4%;74;;;;;;;;
Secundaria (12 a 15 años);24,6%;58.367;27,6%;1.888;24,1%;647;39,4%;510;26,4%;704;13,6%;27;;;;;;;;
Etapas educativas. Total niñas;48,8%;226.781;49,2%;6.628;48,7%;2.552;49,1%;1.251;49,8%;2.645;47,6%;180;;;;;;;;
0 a 2 años;18,3%;41.431;12,6%;837;16,6%;423;11,4%;143;8,5%;225;25,6%;46;;;;;;;;
Infantil (3 a 5 años);18,7%;42.330;15,5%;1.028;17,9%;456;12,4%;155;14,6%;386;17,2%;31;;;;;;;;
Primaria (6 a 11 años);38,3%;86.870;42,9%;2.844;40,0%;1020;34,9%;437;49,8%;1317;38,9%;70;;;;;;;;
Secundaria (12 a 15 años);24,8%;56.150;29,0%;1.919;25,6%;653;41,2%;516;27,1%;717;18,3%;33;;;;;;;;
1.5.2. Escolarización de alumnos por tipo de centro (año escolar 2017/18);100,0%;519.294;100%;12.131;;;;;;;;;;;;;;;;
En centros PRIVADOS CONCERTADOS;43,1%;223.703;28,5%;3.453;;;;;;;;;;;;;;;;
En centros PRIVADOS SIN CONCIERTO;17,9%;92.853;4,9%;592;;;;;;;;;;;;;;;;
En centros PÚBLICOS;39,0%;202.738;66,7%;8.086;;;;;;;;;;;;;;;;
Total alumnos extranjeros;10,6%;54.812;10,2%;1.240;;;;;;;;;;;;;;;;
En centros PRIVADOS CONCERTADOS;34,9%;19.103;30,7%;381;;;;;;;;;;;;;;;;
En centros PRIVADOS SIN CONCIERTO;9,1%;4.965;0,3%;4;;;;;;;;;;;;;;;;
En centros PÚBLICOS;56,1%;30.744;69,0%;855;;;;;;;;;;;;;;;;
Total alumnos con necesidades de apoyo educativo;4,0%;20.898;4,9%;590;;;;;;;;;;;;;;;;
En centros PRIVADOS CONCERTADOS;49,2%;10.285;23,6%;139;;;;;;;;;;;;;;;;
En centros PRIVADOS SIN CONCIERTO;4,6%;963;0,0%;0;;;;;;;;;;;;;;;;
En centros PÚBLICOS;46,2%;9.650;76,4%;451;;;;;;;;;;;;;;;;
1.5.3. Nivel de estudios de la población ≥ 25 años (01/01/2019);;;;;;;;;;;;;;;;;;;;
No sabe leer ni escribir o sin estudios;4,9%;123.025;7,3%;3.752;11,3%;2.999;4,6%;573;1,5%;171;0,8%;9;;;;;;;;
Primaria incompleta;11,6%;291.746;13,7%;7.064;20,0%;5.303;9,3%;1.145;4,8%;552;5,9%;64;;;;;;;;
Bachiller Elemental, Graduado Escolar, ESO, Formación profesional 1º grado;26,4%;666.553;32,8%;16.922;39,5%;10.472;27,2%;3.361;23,5%;2.721;33,8%;368;;;;;;;;
Formación profesional 2º grado, Bachiller Superior o BUP;19,1%;482.262;20,4%;10.530;15,6%;4.143;24,9%;3.077;26,1%;3.019;26,7%;291;;;;;;;;
Titulados medios, diplomados, arquitecto o ingeniero técnico;9,5%;240.302;9,2%;4.741;4,9%;1.295;11,2%;1.379;16,7%;1.938;11,8%;129;;;;;;;;
Estudios superiores, licenciado, arquitecto o ingeniero superior, estudios superiores no universitarios, doctorado, estudios postgraduados;28,4%;717.868;16,5%;8.508;8,6%;2.286;22,7%;2.806;27,5%;3.187;21,0%;229;;;;;;;;
Nivel de estudios desconocido y no consta;0,1%;3.253;0,0%;5;0,0%;4;0,0%;1;0,0%;0;0,0%;0;;;;;;;;
1.5.4. Programa de prevención y control del absentismo escolar;;2.525.009;1;51.522;1;26.502;1;12.342;1;11.588;1;1.090;0;0;0;0;0;0;0;
Casos trabajados por el programa de absentismo municipal (curso escolar 2018-2019);100,0%;4.025;1,8%;72;;;;;;;;;;;;;;;;
Casos trabajados HOMBRES;51,2%;2.060;52,8%;38;;;;;;;;;;;;;;;;
Casos trabajados MUJERES;48,8%;1.965;47,2%;34;;;;;;;;;;;;;;;;
1.6. SALUD;;;;;;;;;;;;;;;;;;;;
1.6.1. Hábitos y estilos de vida (2017-18. Estudio Madrid Salud);;;;;;;;;;;;;;;;;;;;
Sedentarismo;30,0%;;29,6%;;;;;;;;;;;;;;;;;
Sedentarismo HOMBRES ;25,2%;;;;;;;;;;;;;;;;;;;
Sedentarismo MUJERES ;34,0%;;;;;;;;;;;;;;;;;;;
Consumo de tabaco diario;18,9%;;21,3%;;;;;;;;;;;;;;;;;
Consumo de tabaco diario HOMBRES;20,2%;;;;;;;;;;;;;;;;;;;
Consumo de tabaco diario MUJERES ;17,9%;;;;;;;;;;;;;;;;;;;
Consumo de medicamentos ;66,3%;;68,7%;;;;;;;;;;;;;;;;;
Consumo de medicamentos HOMBRES  ;62,4%;;;;;;;;;;;;;;;;;;;
Consumo de medicamentos MUJERES ;69,7%;;;;;;;;;;;;;;;;;;;
1.6.2. Indicadores de nivel de salud (2017-18. Estudio Madrid Salud);;;;;;;;;;;;;;;;;;;;
Autopercepción de buen estado de salud  (% respuesta muy buena + buena);72,3%;;73,6%;;;;;;;;;;;;;;;;;
Autopercepción de buen estado de salud HOMBRES ;77,4%;;;;;;;;;;;;;;;;;;;
Autopercepción de buen estado de salud MUJERES ;68,0%;;;;;;;;;;;;;;;;;;;
Calidad de vida relacionada con la salud (CVRS) ;20,2%;;20,2%;;;;;;;;;;;;;;;;;
Calidad de vida relacionada con la salud (CVRS) HOMBRES;19,0%;;;;;;;;;;;;;;;;;;;
Calidad de vida relacionada con la salud (CVRS) MUJERES;21,1%;;;;;;;;;;;;;;;;;;;
Presencia de enfermedad crónica ;39,8%;;34,6%;;;;;;;;;;;;;;;;;
Presencia de enfermedad crónica HOMBRES ;36,6%;;;;;;;;;;;;;;;;;;;
Presencia de enfermedad crónica MUJERES;42,4%;;;;;;;;;;;;;;;;;;;
Hipertensión arterial;18,8%;;20,6%;;;;;;;;;;;;;;;;;
Hipertensión arterial HOMBRES;19,7%;;;;;;;;;;;;;;;;;;;
Hipertensión arterial MUJERES;18,1%;;;;;;;;;;;;;;;;;;;
Diabetes Mellitus;6,0%;;5,3%;;;;;;;;;;;;;;;;;
Diabetes Mellitus HOMBRES;6,9%;;;;;;;;;;;;;;;;;;;
Diabetes Mellitus MUJERES;5,3%;;;;;;;;;;;;;;;;;;;
Personas con obesidad ;12,2%;;13,2%;;;;;;;;;;;;;;;;;
Personas con obesidad HOMBRES ;13,3%;;;;;;;;;;;;;;;;;;;
Personas con obesidad MUJERES;11,2%;;;;;;;;;;;;;;;;;;;
Personas con sobrepeso;33,5%;;40,3%;;;;;;;;;;;;;;;;;
Personas con sobrepeso HOMBRES;41,1%;;;;;;;;;;;;;;;;;;;
Personas con sobrepeso MUJERES;27,0%;;;;;;;;;;;;;;;;;;;
Personas mayores de 65 años con alguna dependencia funcional;32,4%;;50,2%;;;;;;;;;;;;;;;;;
Alguna dependencia funcional HOMBRES ;39,1%;;;;;;;;;;;;;;;;;;;
Alguna dependencia funcional MUJERES;48,6%;;;;;;;;;;;;;;;;;;;
Probabilidad de padecer enfermedad mental (GHQ-12);21,1%;;24,6%;;;;;;;;;;;;;;;;;
Probabilidad de padecer enfermedad mental (GHQ-12) HOMBRES;16,6%;;;;;;;;;;;;;;;;;;;
Probabilidad de padecer enfermedad (GHQ-12) MUJERES;24,9%;;;;;;;;;;;;;;;;;;;
Prevalencia de obesidad en la población infantil (2017. Estudio Madrid Salud. UCM);15,8%;;17,1%;;;;;;;;;;;;;;;;;
1.6.3. Discapacidad reconocida (31/12/2018);;;;;;;;;;;;;;;;;;;;
Nº de personas con grado de discapacidad reconocido;6,1%;200.604;2,1%;4.148;;;;;;;;;;;;;;;;
Hombres;48,0%;96.322;49,9%;2.069;;;;;;;;;;;;;;;;
Mujeres;52,0%;104.282;50,1%;2.079;;;;;;;;;;;;;;;;
Mujeres por cada 100 hombres (Feminización de la discapacidad reconocida);;108,3;;100,48;;;;;;;;;;;;;;;;
1.7. CALIDAD DE VIDA  (2019. Encuesta, más de 16 años);;;;;;;;;;;;;;;;;;;;
1.7.1. Calidad de vida y agenda pública (indicador sintético 0-100);;;;;;;;;;;;;;;;;;;;
Satisfacción de vivir en su barrio ;;72,0;;72,6;;;;;;;;;;;;;;;;
Calidad de vida actual en su barrio ;;71,3;;72,1;;;;;;;;;;;;;;;;
Convivencia vecinal;;69,5;;66,6;;;;;;;;;;;;;;;;
1.7.2. Satisfacción con los servicios públicos (escala 0-10);;;;;;;;;;;;;;;;;;;;
Espacios verdes;;6,9;;7,5;;;;;;;;;;;;;;;;
Parques infantiles ;;6,4;;7,1;;;;;;;;;;;;;;;;
Centros culturales;;7,0;;7,5;;;;;;;;;;;;;;;;
Organización de fiestas y eventos populares;;6,7;;7,1;;;;;;;;;;;;;;;;
Instalaciones deportivas;;6,7;;7,5;;;;;;;;;;;;;;;;
Servicios sociales municipales;;6,5;;7,3;;;;;;;;;;;;;;;;
Desigualdad en las dotaciones de los barrios (% respuesta muy alta + alta);78,4%;;82,1%;;;;;;;;;;;;;;;;;
1.7.3. Principales problemas de la ciudadanía (% personas encuestadas);;;;;;;;;;;;;;;;;;;;
1º. Limpieza;29,1%;;16,2%;;;;;;;;;;;;;;;;;
2º. Contaminación del aire;18,7%;;5,6%;;;;;;;;;;;;;;;;;
3º. Tráfico / atascos;11,8%;;3,1%;;;;;;;;;;;;;;;;;
1.7.4. Percepción de seguridad (indicador sintético 0-100);;;;;;;;;;;;;;;;;;;;
Percepción de seguridad en Madrid;;67,6;;63,6;;;;;;;;;;;;;;;;
Percepción de seguridad en el barrio por el día;;76,0;;71,3;;;;;;;;;;;;;;;;
Percepción de seguridad en el barrio por la noche;;60,2;;59,8;;;;;;;;;;;;;;;;
1.7.5. Problemas que afectan a la seguridad en los espacios públicos del distrito (escala 0-10);;;;;;;;;;;;;;;;;;;;
1º Excrementos animales domésticos;;6,6;;5,4;;;;;;;;;;;;;;;;
2º Exceso de velocidad;;3,5;;4,4;;;;;;;;;;;;;;;;
3º Consumo o menudeo de drogas;;4,3;;3,8;;;;;;;;;;;;;;;;
1.7.6. Administración de la ciudad de Madrid (% de respuesta);;;;;;;;;;;;;;;;;;;;
Medio de información de la actividad del Ayuntamiento: REDES SOCIALES;20,9%;;30,4%;;;;;;;;;;;;;;;;;
Preferencia de contacto con el Ayuntamiento: EN PERSONA;46,0%;;62,1%;;;;;;;;;;;;;;;;;
Percepción sobre la administración del Ayto. en los últimos 5 años: HA MEJORADO;38,6%;;44,4%;;;;;;;;;;;;;;;;;
Percepción sobre la administración del Ayto. en los últimos 5 años: HA EMPEORADO;16,6%;;13,5%;;;;;;;;;;;;;;;;;
1.7.7. Amigabilidad de la ciudad de Madrid (% respuesta mucho + bastante);;;;;;;;;;;;;;;;;;;;
Madrid ciudad amigable con las personas lesbianas, gays, transexuales y bisexuales;76,9%;;79,2%;;;;;;;;;;;;;;;;;
1.8. INDICADORES DE VULNERABILIDAD;;;;;;;;;;;;;;;;;;;;
1.8.1. Índice de vulnerabilidad territorial (2019);;;;;;;;;;;;;;;;;;;;
Índice de vulnerabilidad territorial;;;;0,0077;;0,0092;;0,0076;;0,0067;;0,0074;;0,007497199;;0,007769454;;0,008791792;;0,00728669
Posición en el ranking de distritos y/o barrios de vulnerabilidad territorial;;;;12;;29;;57;;84;;61;;59;;54;;37;;73
1.8.2. Tasa de riesgo de pobreza o exclusión social. Indicador AROPE (2018. Encuesta de Condiciones de Vida);;;;;;;;;;;;;;;;;;;;
Tasa de riesgo de pobreza o exclusión social;25,5%;;;;;;;;;;;;;;;;;;;
Tasa de riesgo de pobreza o exclusión social HOMBRES;24,0%;;;;;;;;;;;;;;;;;;;
Tasa de riesgo de pobreza o exclusión social MUJERES;26,7%;;;;;;;;;;;;;;;;;;;
Tasa de riesgo de pobreza o exclusión social N. ESPAÑOLA (>16 años);21,9%;;;;;;;;;;;;;;;;;;;
Tasa de riesgo de pobreza o exclusión social N. EXTRANJERA UNIÓN EUROPEA (>16 años);14,4%;;;;;;;;;;;;;;;;;;;
Tasa de riesgo de pobreza o exclusión social N. EXTRANJERA RESTO DEL MUNDO (>16 años);66,1%;;;;;;;;;;;;;;;;;;;
1.8.3. Tasa de riesgo de pobreza de los hogares (2016. Estudio de Necesidades Sociales. Hogares);;;;;;;;;;;;;;;;;;;;
Pareja o matrimonio con hijos;;35,7%;;;;;;;;;;;;;;;;;;
Hogar formado por madre con hijos a cargo;;41,1%;;;;;;;;;;;;;;;;;;
Nacido en España;;26,4%;;;;;;;;;;;;;;;;;;
Nacido en un país fuera de la Unión Europea;;39,2%;;;;;;;;;;;;;;;;;;
1.8.4. Situación económica de los hogares (2016. Estudio de Necesidades Sociales. Hogares);;;;;;;;;;;;;;;;;;;;
Dificultad para llegar a fin de mes (% respuesta mucha dificultad + dificultad);;20,0%;;;;;;;;;;;;;;;;;;
Imposibilidad de hacer frente a un gasto imprevisto de 650€;;38,7%;;;;;;;;;;;;;;;;;;
Dificultad para hacer frente a los gastos derivados del suministro energético;;9,5%;;;;;;;;;;;;;;;;;;
Entrevistados que han acudido a Servicios Sociales Municipales para solicitar atención social;;10,0%;;;;;;;;;;;;;;;;;;
1.9. SERVICIOS SOCIALES;;;;;;;;;;;;;;;;;;;;
1.9.1. Población en general (2019);;;;;;;;;;;;;;;;;;;;
Personas atendidas en la Unidad de Primera Atención en Centros de Servicios Sociales;;94.210 ;3,0%;2.809;;;;;;;;;;;;;;;;
Solicitudes tramitadas de Renta Mínima de Inserción;;5.474 ;4,0%;221;;;;;;;;;;;;;;;;
Perceptores de prestación de la Renta Mínima de Inserción;;17.877 ;4,0%;715;;;;;;;;;;;;;;;;
Beneficiarios de prestaciones sociales de carácter económico;;13.316 ;3,2%;432;;;;;;;;;;;;;;;;
Total prestaciones sociales de carácter económico (€);;7.698.372 €;2,3%;173.727;;;;;;;;;;;;;;;;
1.9.2. Personas Mayores (2019);;;;;;;;;;;;;;;;;;;;
Personas con Servicio de Ayuda a Domicilio (modalidad auxiliar de hogar);;80.375 ;2,0%;1.644;;;;;;;;;;;;;;;;
Hombres;;19.939 ;2,3%;456;;;;;;;;;;;;;;;;
Mujeres;;60.436 ;2,0%;1.188;;;;;;;;;;;;;;;;
Personas socias de los Centros Municipales de Mayores;;343.009 ;2,4%;8.149;;;;;;;;;;;;;;;;
Hombres;;128.807 ;2,6%;3.389;;;;;;;;;;;;;;;;
Mujeres ;;214.202 ;2,2%;4.760;;;;;;;;;;;;;;;;
1.9.3. Menores y Familia (2019);;;;;;;;;;;;;;;;;;;;
Familias atendidas por el Equipo de Trabajo con Menores y Familia (ETMF);;6.467;3,5%;226;;;;;;;;;;;;;;;;
Demandas de intervención en los Centros de Atención a la Infancia (CAI);;2.285;2,4%;55;;;;;;;;;;;;;;;;
Menores atendidos por el Servicio de Ayuda a domicilio a Menores y Familias (SAD) ;;1.356;3,8%;51;;;;;;;;;;;;;;;;
1.10. VIVIENDA;;;;;;;;;;;;;;;;;;;;
1.10.1. Estado de las viviendas;;;;;;;;;;;;;;;;;;;;
Nº Total de viviendas (Censo Edificios y Viviendas 2011);100,0%;1.530.955 ;100%;30.305;;;;;;;;;;;;;;;;
Viviendas anteriores a 1980;69,4%;1.061.825;43,0%;13.025;;;;;;;;;;;;;;;;
Estado ruinoso;0,2%;3.445;0,0%;0;;;;;;;;;;;;;;;;
Estado malo;0,8%;12.705;0,2%;75;;;;;;;;;;;;;;;;
Estado deficiente;4,4%;66.775;2,2%;675;;;;;;;;;;;;;;;;
Estado bueno;92,8%;1.420.265;90,9%;27.550;;;;;;;;;;;;;;;;
No consta;1,8%;27.770;6,6%;2.005;;;;;;;;;;;;;;;;
Valor catastral medio de los bienes inmuebles: personas físicas (2019) en miles de €;;90,9 €;67,2%;61,1;88,5%;54,1;101,1%;61,8;126,1%;77,0;151,6%;92,6;;;;;;;;
Valor catastral medio de los bienes inmuebles: personas jurídicas (2019) en miles de €;;368,6 €;54,1%;199,6;193,9%;387,0;96,6%;192,9;65,7%;131,2;204,5%;408,1;;;;;;;;
Superficie media de la vivienda (m2) en transacción (2019);;83,4;108,9%;90,83;71,4%;64,89;94,3%;85,67;105,1%;95,43;113,5%;103,12;;;;;;;;
Duración media del crédito (meses) en transacción de vivienda (2019);;257;103,9%;267;119,5%;319;40,8%;109;110,5%;295;107,9%;288;;;;;;;;
1.10.2. Tipología de las viviendas ;;;;;;;;;;;;;;;;;;;;
Nº Total de viviendas familiares (Censo Edificios y Viviendas 2011);100%;1.378.931;100,0%;23.838;100,0%;15.912;100,0%;7.926;;;;;1;22321;1;5575;1;12090;;
Principal;78,3%;1.080.306;78,4%;18.679;74,4%;11.846;86,2%;6.833;;;;;0,596389051;13312;0,549775785;3065;0,85235732;10305;;
Secundaria;7,7%;106.192;3,1%;737;3,1%;497;3,0%;240;;;;;0,118363873;2642;0,149237668;832;0,026220017;317;;
Desocupada;12,9%;178.377;17,9%;4.260;21,4%;3.412;10,7%;848;;;;;0,259934591;5802;0,269237668;1501;0,11993383;1450;;
Otro tipo;1,0%;13.998;0,5%;127;0,8%;122;0,1%;5;;;;;0,025312486;565;0,031748879;177;0,001488834;18;;
1.10.3. Lanzamientos judiciales (Consejo General del Poder Judicial);;;;;;;;;;;;;;;;;;;;
Lanzamientos judiciales practicados (2013);100%;5.020 ;;;;;;;;;;;;;;;;;;
Como consecuencia de ejecuciones hipotecarias;30%;1.501;;;;;;;;;;;;;;;;;;
Como consecuencia de la Ley de Arrendamientos Urbanos;62%;3.137;;;;;;;;;;;;;;;;;;
Lanzamientos judiciales practicados (2019);100,0%;2.832 ;;;;;;;;;;;;;;;;;;
Como consecuencia de ejecuciones hipotecarias;12,7%;360;;;;;;;;;;;;;;;;;;
Como consecuencia de la Ley de Arrendamientos Urbanos;84,2%;2.384;;;;;;;;;;;;;;;;;;
1.11. MEDIO AMBIENTE Y RESIDUOS;;;;;;;;;;;;;;;;;;;;
1.11.1. Contaminantes del aire (2018);;;;;;;;;;;;;;;;;;;;
Partículas suspensión PM2.5 (µgr/m3) -Valor límite: 25 µgr/m3-;;10,3;;;;;;;;;;;;;;;;;;
Partículas suspensión PM10 (µgr/m3) -Valor límite: 40 µgr/m3-;;18,5;;;;;;;;;;;;;;;;;;
Dióxido de azufre - SO2 (µgr/m3) -Valor límite: 125 µgr/m3-;;6,0;;;;;;;;;;;;;;;;;;
Monóxido de carbono - CO (mg/m3) -Valor límite: 10 µgr/m3-;;0,3;;;;;;;;;;;;;;;;;;
Ozono - O3 (µgr/m3) -Valor límite: 120 µgr/m3-;;51,0;;;;;;;;;;;;;;;;;;
Dióxido de nitrógeno - NO2 (µgr/m3) -Valor límite: 40 µgr/m3-;;37,0;;;;;;;;;;;;;;;;;;
Temperatura media anual (ºC);;15,2;;;;;;;;;;;;;;;;;;
Protocolo de contaminación: nº de episodios (2019);;3;;;;;;;;;;;;;;;;;;
"Protocolo de contaminación: nº de días ""Escenario 1"" (2019)";;12;;;;;;;;;;;;;;;;;;
1.11.2. Recogida domiciliaria de resíduos sólidos: envases y resto (2018);;;;;;;;;;;;;;;;;;;;
kg/habitante/año;;372;;426;;;;;;;;;;;;;;;;
kg/habitante/día;;1,019;;1,167;;;;;;;;;;;;;;;;
1.12. SEGURIDAD;;;;;;;;;;;;;;;;;;;;
Intervenciones de la Policía Municipal en materia de seguridad (2019);;;;;;;;;;;;;;;;;;;;
Relacionadas con las personas;;5.455;1,2%;66;;;;;;;;;;;;;;;;
Relacionadas con la tenencia de armas;;1.362;0,7%;10;;;;;;;;;;;;;;;;
Relacionadas con el patrimonio;;6.984;0,7%;51;;;;;;;;;;;;;;;;
Relacionadas con la tenencia y consumo de drogas;;7.668;0,8%;61;;;;;;;;;;;;;;;;
Expedientes instruidos por Agentes Tutores;;557;4,3%;24;;;;;;;;;;;;;;;;
Atestados/partes de accidentes de tráfico confeccionados;;21.791;1,4%;307;;;;;;;;;;;;;;;;
Detenidos e investigados de la Policía Municipal en materia de seguridad (2019);;;;;;;;;;;;;;;;;;;;
Total detenidos e investigados;100%;9.265;0,8%;78;;;;;;;;;;;;;;;;
Lesiones;4,7%;433;;;;;;;;;;;;;;;;;;
Violencia doméstica y de género;8,3%;773;;;;;;;;;;;;;;;;;;
Malos tratos a menores;1,1%;103;;;;;;;;;;;;;;;;;;
Abusos y agresiones sexuales;0,5%;49;;;;;;;;;;;;;;;;;;
Hurtos;12,9%;1.193;;;;;;;;;;;;;;;;;;
Robo con violencia e intimidación en personas;2,1%;198;;;;;;;;;;;;;;;;;;
Contra la salud pública;3,8%;356;;;;;;;;;;;;;;;;;;
Contra la seguridad vial;35,3%;3.275;;;;;;;;;;;;;;;;;;
1.13. RESULTADOS ELECCIONES LOCALES (2019);;;;;;;;;;;;;;;;;;;;
Censo electoral;100,0%;2.397.881;100%;50.813;100%;23.813;100%;13.799;100,0%;12.062;100%;1.139;;;;;;;;
Abstención;31,8%;761.923;32,0%;16.283;41,4%;9.866;25,6%;3.531;21,7%;2.621;23,3%;265;;;;;;;;
Votos en blanco;0,3%;6.945;0,3%;167;0,2%;56;0,4%;52;0,4%;53;0,5%;6;;;;;;;;
Votos a candidaturas;68,2%;1.635.958;68,0%;34.530;58,6%;13.947;74,4%;10.268;78,3%;9.441;76,7%;874;;;;;;;;
Más Madrid;21,1%;505.159;24,8%;12.585;17,5%;4.158;32,8%;4.522;29,8%;3.596;27,1%;309;;;;;;;;
PP;16,5%;395.344;9,3%;4.722;9,6%;2.282;8,6%;1.191;9,6%;1.162;7,6%;87;;;;;;;;
Ciudadanos;13,0%;312.536;13,0%;6.611;9,0%;2.132;13,0%;1.789;20,5%;2.476;18,8%;214;;;;;;;;
PSOE;9,3%;224.074;12,5%;6.374;14,8%;3.531;11,3%;1.554;9,8%;1.184;9,2%;105;;;;;;;;
VOX;5,2%;124.969;4,3%;2.200;4,2%;992;4,0%;556;4,7%;567;7,5%;85;;;;;;;;
1.14. SERVICIOS Y EQUIPAMIENTOS MUNICIPALES;;;;;;;;;;;;;;;;;;;;
1.14.1. Servicios Sociales Municipales (2020);;;;;;;;;;;;;;;;;;;;
Centros de Servicios Sociales;;39;5,1%;2;;1;;1;;0;;0;;;;;;;;
Centros Municipales de Mayores ;;90;2,2%;2;;2;;0;;0;;0;;;;;;;;
Centros de Día de Alzheimer y Físicos;;97;1,0%;1;;1;;0;;0;;0;;;;;;;;
Apartamentos Municipales para Mayores;;2;0,0%;0;;0;;0;;0;;0;;;;;;;;
Residencias para personas Mayores ;;3;0,0%;0;;0;;0;;0;;0;;;;;;;;
Centros de Apoyo a las Familias (CAF);;7;0,0%;0;;0;;0;;0;;0;;;;;;;;
Centros de Atención a la Infancia (CAI);;13;7,7%;1;;1;;0;;0;;0;;;;;;;;
Centro de Día de Atención a Niños y Niñas (de 3 a 12 años);;29;3,4%;1;;1;;0;;0;;0;;;;;;;;
Espacios de Ocio para Adolescentes (El Enredadero);;6;0,0%;0;;0;;0;;0;;0;;;;;;;;
Centros de Adolescentes y Jóvenes (ASPA) ;;8;12,5%;1;;1;;0;;0;;0;;;;;;;;
Centros para personas sin hogar;;12;8,3%;1;;0;;1;;0;;0;;;;;;;;
1.14.2. Género (2020);;;;;;;;;;;;;;;;;;;;
Espacios de Igualdad;;17;5,9%;1;;1;;0;;0;;0;;;;;;;;
1.14.3. Salud (2020);;;;;;;;;;;;;;;;;;;;
Centros Municipales de Salud Comunitaria (CMSC);;16;6,3%;1;;0;;1;;0;;0;;;;;;;;
Centros de Atención a las Adicciones (CAD y CCAD);;10;0,0%;0;;0;;0;;0;;0;;;;;;;;
1.14.4. Cultura (2020);;;;;;;;;;;;;;;;;;;;
Nº de Bibliotecas Municipales;;34;5,9%;2;;1;;1;;0;;0;;;;;;;;
Nº de Bibliotecas Comunidad Madrid;;16;0,0%;0;;0;;0;;0;;0;;;;;;;;
Nº de Centros Culturales;;106;3,8%;4;;4;;0;;0;;0;;;;;;;;
1.14.5. Deportes (2018);;;;;;;;;;;;;;;;;;;;
Centros deportivos Municipales;;72;2,8%;2;50,0%;1;50,0%;1;0,0%;0;0,0%;0;;;;;;;;
Superficie deportiva m2 ;;2.074.404;6,2%;129.400;;;;;;;;;;;;;;;;
Instalaciones deportivas básicas;;481;1,5%;7;;;;;;;;;;;;;;;;
Acceso controlado ;;98;2,0%;2;;;;;;;;;;;;;;;;
Campos de fútbol 11;;22;9,1%;2;;1;;1;;0;;0;;;;;;;;
Pista de atletismo ;;7;14,3%;1;;0;;1;;0;;0;;;;;;;;
Piscinas cubiertas;;49;4,1%;2;;1;;1;;0;;0;;;;;;;;
Piscinas de verano;;23;4,3%;1;;0;;1;;0;;0;;;;;;;;
1.14.6. Zonas verdes (2019);;;;;;;;;;;;;;;;;;;;
Superficie de zonas verdes y Parques de distrito (Ha);;3.322,9;5,0%;167,0;;;;;;;;;;;;;;;;
Superficie de zonas verdes y Parques de distrito (Ha) / nº de Habitantes *10.000;;10,2;227,6%;23,2;;;;;;;;;;;;;;;;
Superficie Parques Históricos, Singulares y Forestales por distrito  ;;2.501,0;0,0%;0,0;;;;;;;;;;;;;;;;
Superficie Parques Históricos, Singulares y Forestales distrito / nº Habitantes *10.000;;7,7;0,0%;0,0;;;;;;;;;;;;;;;;
1.14.7. Educación (Curso académico 2019-2020);;;;;;;;;;;;;;;;;;;;
Escuelas Infantiles Municipales (2019);;56;7,1%;4;;3;;1;;0;;0;;;;;;;;
Escuelas Infantiles Públicas CAM;;150;4,0%;6;;;;;;;;;;;;;;;;
Escuelas Infantiles Privadas;;419;1,9%;8;;;;;;;;;5,025278592;;;;;;;
Colegios Públicos Infantil y Primaria (+ 3 centros con Secundaria);;247;3,2%;8;;;;;;;;;;;;;;;;
Institutos Públicos de Educación Secundaria;;112;2,7%;3;;;;;;;;;;;;;;;;
Colegios Privados Inf. o Pri. o Inf. y Pri.;;88;1,1%;1;;;;;;;;;;;;;;;;
Colegios Privados Inf., Pri. y Sec. o Pri. y Sec. ;;274;1,5%;4;;;;;;;;;;;;;;;;
1.14.8. Empresa y Comercio (2020);;;;;;;;;;;;;;;;;;;;
Mercados Municipales;;45;2,2%;1;;1;;0;;0;;0;;;;;;;;
1.15. PARTICIPACIÓN CIUDADANA ;;;;;;;;;;;;;;;;;;;;
1.15.1. Entidades de participación ciudadana (2019) ;;;;;;;;;;;;;;;;;;;;
Asociaciones (Sección 1ª);;2.412;2,0%;48;60,4%;29;25,0%;12;14,6%;7;0,0%;0;;;;;;;;
Nº de asociaciones culturales y casas regionales;;489;1,6%;8;37,5%;3;50,0%;4;12,5%;1;0,0%;0;;;;;;;;
Nº de asociaciones de mujeres;;75;0,0%;0;0,0%;0;0,0%;0;0,0%;0;0,0%;0;;;;;;;;
Nº de asociaciones de vecinos;;221;1,8%;4;75,0%;3;25,0%;1;0,0%;0;0,0%;0;;;;;;;;
Fundaciones (Sección 2ª);;24;0,0%;0;0,0%;0;0,0%;0;0,0%;0;0,0%;0;;;;;;;;
;;;;;;;;;;;;;;;;;;;;
;;;;;;;;;;;;;;;;;;;;
;;;;;;;;;;;;;;;;;;;;
;;;;;;;;;;;;;;;;;;;;
1.16. PRESUPUESTO 2020; En base al Acuerdo de 23 de diciembre de 2019 del Pleno del Ayuntamiento de Madrid. Publicación: BOAM Nùm. 8.551, 30 de diciembre de 2019. ;;;;;;;;;;;;;;;;;;;
PROGRAMA;;CAPÍTULOS;;;;;;;;;;;;;;;;;;
;;1;;2;;3;;4;;5;;6;;7;;TOTAL;;;;
OTRAS ACTUACIONES EN VÍAS PÚBLICAS;153.22;;;;;;;;;;;160.000 €;;;;160.000 €;;;;
FAMILIA E INFANCIA;231.02;;;504.412 €;;;;38.000 €;;;;;;;;542.412 €;;;;
PERSONAS MAYORES Y SERVICIOS SOCIALES;231.03;;;4.172.071 €;;;;6.000 €;;;;200 €;;7.000 €;;4.185.271 €;;;;
INTEGRACIÓN COMUNITARIA Y EMERGENCIA SOCIAL;231.06;1.685.243 €;;294.273 €;;;;130.000 €;;;;100 €;;3.000 €;;2.112.616 €;;;;
SALUBRIDAD PÚBLICA;311.01;499.509 €;;40.127 €;;;;;;;;;;;;539.636 €;;;;
CENTROS DOCENTES ENSEÑANZA INFANTIL Y PRIMARIA;323.01;;;3.477.454 €;;;;;;;;90.000 €;;;;3.567.454 €;;;;
SERVICIOS COMPLEMENTARIOS EDUCACIÓN;326.01;;;152.829 €;;;;12.000 €;;;;;;;;164.829 €;;;;
ACTIVIDADES CULTURALES;334.01;405.486 €;;1.211.726 €;;;;;;;;;;;;1.617.212 €;;;;
ACTUACIONES DEPORTIVAS EN DISTRITOS;341.01;;;115.000 €;;;;;;;;;;;;115.000 €;;;;
INSTALACIONES DEPORTIVAS;342.01;4.792.754 €;;874.741 €;;;;;;;;10.100 €;;;;5.677.595 €;;;;
CONSUMO;493.00;184.428 €;;200 €;;;;;;;;;;;;184.628 €;;;;
CONCEJALÍA-PRESIDENCIA DEL DISTRITO;912.2;360.632 €;;3.000 €;;;;;;;;;;;;363.632 €;;;;
DIREC. Y GESTIÓN ADMTVA. DEL DISTRITO;920.01;3.688.424 €;;382.550 €;;;;;;;;100 €;;;;4.071.074 €;;;;
PARTICIPACIÓN CIUDADANA Y VOLUNTARIADO;924.01;;;84.837 €;;;;90.000 €;;;;;;30.000 €;;204.837 €;;;;
EDIFICIOS;933.02;;;2.456.666 €;;;;;;;;80.000 €;;;;2.536.666 €;;;;
CENTRO 001;;11.616.476 €;;13.769.886 €;;0 €;;276.000 €;;0 €;;340.500 €;;40.000 €;;26.042.862 €;;;;
SECCIÓN 219;;11.616.476 €;;13.769.886 €;;0 €;;276.000 €;;0 €;;340.500 €;;40.000 €;;26.042.862 €;;;;
