16. HORTALEZA. INFORMACIÓN DE DISTRITO Y BARRIOS;;;;;;;;;;;;;;;;;;;;;;;;;;;;;;;;;;;;;;;;;;
 ;CIUDAD;;HORTALEZA;;Palomas;;Piovera;;Canillas;;Pinar del Rey;;Apóstol Santiago;;Valdefuentes;;;;;;;;;;;;;;;;;;;;;;;;;;;
1.1 CARACTERÍSTICAS GENERALES DEL DISTRITO-BARRIO;;;;;;;;;;;;;;;;;;;;;;;;;;;;;;;;;;;;;;;;;;
Superficie (Ha.) ;60.445,52;;2.762,61;;106,88;;313,96;;252,25;;266,48;;120,51;;1.702,53;;;;;;;;;;;;;;;;;;;;;;;;;;;
Densidad (hab./Ha.) ;54,37;;70,59;;64,87;;47,61;;157,42;;194,55;;127,57;;38,89;;;;;;;;;;;;;;;;;;;;;;;;;;;
1.2. LA POBLACIÓN DEL DISTRITO;;;;;;;;;;;;;;;;;;;;;;;;;;;;;;;;;;;;;;;;;;
1.2.1. Estructura de la población (01/01/2022);;;;;;;;;;;;;;;;;;;;;;;;;;;;;;;;;;;;;;;;;;
Sexo de la población;100%;3.286.662;5,9%;195.017;3,6%;6.933;7,7%;14.948;20,4%;39.708;26,6%;51.844;7,9%;15.374;34,0%;66.210;;;;;;;;;;;;;;;;;;;;;;;;;;
Hombres;46,7%;1.534.824;47,4%;92.532;48,9%;3.387;47,9%;7.160;46,4%;18.425;45,9%;23.784;47,8%;7.343;49,0%;32.433;;;;;;;;;;;;;;;;;;;;;;;;;;
Mujeres;53,3%;1.751.838;52,6%;102.485;51,1%;3.546;52,1%;7.788;53,6%;21.283;54,1%;28.060;52,2%;8.031;51,0%;33.777;;;;;;;;;;;;;;;;;;;;;;;;;;
Edad media de la población;;44,44;;42,73;;41,24;;41,71;;48,24;;47,63;;45,94;;35,22;;;;;;;;;;;;;;;;;;;;;;;;;;
De 0 a 14 años;12,7%;416.413;16,5%;32.108;17,0%;1.177;15,9%;2.380;11,1%;4.394;11,1%;5.752;11,1%;1.704;25,2%;16.701;;;;;;;;;;;;;;;;;;;;;;;;;;
De 15 a 29;16,2%;533.423;14,6%;28.464;19,1%;1.321;19,5%;2.910;13,5%;5.367;14,3%;7.402;17,1%;2.635;13,3%;8.829;;;;;;;;;;;;;;;;;;;;;;;;;;
De 30 a 44;21,7%;713.650;21,0%;40.962;15,1%;1.044;15,5%;2.317;19,0%;7.540;19,6%;10.158;18,3%;2.818;25,8%;17.085;;;;;;;;;;;;;;;;;;;;;;;;;;
De 45 a 64;29,1%;956.577;29,2%;56.992;32,8%;2.271;33,5%;5.012;28,9%;11.486;28,6%;14.812;31,9%;4.907;27,9%;18.504;;;;;;;;;;;;;;;;;;;;;;;;;;
De 65 a 79;13,2%;433.244;12,8%;25.003;12,6%;875;11,7%;1.748;18,6%;7.390;17,1%;8.855;13,8%;2.119;6,1%;4.016;;;;;;;;;;;;;;;;;;;;;;;;;;
De 80 y + ;7,1%;233.355;5,9%;11.488;3,5%;245;3,9%;581;8,9%;3.531;9,4%;4.865;7,7%;1.191;1,6%;1.075;;;;;;;;;;;;;;;;;;;;;;;;;;
De 65 y +;20,3%;666.599;18,7%;36.491;16,2%;1.120;15,6%;2.329;27,5%;10.921;26,5%;13.720;21,5%;3.310;7,7%;5.091;;;;;;;;;;;;;;;;;;;;;;;;;;
"Población en etapa educativa (De 3 a 16 años, 16 no incluidos; 2021)";13,9%;455.915;17,4%;33.962;19,4%;1.344;17,5%;2.618;12,1%;4.789;12,3%;6.388;12,1%;1.855;25,6%;16.968;;;;;;;;;;;;;;;;;;;;;;;;;;
"Proporción de juventud (Población de 0-15 años/Población total; 2021) ";13,8%;;17,58%;;19,50%;;17,65%;;11,89%;;12,17%;;11,99%;;26,83%;;;;;;;;;;;;;;;;;;;;;;;;;;;
"Proporción de envejecimiento (Población > 65 años/Población total; 2021)";20,0%;;18,57%;;15,44%;;14,88%;;26,92%;;26,14%;;21,17%;;7,53%;;;;;;;;;;;;;;;;;;;;;;;;;;;
"Proporción de sobreenvejecimiento (Población>80 años/Población>65 años; 2021)";35,4%;;31,12%;;20,86%;;24,05%;;31,36%;;35,11%;;36,70%;;20,84%;;;;;;;;;;;;;;;;;;;;;;;;;;;
Índice de envejecimiento activo (2018);;37,0;;;;;;;;;;;;;;;;;;;;;;;;;;;;;;;;;;;;;;;;
Hombres;;38,6;;;;;;;;;;;;;;;;;;;;;;;;;;;;;;;;;;;;;;;;
Mujeres;;35,8;;;;;;;;;;;;;;;;;;;;;;;;;;;;;;;;;;;;;;;;
Proporción de dependencia (Población de 0-15 + población 65 y + / Pob. 16-64) (01/01/2021);51,0%;;56,6%;;53,7%;;48,2%;;63,4%;;62,1%;;49,6%;;52,4%;;;;;;;;;;;;;;;;;;;;;;;;;;;
Personas con nacionalidad española (01/01/2021);83,3%;2.788.297;88,4%;171.601;89,0%;6.124;83,8%;12.521;88,5%;36.232;86,5%;46.178;88,4%;13.831;90,9%;56.715;;;;;;;;;;;;;;;;;;;;;;;;;;
Personas con nacionalidad española HOMBRES;46,7%;1.301.434;47,8%;81.997;49,2%;3.014;47,9%;5.993;46,7%;16.929;46,1%;21.284;47,9%;6.621;49,6%;28.156;;;;;;;;;;;;;;;;;;;;;;;;;;
Personas con nacionalidad española MUJERES;53,3%;1.486.863;52,2%;89.604;50,8%;3.110;52,1%;6.528;53,3%;19.303;53,9%;24.894;52,1%;7.210;50,4%;28.559;;;;;;;;;;;;;;;;;;;;;;;;;;
Personas con nacionalidad extranjera (01/01/2021);14,1%;523.994;11,1%;21.625;11,1%;767;15,5%;2.314;9,9%;4.049;11,8%;6.315;10,5%;1.642;10,5%;6.538;;;;;;;;;;;;;;;;;;;;;;;;;;
Personas con nacionalidad extranjera HOMBRES;46,5%;243.712;44,3%;9.587;45,1%;346;45,6%;1.056;45,1%;1.828;44,8%;2.831;43,7%;717;43,0%;2.809;;;;;;;;;;;;;;;;;;;;;;;;;;
Personas con nacionalidad extranjera MUJERES;53,5%;280.282;55,7%;12.038;54,9%;421;54,4%;1.258;54,9%;2.221;55,2%;3.484;56,3%;925;57,0%;3.729;;;;;;;;;;;;;;;;;;;;;;;;;;
Proporción de personas migrantes (Personas extranjeras menos UE y resto países de OCDE / Población total) (01/01/2021);11,2%;;6,5%;;4,5%;;5,0%;;6,0%;;8,4%;;7,5%;;5,6%;;;;;;;;;;;;;;;;;;;;;;;;;;;
1ª nacionalidad extranjera en el Distrito: VENEZUELA (% respecto total de población extranjera del distrito);8,0%;41.761;10,9%;2.347;3,1%;24;3,3%;76;9,4%;380;11,8%;745;11,0%;180;14,4%;942;;;;;;;;;;;;;;;;;;;;;;;;;;
2ª nacionalidad extranjera en el Distrito: FRANCIA (% respecto total de población extranjera del distrito);2,2%;11.697;9,4%;2.038;26,9%;206;41,3%;956;10,9%;441;1,9%;120;2,4%;39;4,2%;276;;;;;;;;;;;;;;;;;;;;;;;;;;
1.2.2. Estructura de los hogares (01-01-2021);;;;;;;;;;;;;;;;;;;;;;;;;;;;;;;;;;;;;;;;;;
Nº total de hogares;100%;1.306.612;5,5%;72.104;3,1%;2.246;6,8%;4.882;22,4%;16.129;29,7%;21.422;8,1%;5.827;30,0%;21.598;;;;;;;;;;;;;;;;;;;;;;;;;;
Tamaño medio del hogar;;2,54  ;;2,68;;3,07;;3,04;;2,50;;2,45;;2,66;;2,93;;;;;;;;;;;;;;;;;;;;;;;;;;
Hogares con una mujer sola >65 años;9,9%;129.292;8,1%;5.856;5,2%;117;4,8%;235;11,0%;1.778;12,0%;2.568;10,7%;623;2,5%;535;;;;;;;;;;;;;;;;;;;;;;;;;;
Hogares con un hombre solo >65 años;2,9%;38.397;2,4%;1.710;2,1%;48;2,0%;97;3,0%;477;3,3%;702;2,8%;164;1,0%;222;;;;;;;;;;;;;;;;;;;;;;;;;;
Hogares monoparentales: una mujer adulta con uno o más menores;2,0%;26.000;2,7%;1.933;2,3%;51;2,5%;123;1,7%;281;2,1%;457;1,6%;93;4,3%;928;;;;;;;;;;;;;;;;;;;;;;;;;;
Hogares monoparentales: un hombre adulto con uno o más menores;0,4%;5.236;0,7%;511;0,9%;21;0,4%;19;0,3%;54;0,3%;67;0,4%;23;1,5%;327;;;;;;;;;;;;;;;;;;;;;;;;;;
1.2.3. Dinámica demográfica;;;;;;;;;;;;;;;;;;;;;;;;;;;;;;;;;;;;;;;;;;
Tasa bruta de natalidad 2020 (‰);;7,8;;9,5;;8,5;;7,2;;6,4;;6,4;;7,4;;15,4;;;;;;;;;;;;;;;;;;;;;;;;;;
Tasa de crecimiento demográfico 2020 (%);;-0,7;;0,0;;0,8;;-0,7;;-1,4;;-1,3;;-0,5;;2,1;;;;;;;;;;;;;;;;;;;;;;;;;;
Esperanza de vida al nacer MUJERES (mortalidad del periodo 2013-2016);;87,5;;87,6;;85,9;;86,9;;87,8;;87,8;;86,0;;85,8;;;;;;;;;;;;;;;;;;;;;;;;;;
Esperanza de vida al nacer HOMBRES (mortalidad del periodo 2013-2016);;81,9;;82,5;;82,3;;85,5;;83,2;;82,4;;80,1;;80,5;;;;;;;;;;;;;;;;;;;;;;;;;;
Esperanza de vida al nacer MUJERES (2020);;85,2;;86,1;;;;;;;;;;;;;;;;;;;;;;;;;;;;;;;;;;;;;;
Esperanza de vida al nacer HOMBRES (2020);;79,3;;80,2;;;;;;;;;;;;;;;;;;;;;;;;;;;;;;;;;;;;;;
Esperanza de vida > 65 años MUJERES (2020);;22,4;;22,6;;;;;;;;;;;;;;;;;;;;;;;;;;;;;;;;;;;;;;
Esperanza de vida > 65 años HOMBRES (2020);;17,7;;18,2;;;;;;;;;;;;;;;;;;;;;;;;;;;;;;;;;;;;;;
1.2.4. Mujeres y hombres;;;;;;;;;;;;;;;;;;;;;;;;;;;;;;;;;;;;;;;;;;
Índice de desigualdad de género (2019);;0,842;;;;;;;;;;;;;;;;;;;;;;;;;;;;;;;;;;;;;;;;
Índice de desigualdad de género (2009);;0,795;;;;;;;;;;;;;;;;;;;;;;;;;;;;;;;;;;;;;;;;
1.3. INDICADORES ECONÓMICOS ;;;;;;;;;;;;;;;;;;;;;;;;;;;;;;;;;;;;;;;;;;
Renta neta media anual de los hogares (Urban Audit). 2018;;42.283,0 €;125%;52.944,0 €;162%;85.614,1 €;162%;85.549,1 €;81%;42.659,2 €;68%;35.784,2 €;73%;38.899,8 €;110%;58.384,0 €;;;;;;;;;;;;;;;;;;;;;;;;;;
Renta disponible Bruta Per Cápita 2019 ;;21.638,0 €;;26.201,0 €;;;;;;;;;;;;;;;;;;;;;;;;;;;;;;;;;;;;;;
Pensión media mensual del Distrito HOMBRES (2020);;1.521,8 €;105%;1.604,2 €;125%;1.999,6 €;118%;1.897,0 €;100%;1.609,4 €;94%;1.515,8 €;97%;1.553,0 €;104%;1.663,5 €;;;;;;;;;;;;;;;;;;;;;;;;;;
Pensión media mensual del Distrito MUJERES (2020);;1.146,5 €;100%;1.150,5 €;123%;1.416,9 €;118%;1.354,6 €;98%;1.127,2 €;94%;1.086,6 €;103%;1.179,6 €;109%;1.256,6 €;;;;;;;;;;;;;;;;;;;;;;;;;;
1.4. INDICADORES DE DESEMPLEO;;;;;;;;;;;;;;;;;;;;;;;;;;;;;;;;;;;;;;;;;;
Tasa de actividad global ciudad de Madrid (EPA. 4º trimestre 2021);62,9;;;;;;;;;;;;;;;;;;;;;;;;;;;;;;;;;;;;;;;;;
Hombres ;67,9;;;;;;;;;;;;;;;;;;;;;;;;;;;;;;;;;;;;;;;;;
Mujeres;58,5;;;;;;;;;;;;;;;;;;;;;;;;;;;;;;;;;;;;;;;;;
Número de personas paradas en la ciudad de Madrid (EPA. 4º trimestre 2021) (miles);;175,6;;;;;;;;;;;;;;;;;;;;;;;;;;;;;;;;;;;;;;;;
Hombres (miles);;79,7;;;;;;;;;;;;;;;;;;;;;;;;;;;;;;;;;;;;;;;;
Mujeres (miles);;95,8;;;;;;;;;;;;;;;;;;;;;;;;;;;;;;;;;;;;;;;;
Paro registrado (nº de personas registradas en SEPE en febrero 2022);;160.316;4,8%;7.710;2,5%;196;4,7%;363;20,8%;1.603;33,5%;2.581;10,7%;824;25,6%;1.970;;;;;;;;;;;;;;;;;;;;;;;;;;
Tasa absoluta de paro registrado (febrero 2022);7,33;;6,22;;4,42;;3,69;;6,78;;8,22;;8,20;;4,71;;;;;;;;;;;;;;;;;;;;;;;;;;;
Tasa absoluta de paro registrado HOMBRES ;6,52;;5,26;;3,51;;3,20;;5,69;;7,32;;7,46;;3,61;;;;;;;;;;;;;;;;;;;;;;;;;;;
De 16 a 24 años;3,33;;2,31;;0,44;;0,78;;1,89;;3,65;;4,36;;1,80;;;;;;;;;;;;;;;;;;;;;;;;;;;
De 25 a 44 años;5,45;;4,33;;3,53;;2,71;;5,14;;5,72;;6,47;;2,76;;;;;;;;;;;;;;;;;;;;;;;;;;;
De 45 a 64 años;8,63;;7,03;;4,82;;4,47;;7,34;;9,91;;9,30;;5,01;;;;;;;;;;;;;;;;;;;;;;;;;;;
Tasa absoluta de paro registrado MUJERES ;8,08;;7,12;;5,27;;4,13;;7,76;;9,05;;8,95;;5,76;;;;;;;;;;;;;;;;;;;;;;;;;;;
De 16 a 24 años;3,34;;1,98;;0,70;;0,56;;2,70;;2,89;;2,63;;1,36;;;;;;;;;;;;;;;;;;;;;;;;;;;
De 25 a 44 años;7,30;;6,02;;2,77;;3,01;;6,27;;8,44;;8,16;;4,63;;;;;;;;;;;;;;;;;;;;;;;;;;;
De 45 a 64 años;10,17;;9,51;;8,38;;6,03;;10,12;;11,16;;11,55;;8,28;;;;;;;;;;;;;;;;;;;;;;;;;;;
Personas paradas de larga duración (febrero 2022);51,9%;83.245;53,4%;4.119;;;;;;;;;;;;;;;;;;;;;;;;;;;;;;;;;;;;;;
Hombres;38,9%;32.359;36,7%;1.511;;;;;;;;;;;;;;;;;;;;;;;;;;;;;;;;;;;;;;
Mujeres ;61,1%;50.886;63,3%;2.608;;;;;;;;;;;;;;;;;;;;;;;;;;;;;;;;;;;;;;
Personas paradas que SI perciben prestaciones (febrero 2022);42,4%;68.028;46,6%;3.596;;;;;;;;;;;;;;;;;;;;;;;;;;;;;;;;;;;;;;
Hombres;47,3%;32.178;44,1%;1.585;;;;;;;;;;;;;;;;;;;;;;;;;;;;;;;;;;;;;;
Mujeres ;52,7%;35.850;55,9%;2.011;;;;;;;;;;;;;;;;;;;;;;;;;;;;;;;;;;;;;;
Personas paradas que NO perciben prestaciones (febrero 2022);57,6%;92.288;53,4%;4.114;;;;;;;;;;;;;;;;;;;;;;;;;;;;;;;;;;;;;;
Hombres;39,5%;36.473;37,8%;1.555;;;;;;;;;;;;;;;;;;;;;;;;;;;;;;;;;;;;;;
Mujeres ;60,5%;55.815;62,2%;2.559;;;;;;;;;;;;;;;;;;;;;;;;;;;;;;;;;;;;;;
1.5. EDUCACIÓN;;;;;;;;;;;;;;;;;;;;;;;;;;;;;;;;;;;;;;;;;;
1.5.1. Población en etapas educativas (01/01/2021);100,0%;455.915;100%;33.962;100%;1.344;100%;2.618;100%;4.789;100%;6.388;100%;1.855;100%;16.968;;;;;;;;;;;;;;;;;;;;;;;;;;
0 a 2 años;17,2%;78.328;16,4%;5.565;11,5%;155;12,4%;324;16,2%;777;15,6%;997;16,2%;300;17,8%;3.012;;;;;;;;;;;;;;;;;;;;;;;;;;
Infantil (3 a 5 años);18,5%;84.424;19,1%;6.483;15,2%;204;16,8%;440;18,6%;891;17,9%;1.142;17,5%;325;20,5%;3.481;;;;;;;;;;;;;;;;;;;;;;;;;;
Primaria (6 a 11 años);38,4%;175.023;39,9%;13.564;41,7%;560;39,6%;1.038;39,3%;1.881;39,3%;2.513;38,0%;704;40,5%;6.868;;;;;;;;;;;;;;;;;;;;;;;;;;
Secundaria (12 a 15 años);25,9%;118.140;24,6%;8.350;31,6%;425;31,2%;816;25,9%;1.240;27,2%;1.736;28,4%;526;21,3%;3.607;;;;;;;;;;;;;;;;;;;;;;;;;;
Etapas educativas. Total niños;51,1%;233.089;51,4%;17.445;53,0%;712;52,1%;1.363;52,6%;2.519;51,5%;3.288;50,5%;936;50,8%;8.627;;;;;;;;;;;;;;;;;;;;;;;;;;
0 a 2 años;17,1%;39.956;16,5%;2.874;11,2%;80;12,0%;164;16,8%;423;15,3%;504;16,7%;156;17,9%;1.547;;;;;;;;;;;;;;;;;;;;;;;;;;
Infantil (3 a 5 años);18,6%;43.338;18,8%;3.274;14,7%;105;17,2%;234;18,2%;458;17,5%;577;19,1%;179;19,9%;1.721;;;;;;;;;;;;;;;;;;;;;;;;;;
Primaria (6 a 11 años);38,4%;89.462;39,9%;6.964;41,9%;298;39,7%;541;38,2%;961;39,4%;1.294;37,6%;352;40,8%;3.518;;;;;;;;;;;;;;;;;;;;;;;;;;
Secundaria (12 a 15 años);25,9%;60.333;24,8%;4.333;32,2%;229;31,1%;424;26,9%;677;27,8%;913;26,6%;249;21,3%;1.841;;;;;;;;;;;;;;;;;;;;;;;;;;
Etapas educativas. Total niñas;48,9%;222.826;48,6%;16.517;47,0%;632;47,9%;1.255;47,4%;2.270;48,5%;3.100;49,5%;919;49,2%;8.341;;;;;;;;;;;;;;;;;;;;;;;;;;
0 a 2 años;17,2%;38.372;16,3%;2.691;11,9%;75;12,7%;160;15,6%;354;15,9%;493;15,7%;144;17,6%;1.465;;;;;;;;;;;;;;;;;;;;;;;;;;
Infantil (3 a 5 años);18,4%;41.086;19,4%;3.209;15,7%;99;16,4%;206;19,1%;433;18,2%;565;15,9%;146;21,1%;1.760;;;;;;;;;;;;;;;;;;;;;;;;;;
Primaria (6 a 11 años);38,4%;85.561;40,0%;6.600;41,5%;262;39,6%;497;40,5%;920;39,3%;1.219;38,3%;352;40,2%;3.350;;;;;;;;;;;;;;;;;;;;;;;;;;
Secundaria (12 a 15 años);25,9%;57.807;24,3%;4.017;31,0%;196;31,2%;392;24,8%;563;26,5%;823;30,1%;277;21,2%;1.766;;;;;;;;;;;;;;;;;;;;;;;;;;
1.5.2. Escolarización del alumnado por tipo de centro (año escolar 2019/20);100,0%;531.839;100%;39.118;;;;;;;;;;;;;;;;;;;;;;;;;;;;;;;;;;;;;;
En centros PRIVADOS CONCERTADOS;42,4%;225.516;32,1%;12.547;;;;;;;;;;;;;;;;;;;;;;;;;;;;;;;;;;;;;;
En centros PRIVADOS SIN CONCIERTO;18,4%;97.728;36,9%;14.441;;;;;;;;;;;;;;;;;;;;;;;;;;;;;;;;;;;;;;
En centros PÚBLICOS;39,2%;208.595;31,0%;12.130;;;;;;;;;;;;;;;;;;;;;;;;;;;;;;;;;;;;;;
Total alumnos extranjeros;11,7%;62.112;10,2%;4.000;;;;;;;;;;;;;;;;;;;;;;;;;;;;;;;;;;;;;;
En centros PRIVADOS CONCERTADOS;34,0%;21.142;12,3%;493;;;;;;;;;;;;;;;;;;;;;;;;;;;;;;;;;;;;;;
En centros PRIVADOS SIN CONCIERTO;9,9%;6.167;52,1%;2.082;;;;;;;;;;;;;;;;;;;;;;;;;;;;;;;;;;;;;;
En centros PÚBLICOS;56,0%;34.803;35,6%;1.425;;;;;;;;;;;;;;;;;;;;;;;;;;;;;;;;;;;;;;
Total alumnos con necesidades de apoyo educativo;4,7%;25.160;3,6%;1.421;;;;;;;;;;;;;;;;;;;;;;;;;;;;;;;;;;;;;;
En centros PRIVADOS CONCERTADOS;44,4%;11.161;42,4%;603;;;;;;;;;;;;;;;;;;;;;;;;;;;;;;;;;;;;;;
En centros PRIVADOS SIN CONCIERTO;4,3%;1.082;12,1%;172;;;;;;;;;;;;;;;;;;;;;;;;;;;;;;;;;;;;;;
En centros PÚBLICOS;51,3%;12.917;45,5%;646;;;;;;;;;;;;;;;;;;;;;;;;;;;;;;;;;;;;;;
1.5.3. Nivel de estudios de la población ≥ 25 años (01/01/2021);;;;;;;;;;;;;;;;;;;;;;;;;;;;;;;;;;;;;;;;;;
No sabe leer ni escribir o sin estudios;4,2%;108.764;3,3%;4.776;0,8%;36;1,3%;133;4,2%;1.373;5,1%;2.137;4,9%;588;1,2%;509;;;;;;;;;;;;;;;;;;;;;;;;;;
Primaria incompleta;10,5%;270.260;8,8%;12.485;2,6%;120;3,1%;319;12,6%;4.068;13,5%;5.688;9,3%;1.120;2,8%;1.170;;;;;;;;;;;;;;;;;;;;;;;;;;
Bachiller Elemental, Graduado Escolar, ESO, Formación profesional 1º grado;26,4%;676.508;21,2%;30.234;10,0%;469;10,7%;1.115;24,9%;8.056;30,2%;12.687;26,6%;3.206;11,4%;4.701;;;;;;;;;;;;;;;;;;;;;;;;;;
Formación profesional 2º grado, Bachiller Superior o BUP;19,4%;497.456;20,0%;28.512;19,0%;892;17,2%;1.795;21,5%;6.975;21,0%;8.834;24,0%;2.891;17,3%;7.125;;;;;;;;;;;;;;;;;;;;;;;;;;
Titulaciones medias, diplomatura, arquitectura o ingeniería técnica;9,2%;236.829;11,1%;15.793;12,1%;568;10,9%;1.136;9,6%;3.092;8,8%;3.687;9,6%;1.153;15,0%;6.157;;;;;;;;;;;;;;;;;;;;;;;;;;
Estudios superiores, licenciatura, arquitectura superior, estudios superiores no universitarios, docturado, estudios de posgrado;30,2%;774.430;35,6%;50.750;55,5%;2.606;56,7%;5.899;27,1%;8.777;21,4%;8.980;25,4%;3.059;52,1%;21.429;;;;;;;;;;;;;;;;;;;;;;;;;;
Nivel de estudios desconocido y no consta;0,1%;2.829;0,1%;102;0,1%;6;0,1%;10;0,1%;32;0,1%;27;0,1%;17;0,0%;10;;;;;;;;;;;;;;;;;;;;;;;;;;
1.5.4. Programa de prevención y control del absentismo escolar;;2.567.076;1;142.652;1;4.697;1;10.407;1;32.373;1;42.040;1;12.034;1;41.101;;;;;;;;;;;;;;;;;;;;;;;;;;
Casos trabajados por el programa de absentismo municipal (curso escolar 2020-2021);100,0%;5.307;2,6%;138;;;;;;;;;;;;;;;;;;;;;;;;;;;;;;;;;;;;;;
Casos trabajados HOMBRES;52,2%;2.772;59,4%;82;;;;;;;;;;;;;;;;;;;;;;;;;;;;;;;;;;;;;;
Casos trabajados MUJERES;47,8%;2.535;40,6%;56;;;;;;;;;;;;;;;;;;;;;;;;;;;;;;;;;;;;;;
1.6. SALUD;;;;;;;;;;;;;;;;;;;;;;;;;;;;;;;;;;;;;;;;;;
1.6.1. Hábitos y estilos de vida (2018. Estudio Madrid Salud);;;;;;;;;;;;;;;;;;;;;;;;;;;;;;;;;;;;;;;;;;
Sedentarismo;30,0%;;26,7%;;;;;;;;;;;;;;;;;;;;;;;;;;;;;;;;;;;;;;;
Sedentarismo HOMBRES ;25,2%;;;;;;;;;;;;;;;;;;;;;;;;;;;;;;;;;;;;;;;;;
Sedentarismo MUJERES ;34,0%;;;;;;;;;;;;;;;;;;;;;;;;;;;;;;;;;;;;;;;;;
Consumo de tabaco diario;18,9%;;16,1%;;;;;;;;;;;;;;;;;;;;;;;;;;;;;;;;;;;;;;;
Consumo de tabaco diario HOMBRES;20,2%;;;;;;;;;;;;;;;;;;;;;;;;;;;;;;;;;;;;;;;;;
Consumo de tabaco diario MUJERES ;17,9%;;;;;;;;;;;;;;;;;;;;;;;;;;;;;;;;;;;;;;;;;
Consumo de medicamentos ;66,3%;;65,9%;;;;;;;;;;;;;;;;;;;;;;;;;;;;;;;;;;;;;;;
Consumo de medicamentos HOMBRES  ;62,4%;;;;;;;;;;;;;;;;;;;;;;;;;;;;;;;;;;;;;;;;;
Consumo de medicamentos MUJERES ;69,7%;;;;;;;;;;;;;;;;;;;;;;;;;;;;;;;;;;;;;;;;;
1.6.2. Indicadores de nivel de salud (2018. Estudio Madrid Salud);;;;;;;;;;;;;;;;;;;;;;;;;;;;;;;;;;;;;;;;;;
Autopercepción de buen estado de salud  (% respuesta muy buena + buena);72,3%;;73,0%;;;;;;;;;;;;;;;;;;;;;;;;;;;;;;;;;;;;;;;
Autopercepción de buen estado de salud HOMBRES ;77,4%;;;;;;;;;;;;;;;;;;;;;;;;;;;;;;;;;;;;;;;;;
Autopercepción de buen estado de salud MUJERES ;68,0%;;;;;;;;;;;;;;;;;;;;;;;;;;;;;;;;;;;;;;;;;
Calidad de vida relacionada con la salud (CVRS) ;20,2%;;19,6%;;;;;;;;;;;;;;;;;;;;;;;;;;;;;;;;;;;;;;;
Calidad de vida relacionada con la salud (CVRS) HOMBRES;19,0%;;;;;;;;;;;;;;;;;;;;;;;;;;;;;;;;;;;;;;;;;
Calidad de vida relacionada con la salud (CVRS) MUJERES;21,1%;;;;;;;;;;;;;;;;;;;;;;;;;;;;;;;;;;;;;;;;;
Presencia de enfermedad crónica ;39,8%;;40,4%;;;;;;;;;;;;;;;;;;;;;;;;;;;;;;;;;;;;;;;
Presencia de enfermedad crónica HOMBRES ;36,6%;;;;;;;;;;;;;;;;;;;;;;;;;;;;;;;;;;;;;;;;;
Presencia de enfermedad crónica MUJERES;42,4%;;;;;;;;;;;;;;;;;;;;;;;;;;;;;;;;;;;;;;;;;
Hipertensión arterial;18,8%;;19,3%;;;;;;;;;;;;;;;;;;;;;;;;;;;;;;;;;;;;;;;
Hipertensión arterial HOMBRES;19,7%;;;;;;;;;;;;;;;;;;;;;;;;;;;;;;;;;;;;;;;;;
Hipertensión arterial MUJERES;18,1%;;;;;;;;;;;;;;;;;;;;;;;;;;;;;;;;;;;;;;;;;
Diabetes Mellitus;6,0%;;5,1%;;;;;;;;;;;;;;;;;;;;;;;;;;;;;;;;;;;;;;;
Diabetes Mellitus HOMBRES;6,9%;;;;;;;;;;;;;;;;;;;;;;;;;;;;;;;;;;;;;;;;;
Diabetes Mellitus MUJERES;5,3%;;;;;;;;;;;;;;;;;;;;;;;;;;;;;;;;;;;;;;;;;
Personas con obesidad ;12,2%;;12,7%;;;;;;;;;;;;;;;;;;;;;;;;;;;;;;;;;;;;;;;
Personas con obesidad HOMBRES ;13,3%;;;;;;;;;;;;;;;;;;;;;;;;;;;;;;;;;;;;;;;;;
Personas con obesidad MUJERES;11,2%;;;;;;;;;;;;;;;;;;;;;;;;;;;;;;;;;;;;;;;;;
Personas con sobrepeso;33,5%;;35,4%;;;;;;;;;;;;;;;;;;;;;;;;;;;;;;;;;;;;;;;
Personas con sobrepeso HOMBRES;41,1%;;;;;;;;;;;;;;;;;;;;;;;;;;;;;;;;;;;;;;;;;
Personas con sobrepeso MUJERES;27,0%;;;;;;;;;;;;;;;;;;;;;;;;;;;;;;;;;;;;;;;;;
Personas mayores de 65 años con alguna dependencia funcional;32,4%;;48,2%;;;;;;;;;;;;;;;;;;;;;;;;;;;;;;;;;;;;;;;
Alguna dependencia funcional HOMBRES ;39,1%;;;;;;;;;;;;;;;;;;;;;;;;;;;;;;;;;;;;;;;;;
Alguna dependencia funcional MUJERES;48,6%;;;;;;;;;;;;;;;;;;;;;;;;;;;;;;;;;;;;;;;;;
Prevalencia de obesidad en la población infantil (2017. Estudio Madrid Salud. UCM);15,8%;;11,5%;;;;;;;;;;;;;;;;;;;;;;;;;;;;;;;;;;;;;;;
Probabilidad de padecer enfermedad mental (GHQ-12);21,1%;;20,0%;;;;;;;;;;;;;;;;;;;;;;;;;;;;;;;;;;;;;;;
Probabilidad de padecer enfermedad mental (GHQ-12) HOMBRES;16,6%;;;;;;;;;;;;;;;;;;;;;;;;;;;;;;;;;;;;;;;;;
Probabilidad de padecer enfermedad (GHQ-12) MUJERES;24,9%;;;;;;;;;;;;;;;;;;;;;;;;;;;;;;;;;;;;;;;;;
1.6.3. Riesgo de mala salud mental en personas de 18 años o más (GHQ-12) Ciudad de Madrid (ENS, 2017, Abril y Octubre de 2020);;;;;;;;;;;;;;;;;;;;;;;;;;;;;;;;;;;;;;;;;;
Probabilidad de padecer enfermedad mental (GHQ-12) Abril 2020;57,6%;;;;;;;;;;;;;;;;;;;;;;;;;;;;;;;;;;;;;;;;;
Probabilidad de padecer enfermedad mental (GHQ-12) HOMBRES Abril 2020;55,5%;;;;;;;;;;;;;;;;;;;;;;;;;;;;;;;;;;;;;;;;;
Probabilidad de padecer enfermedad mental (GHQ-12) MUJERES Abril 2020;59,5%;;;;;;;;;;;;;;;;;;;;;;;;;;;;;;;;;;;;;;;;;
Probabilidad de padecer enfermedad mental (GHQ-12) Octubre 2020;49,8%;;;;;;;;;;;;;;;;;;;;;;;;;;;;;;;;;;;;;;;;;
Probabilidad de padecer enfermedad mental (GHQ-12) HOMBRES Octubre 2020;39,6%;;;;;;;;;;;;;;;;;;;;;;;;;;;;;;;;;;;;;;;;;
Probabilidad de padecer enfermedad mental(GHQ-12)  MUJERES Octubre 2020;58,6%;;;;;;;;;;;;;;;;;;;;;;;;;;;;;;;;;;;;;;;;;
Probabilidad de padecer enfermedad mental (GHQ-12)   entre 18-29 años (ENS, 2017);13,9%;;;;;;;;;;;;;;;;;;;;;;;;;;;;;;;;;;;;;;;;;
Probabilidad de padecer enfermedad mental (GHQ-12)   entre 30-44 años (ENS, 2017);15,3%;;;;;;;;;;;;;;;;;;;;;;;;;;;;;;;;;;;;;;;;;
Probabilidad de padecer enfermedad mental (GHQ-12)   entre 45-64 años (ENS, 2017);19,6%;;;;;;;;;;;;;;;;;;;;;;;;;;;;;;;;;;;;;;;;;
Probabilidad de padecer enfermedad mental (GHQ-12)   entre 65 y más años (ENS, 2017);22,7%;;;;;;;;;;;;;;;;;;;;;;;;;;;;;;;;;;;;;;;;;
Probabilidad de padecer enfermedad mental (GHQ-12)   entre 18-29 años (Abril, 2020);67,4%;;;;;;;;;;;;;;;;;;;;;;;;;;;;;;;;;;;;;;;;;
Probabilidad de padecer enfermedad mental (GHQ-12)   entre 30-44 años (Abril, 2020);66,3%;;;;;;;;;;;;;;;;;;;;;;;;;;;;;;;;;;;;;;;;;
Probabilidad de padecer enfermedad mental (GHQ-12)   entre 45-64 años (Abril, 2020);59,1%;;;;;;;;;;;;;;;;;;;;;;;;;;;;;;;;;;;;;;;;;
Probabilidad de padecer enfermedad mental (GHQ-12)   entre 65 y más años (Abril, 2020);37,6%;;;;;;;;;;;;;;;;;;;;;;;;;;;;;;;;;;;;;;;;;
Probabilidad de padecer enfermedad mental (GHQ-12)   entre 18-29 años  (Octubre, 2020);52,2%;;;;;;;;;;;;;;;;;;;;;;;;;;;;;;;;;;;;;;;;;
Probabilidad de padecer enfermedad mental (GHQ-12)   entre 30-44 años  (Octubre, 2020);57,1%;;;;;;;;;;;;;;;;;;;;;;;;;;;;;;;;;;;;;;;;;
Probabilidad de padecer enfermedad mental (GHQ-12)   entre 45-64 años  (Octubre, 2020);50,0%;;;;;;;;;;;;;;;;;;;;;;;;;;;;;;;;;;;;;;;;;
Probabilidad de padecer enfermedad mental (GHQ-12)   entre 65 y más años (Octubre, 2020);39,4%;;;;;;;;;;;;;;;;;;;;;;;;;;;;;;;;;;;;;;;;;
1.6.4. Discapacidad reconocida (2020);;;;;;;;;;;;;;;;;;;;;;;;;;;;;;;;;;;;;;;;;;
Nº de personas con grado de discapacidad reconocido;6,2%;207.714;6,4%;9.466;;;;;;;;;;;;;;;;;;;;;;;;;;;;;;;;;;;;;;
Hombres;47,8%;99.335;49,9%;4.719;;;;;;;;;;;;;;;;;;;;;;;;;;;;;;;;;;;;;;
Mujeres;52,2%;108.379;50,1%;4.747;;;;;;;;;;;;;;;;;;;;;;;;;;;;;;;;;;;;;;
Mujeres por cada 100 hombres (Feminización de la discapacidad reconocida);;109,1;;100,6;;;;;;;;;;;;;;;;;;;;;;;;;;;;;;;;;;;;;;
1.7. CALIDAD DE VIDA  (2021);;;;;;;;;;;;;;;;;;;;;;;;;;;;;;;;;;;;;;;;;;
1.7.1. Calidad de vida y agenda pública ;;;;;;;;;;;;;;;;;;;;;;;;;;;;;;;;;;;;;;;;;;
Satisfacción de vivir en su barrio ;;7,6;;8,0;;;;;;;;;;;;;;;;;;;;;;;;;;;;;;;;;;;;;;
Calidad de vida actual en su barrio ;;7,2;;7,6;;;;;;;;;;;;;;;;;;;;;;;;;;;;;;;;;;;;;;
Convivencia vecinal;;7,1;;7,3;;;;;;;;;;;;;;;;;;;;;;;;;;;;;;;;;;;;;;
1.7.2. Satisfacción con los servicios públicos (escala 0-10);;;;;;;;;;;;;;;;;;;;;;;;;;;;;;;;;;;;;;;;;;
Espacios verdes;;7,0;;7,1;;;;;;;;;;;;;;;;;;;;;;;;;;;;;;;;;;;;;;
Parques infantiles ;;6,6;;6,6;;;;;;;;;;;;;;;;;;;;;;;;;;;;;;;;;;;;;;
Centros culturales;;6,9;;6,9;;;;;;;;;;;;;;;;;;;;;;;;;;;;;;;;;;;;;;
Organización de fiestas y eventos populares;;7,0;;7,0;;;;;;;;;;;;;;;;;;;;;;;;;;;;;;;;;;;;;;
Instalaciones deportivas;;6,9;;6,8;;;;;;;;;;;;;;;;;;;;;;;;;;;;;;;;;;;;;;
Servicios sociales municipales;;6,5;;6,5;;;;;;;;;;;;;;;;;;;;;;;;;;;;;;;;;;;;;;
1.7.3. Principales problemas de la ciudadanía (% personas encuestadas);;;;;;;;;;;;;;;;;;;;;;;;;;;;;;;;;;;;;;;;;;
1º. Limpieza;;28,9;;29,0;;;;;;;;;;;;;;;;;;;;;;;;;;;;;;;;;;;;;;
2º. Contaminación del aire;;24,7;;29,0;;;;;;;;;;;;;;;;;;;;;;;;;;;;;;;;;;;;;;
3º. Tráfico / atascos;;34,9;;45,7;;;;;;;;;;;;;;;;;;;;;;;;;;;;;;;;;;;;;;
1.7.4. Percepción de seguridad (escala 0-10);;;;;;;;;;;;;;;;;;;;;;;;;;;;;;;;;;;;;;;;;;
Percepción de seguridad en Madrid;;7,3;;7,3;;;;;;;;;;;;;;;;;;;;;;;;;;;;;;;;;;;;;;
Percepción de seguridad en el barrio por el día;;8,2;;8,5;;;;;;;;;;;;;;;;;;;;;;;;;;;;;;;;;;;;;;
Percepción de seguridad en el barrio por la noche;;6,7;;7,2;;;;;;;;;;;;;;;;;;;;;;;;;;;;;;;;;;;;;;
1.7.5. Medida en la que la ciudadania se siente informada de lo que hace el Ayuntamiento (escala 0-10);;;;;;;;;;;;;;;;;;;;;;;;;;;;;;;;;;;;;;;;;;
Medida en la que la ciudadania se siente informada de lo que hace el Ayuntamiento;;5,4;;5,4;;;;;;;;;;;;;;;;;;;;;;;;;;;;;;;;;;;;;;
1.7.6. Amigabilidad de la ciudad de Madrid (escala 0-10);;;;;;;;;;;;;;;;;;;;;;;;;;;;;;;;;;;;;;;;;;
Madrid ciudad amigable con las personas lesbianas, gays, transexuales y bisexuales;;6,9;;7,1;;;;;;;;;;;;;;;;;;;;;;;;;;;;;;;;;;;;;;
1.8. INDICADORES DE VULNERABILIDAD;;;;;;;;;;;;;;;;;;;;;;;;;;;;;;;;;;;;;;;;;;
1.8.1. Tasa de riesgo de pobreza o exclusión social. Indicador AROPE (2019. Encuesta de Condiciones de Vida);;;;;;;;;;;;;;;;;;;;;;;;;;;;;;;;;;;;;;;;;;
Tasa de riesgo de pobleza o exclusión social;26.2%;;;;;;;;;;;;;;;;;;;;;;;;;;;;;;;;;;;;;;;;;
Tasa de riesgo de pobleza o exclusión social HOMBRES;24.3%;;;;;;;;;;;;;;;;;;;;;;;;;;;;;;;;;;;;;;;;;
Tasa de riesgo de pobleza o exclusión social MUJERES;27.9%;;;;;;;;;;;;;;;;;;;;;;;;;;;;;;;;;;;;;;;;;
Tasa de riesgo de pobleza o exclusión social N. ESPAÑOLA (>16 años);21,3%;;;;;;;;;;;;;;;;;;;;;;;;;;;;;;;;;;;;;;;;;
Tasa de riesgo de pobleza o exclusión social N. EXTRANJERA UNIÓN EUROPEA (>16 años);37,1%;;;;;;;;;;;;;;;;;;;;;;;;;;;;;;;;;;;;;;;;;
Tasa de riesgo de pobleza o exclusión social N. EXTRANJERA RESTO DEL MUNDO (>16 años);61,7%;;;;;;;;;;;;;;;;;;;;;;;;;;;;;;;;;;;;;;;;;
1.8.2. Repercusión económica en los hogares por la crisis de Covid- 19  (Octubre, 2020);;;;;;;;;;;;;;;;;;;;;;;;;;;;;;;;;;;;;;;;;;
Hogar Unipersonal, de personas de menos de 65 años. No les ha afectado la crisis del coronavirus en los ingresos del hogar ;;65,9%;;;;;;;;;;;;;;;;;;;;;;;;;;;;;;;;;;;;;;;;
Hogar Unipersonal, de personas de menos de 65 años. Les ha afectado la crisis del coronavirus en el aumento de sus  ingresos del hogar ;;0,0%;;;;;;;;;;;;;;;;;;;;;;;;;;;;;;;;;;;;;;;;
Hogar Unipersonal, de personas de menos de 65 años. Les ha afectado la crisis del coronavirus en la disminución de sus ingresos del hogar ;;33,7%;;;;;;;;;;;;;;;;;;;;;;;;;;;;;;;;;;;;;;;;
Hogar Unipersonal, de personas de  65 años o más. No les ha afectado la crisis del coronavirus en los ingresos del hogar ;;89,8%;;;;;;;;;;;;;;;;;;;;;;;;;;;;;;;;;;;;;;;;
Hogar Unipersonal, de personas de  65 años o más. Les ha afectado la crisis del coronavirus en el aumento de sus  ingresos del hogar;;0,0%;;;;;;;;;;;;;;;;;;;;;;;;;;;;;;;;;;;;;;;;
Hogar Unipersonal, de personas de  65 años o más. Les ha afectado la crisis del coronavirus en la disminución de sus ingresos del hogar ;;8,7%;;;;;;;;;;;;;;;;;;;;;;;;;;;;;;;;;;;;;;;;
Hogares monoparentales. No les ha afectado la crisis del coronavirus en los ingresos del hogar  ;;50,0%;;;;;;;;;;;;;;;;;;;;;;;;;;;;;;;;;;;;;;;;
Hogares monoparentales. Les ha afectado la crisis del coronavirus en el aumento de sus  ingresos del hogar;;1,9%;;;;;;;;;;;;;;;;;;;;;;;;;;;;;;;;;;;;;;;;
Hogares monoparentales. Les ha afectado la crisis del coronavirus en la disminución de sus ingresos del hogar;;46,8%;;;;;;;;;;;;;;;;;;;;;;;;;;;;;;;;;;;;;;;;
Hogares formados por pareja sin hijos/as.  No les ha afectado la crisis del coronavirus en los ingresos del hogar ;;67,8%;;;;;;;;;;;;;;;;;;;;;;;;;;;;;;;;;;;;;;;;
Hogares formados por pareja sin hijos/as.  Les ha afectado la crisis del coronavirus en el aumento de sus  ingresos del hogar ;;0,9%;;;;;;;;;;;;;;;;;;;;;;;;;;;;;;;;;;;;;;;;
Hogares formados por pareja sin hijos/as. Les ha afectado la crisis del coronavirus en la disminución de sus ingresos del hogar ;;30,6%;;;;;;;;;;;;;;;;;;;;;;;;;;;;;;;;;;;;;;;;
Hogares formados por pareja con hijos/as. No les ha afectado la crisis del coronavirus en los ingresos del hogar;;53,5%;;;;;;;;;;;;;;;;;;;;;;;;;;;;;;;;;;;;;;;;
Hogares formados por pareja con hijos/as.  Les ha afectado la crisis del coronavirus en el aumento de sus  ingresos del hogar ;;2,7%;;;;;;;;;;;;;;;;;;;;;;;;;;;;;;;;;;;;;;;;
Hogares formados por pareja con hijos/as. Les ha afectado la crisis del coronavirus en la disminución de sus ingresos del hogar;;42,5%;;;;;;;;;;;;;;;;;;;;;;;;;;;;;;;;;;;;;;;;
1.9. SERVICIOS SOCIALES;;;;;;;;;;;;;;;;;;;;;;;;;;;;;;;;;;;;;;;;;;
1.9.1. Población en general (2020);;;;;;;;;;;;;;;;;;;;;;;;;;;;;;;;;;;;;;;;;;
Personas atendidas en la Unidad de Primera Atención en Centros de Servicios Sociales;;104.491 ;3,7%;3.888;;;;;;;;;;;;;;;;;;;;;;;;;;;;;;;;;;;;;;
Solicitudes tramitadas de Renta Mínima de Inserción ;;4.473 ;4,2%;187;;;;;;;;;;;;;;;;;;;;;;;;;;;;;;;;;;;;;;
Personas perceptoras de prestación de la Renta Mínima de Inserción;;14.371 ;2,1%;308;;;;;;;;;;;;;;;;;;;;;;;;;;;;;;;;;;;;;;
Personas beneficiarias de prestaciones sociales de carácter económico (2021);;15.535 ;4,3%;669;;;;;;;;;;;;;;;;;;;;;;;;;;;;;;;;;;;;;;
Total prestaciones sociales de carácter económico (€);;13.591.487 €;3,8%;515.774;;;;;;;;;;;;;;;;;;;;;;;;;;;;;;;;;;;;;;
1.9.2. Personas Mayores (2021);;;;;;;;;;;;;;;;;;;;;;;;;;;;;;;;;;;;;;;;;;
Personas con Servicio de Ayuda a Domicilio (modalidad auxiliar de hogar);;77.834 ;5,2%;4.063;;;;;;;;;;;;;;;;;;;;;;;;;;;;;;;;;;;;;;
Hombres;;19.039 ;5,5%;1.056;;;;;;;;;;;;;;;;;;;;;;;;;;;;;;;;;;;;;;
Mujeres;;58.795 ;5,1%;3.007;;;;;;;;;;;;;;;;;;;;;;;;;;;;;;;;;;;;;;
Personas socias de los Centros Municipales de Mayores;;331.471 ;5,7%;18.847;;;;;;;;;;;;;;;;;;;;;;;;;;;;;;;;;;;;;;
Hombres;;121.511 ;6,0%;7.235;;;;;;;;;;;;;;;;;;;;;;;;;;;;;;;;;;;;;;
Mujeres ;;209.960 ;5,5%;11.612;;;;;;;;;;;;;;;;;;;;;;;;;;;;;;;;;;;;;;
1.9.3. Menores y Familia (2020);;;;;;;;;;;;;;;;;;;;;;;;;;;;;;;;;;;;;;;;;;
Familias atendidas por el Equipo de Trabajo con Menores y Familia (ETMF);;4.358;3,1%;136;;;;;;;;;;;;;;;;;;;;;;;;;;;;;;;;;;;;;;
Demandas de intervención en los Centros de Atención a la Infancia (CAI);;1.615;3,8%;61;;;;;;;;;;;;;;;;;;;;;;;;;;;;;;;;;;;;;;
Menores atendidos por el Servicio de Ayuda a domicilio a Menores y Familias (SAD) ;;1.243;6,9%;86;;;;;;;;;;;;;;;;;;;;;;;;;;;;;;;;;;;;;;
1.10. VIVIENDA;;;;;;;;;;;;;;;;;;;;;;;;;;;;;;;;;;;;;;;;;;
1.10.1. Información sobre datos catastrales;;;;;;;;;;;;;;;;;;;;;;;;;;;;;;;;;;;;;;;;;;
Número de inmuebles de uso residencial (2020);;1.494.204,0 ;5,5%;82.847;3,2%;2.682;6,6%;5.458;21,9%;18.171;29,1%;24.111;7,9%;6.527;31,3%;25.898;;;;;;;;;;;;;;;;;;;;;;;;;;
Superficie media construida (m2) inmuebles de uso residencial (2020);;115,4 ;133,0%;153,5;132,2%;203,0;169,4%;260,0;68,4%;105,0;58,6%;90,0;70,4%;108,0;101,0%;155,0;;;;;;;;;;;;;;;;;;;;;;;;;;
Año medio de construcción de inmuebles de uso residencial (2020);;1.973,1 ;;1.987;;1.993;;1.993;;1.978;;1.974;;1.976;;2.005;;;;;;;;;;;;;;;;;;;;;;;;;;
Valor catastral medio de los bienes inmuebles: personas físicas (2021) en miles de €;;90,4 ;119,6%;108,2;;;;;;;;;;;;;;;;;;;;;;;;;;;;;;;;;;;;;;
Valor catastral medio de los bienes inmuebles: personas jurídicas (2021) en miles de €;;370,3 ;76,1%;281,9;;;;;;;;;;;;;;;;;;;;;;;;;;;;;;;;;;;;;;
Superficie media de la vivienda (m2) en transacción (2020);;85,6 ;126,3%;108,09;187,2%;202,32;196,5%;212,35;76,2%;82,39;67,8%;73,31;74,5%;80,50;118,3%;127,85;;;;;;;;;;;;;;;;;;;;;;;;;;
Duración media del crédito (meses) en transacción de vivienda (2020);;296,0 ;89,9%;266;126,3%;336;87,6%;233;115,4%;307;84,2%;224;116,5%;310;101,5%;270;;;;;;;;;;;;;;;;;;;;;;;;;;
1.10.2. Lanzamientos judiciales (Consejo General del Poder Judicial);;;;;;;;;;;;;;;;;;;;;;;;;;;;;;;;;;;;;;;;;;
Lanzamientos judiciales practicados (2013);100%;5.020 ;;;;;;;;;;;;;;;;;;;;;;;;;;;;;;;;;;;;;;;;
Como consecuencia de ejecuciones hipotecarias;29,9%;1.501;;;;;;;;;;;;;;;;;;;;;;;;;;;;;;;;;;;;;;;;
Como consecuencia de la Ley de Arrendamientos Urbanos;62,5%;3.137;;;;;;;;;;;;;;;;;;;;;;;;;;;;;;;;;;;;;;;;
Lanzamientos judiciales practicados (2021);100%;2.003 ;;;;;;;;;;;;;;;;;;;;;;;;;;;;;;;;;;;;;;;;
Como consecuencia de ejecuciones hipotecarias;12,0%;240;;;;;;;;;;;;;;;;;;;;;;;;;;;;;;;;;;;;;;;;
Como consecuencia de la Ley de Arrendamientos Urbanos;85,0%;1.702;;;;;;;;;;;;;;;;;;;;;;;;;;;;;;;;;;;;;;;;
1.11. MEDIO AMBIENTE Y RESIDUOS;;;;;;;;;;;;;;;;;;;;;;;;;;;;;;;;;;;;;;;;;;
1.11.1. Contaminantes del aire (2020/21);;;;;;;;;;;;;;;;;;;;;;;;;;;;;;;;;;;;;;;;;;
Partículas suspensión PM2.5 (µgr/m3) -Valor límite: 25 µgr/m3- ;;9,6;;;;;;;;;;;;;;;;;;;;;;;;;;;;;;;;;;;;;;;;
Partículas suspensión PM10 (µgr/m3) -Valor límite: 40 µgr/m3-;;18,6;;;;;;;;;;;;;;;;;;;;;;;;;;;;;;;;;;;;;;;;
Dióxido de azufre - SO2 (µgr/m3) -Valor límite: 125 µgr/m3-;;5,7;;;;;;;;;;;;;;;;;;;;;;;;;;;;;;;;;;;;;;;;
Monóxido de carbono - CO (mg/m3) -Valor límite: 10 µgr/m3-;;0,3;;;;;;;;;;;;;;;;;;;;;;;;;;;;;;;;;;;;;;;;
Ozono - O3 (µgr/m3) -Valor límite: 120 µgr/m3-;;50,4;;;;;;;;;;;;;;;;;;;;;;;;;;;;;;;;;;;;;;;;
Dióxido de nitrógeno - NO2 (µgr/m3) -Valor límite: 40 µgr/m3-;;27,2;;;;;;;;;;;;;;;;;;;;;;;;;;;;;;;;;;;;;;;;
Temperatura media anual (ºC);;16,1;;;;;;;;;;;;;;;;;;;;;;;;;;;;;;;;;;;;;;;;
Protocolo de contaminación: nº de episodios (2021);;2;;;;;;;;;;;;;;;;;;;;;;;;;;;;;;;;;;;;;;;;
"Protocolo de contaminación: nº de días ""Escenario 1"" (2021)";;5;;;;;;;;;;;;;;;;;;;;;;;;;;;;;;;;;;;;;;;;
1.11.2. Recogida domiciliaria de residuos sólidos: envases y resto (2020);;;;;;;;;;;;;;;;;;;;;;;;;;;;;;;;;;;;;;;;;;
kg/habitante/año;;293;;282;;;;;;;;;;;;;;;;;;;;;;;;;;;;;;;;;;;;;;
kg/habitante/día;;0,80;;0,77;;;;;;;;;;;;;;;;;;;;;;;;;;;;;;;;;;;;;;
1.12. SEGURIDAD;;;;;;;;;;;;;;;;;;;;;;;;;;;;;;;;;;;;;;;;;;
1.12.1. Intervenciones de la Policía Municipal en materia de seguridad (2021);;;;;;;;;;;;;;;;;;;;;;;;;;;;;;;;;;;;;;;;;;
Relacionadas con las personas;;4.132;2,0%;81;;;;;;;;;;;;;;;;;;;;;;;;;;;;;;;;;;;;;;
Relacionadas con la tenencia de armas;;815;5,8%;47;;;;;;;;;;;;;;;;;;;;;;;;;;;;;;;;;;;;;;
Relacionadas con el patrimonio;;4.655;2,0%;91;;;;;;;;;;;;;;;;;;;;;;;;;;;;;;;;;;;;;;
Relacionadas con la tenencia y consumo de drogas;;6.300;6,8%;429;;;;;;;;;;;;;;;;;;;;;;;;;;;;;;;;;;;;;;
Inspecciones y actuaciones en locales de espectáculos públicos y actividades recreativas;;20.036;1,6%;317;;;;;;;;;;;;;;;;;;;;;;;;;;;;;;;;;;;;;;
Expedientes instruidos por Agentes Tutores;;530;3,0%;16;;;;;;;;;;;;;;;;;;;;;;;;;;;;;;;;;;;;;;
Atestados/partes de accidentes de tráfico confeccionados;;17.947;4,1%;729;;;;;;;;;;;;;;;;;;;;;;;;;;;;;;;;;;;;;;
1.12.2. Personas detenidas e investigadas por la Policía Municipal en materia de seguridad (2021);;;;;;;;;;;;;;;;;;;;;;;;;;;;;;;;;;;;;;;;;;
Total personas detenidas e investigadas;100%;8.105;3,4%;276;;;;;;;;;;;;;;;;;;;;;;;;;;;;;;;;;;;;;;
Lesiones;4,0%;328;;;;;;;;;;;;;;;;;;;;;;;;;;;;;;;;;;;;;;;;
Violencia doméstica y de género;8,5%;687;;;;;;;;;;;;;;;;;;;;;;;;;;;;;;;;;;;;;;;;
Malos tratos a menores;0,7%;56;;;;;;;;;;;;;;;;;;;;;;;;;;;;;;;;;;;;;;;;
Abusos y agresiones sexuales;0,7%;60;;;;;;;;;;;;;;;;;;;;;;;;;;;;;;;;;;;;;;;;
Hurtos;9,5%;769;;;;;;;;;;;;;;;;;;;;;;;;;;;;;;;;;;;;;;;;
Robo con violencia e intimidación en personas;2,1%;171;;;;;;;;;;;;;;;;;;;;;;;;;;;;;;;;;;;;;;;;
Contra la salud pública;4,6%;371;;;;;;;;;;;;;;;;;;;;;;;;;;;;;;;;;;;;;;;;
Contra la seguridad vial;41,3%;3.344;;;;;;;;;;;;;;;;;;;;;;;;;;;;;;;;;;;;;;;;
1.13. RESULTADOS ELECCIONES LOCALES (2019);;;;;;;;;;;;;;;;;;;;;;;;;;;;;;;;;;;;;;;;;;
Censo electoral;100,0%;2.397.881;100%;138.606;100%;4.810;100%;10.575;100%;32.434;100%;41.226;100%;12.166;100,0%;37.395;;;;;;;;;;;;;;;;;;;;;;;;;;
Abstención;31,8%;761.923;28,2%;39.021;22,3%;1.075;24,6%;2.606;27,9%;9.047;31,8%;13.128;33,1%;4.026;24,4%;9.139;;;;;;;;;;;;;;;;;;;;;;;;;;
Votos blancos;0,3%;6.945;0,3%;396;0,4%;21;0,2%;25;0,3%;104;0,3%;117;0,3%;36;0,2%;93;;;;;;;;;;;;;;;;;;;;;;;;;;
Votos a candidaturas;68,2%;1.623.174;71,3%;98.841;77,0%;3.705;75,0%;7.928;71,5%;23.201;67,5%;27.848;66,3%;8.064;75,1%;28.095;;;;;;;;;;;;;;;;;;;;;;;;;;
Más Madrid;31,1%;505.159;26,5%;26.202;15,5%;576;18,6%;1.472;31,3%;7.266;29,4%;8.197;29,3%;2.362;22,5%;6.329;;;;;;;;;;;;;;;;;;;;;;;;;;
PP;24,4%;395.344;24,2%;23.956;36,3%;1.346;36,3%;2.880;21,7%;5.045;21,8%;6.079;21,7%;1.747;24,4%;6.859;;;;;;;;;;;;;;;;;;;;;;;;;;
Ciudadanos;19,3%;312.536;25,1%;24.849;29,5%;1.094;27,5%;2.177;21,2%;4.924;19,8%;5.516;21,1%;1.704;33,6%;9.434;;;;;;;;;;;;;;;;;;;;;;;;;;
PSOE;13,8%;224.074;12,8%;12.633;6,2%;229;6,3%;502;15,4%;3.584;17,7%;4.923;14,8%;1.190;7,8%;2.205;;;;;;;;;;;;;;;;;;;;;;;;;;
VOX;7,7%;124.969;8,4%;8.315;10,9%;405;9,6%;760;6,5%;1.502;7,7%;2.135;9,8%;787;9,7%;2.726;;;;;;;;;;;;;;;;;;;;;;;;;;
1.14. SERVICIOS Y EQUIPAMIENTOS MUNICIPALES;;;;;;;;;;;;;;;;;;;;;;;;;;;;;;;;;;;;;;;;;;
1.14.1. Servicios Sociales Municipales (2021);;;;;;;;;;;;;;;;;;;;;;;;;;;;;;;;;;;;;;;;;;
Centros de Servicios Sociales;;38;5,3%;2;;0;;0;;1;;0;;1;;0;;;;;;;;;;;;;;;;;;;;;;;;;;
Centros Municipales de Mayores ;;91;7,7%;7;;0;;0;;3;;3;;1;;0;;;;;;;;;;;;;;;;;;;;;;;;;;
Centros de Día de Alzheimer y Físicos;;100;3,0%;3;;0;;0;;1;;1;;1;;0;;;;;;;;;;;;;;;;;;;;;;;;;;
Apartamentos Municipales para Mayores;;2;0,0%;0;;0;;0;;0;;0;;0;;0;;;;;;;;;;;;;;;;;;;;;;;;;;
Residencias para personas Mayores ;;3;0,0%;0;;0;;0;;0;;0;;0;;0;;;;;;;;;;;;;;;;;;;;;;;;;;
Centros de Apoyo a las Familias (CAF);;7;14,3%;1;;0;;0;;1;;0;;0;;0;;;;;;;;;;;;;;;;;;;;;;;;;;
Centros de Atención a la Infancia (CAI);;13;7,7%;1;;0;;1;;0;;0;;0;;0;;;;;;;;;;;;;;;;;;;;;;;;;;
Centro de Día de Atención a Niños y Niñas (de 3 a 12 años);;29;3,4%;1;;0;;0;;0;;0;;1;;0;;;;;;;;;;;;;;;;;;;;;;;;;;
Espacios de Ocio para Adolescentes (El Enredadero);;6;0,0%;0;;0;;0;;0;;0;;0;;0;;;;;;;;;;;;;;;;;;;;;;;;;;
Centros de Adolescentes y Jóvenes (ASPA) ;;8;12,5%;1;;0;;0;;0;;1;;0;;0;;;;;;;;;;;;;;;;;;;;;;;;;;
Centros para personas sin hogar;;13;7,7%;1;;0;;0;;1;;0;;0;;0;;;;;;;;;;;;;;;;;;;;;;;;;;
1.14.2. Género (2021);;;;;;;;;;;;;;;;;;;;;;;;;;;;;;;;;;;;;;;;;;
Espacios de Igualdad;;18;5,6%;1;;0;;0;;1;;0;;0;;0;;;;;;;;;;;;;;;;;;;;;;;;;;
1.14.3. Salud (2020);;;;;;;;;;;;;;;;;;;;;;;;;;;;;;;;;;;;;;;;;;
Centros Municipales de Salud Comunitaria (CMSC);;16;6,3%;1;;0;;1;;0;;0;;0;;0;;;;;;;;;;;;;;;;;;;;;;;;;;
Centros de Atención a las Adicciones (CAD y CCAD);;10;10,0%;1;;0;;0;;1;;0;;0;;0;;;;;;;;;;;;;;;;;;;;;;;;;;
1.14.4. Cultura (2021);;;;;;;;;;;;;;;;;;;;;;;;;;;;;;;;;;;;;;;;;;
Nº de Bibliotecas Municipales;;33;6,1%;2;;0;;0;;0;;1;;0;;1;;;;;;;;;;;;;;;;;;;;;;;;;;
Nº de Bibliotecas Comunidad Madrid;;15;6,7%;1;;0;;0;;0;;1;;0;;0;;;;;;;;;;;;;;;;;;;;;;;;;;
Nº de Centros y Espacios Culturales;;105;5,7%;6;;0;;0;;2;;2;;1;;1;;;;;;;;;;;;;;;;;;;;;;;;;;
1.14.5. Deportes (2021);;;;;;;;;;;;;;;;;;;;;;;;;;;;;;;;;;;;;;;;;;
Instalaciones deportivas básicas;;509;12,4%;63;;3;;4;;15;;19;;13;;9;;;;;;;;;;;;;;;;;;;;;;;;;;
Centros deportivos municipales;;78;3,8%;3;;1;;0;;1;;0;;1;;0;;;;;;;;;;;;;;;;;;;;;;;;;;
Superficie deportiva m2 en centros deportivos municipales (2020);;2.074.404;8,8%;182.203;;;;;;;;;;;;;;;;;;;;;;;;;;;;;;;;;;;;;;
Campos de fútbol 11;;22;9,1%;2;;0;;0;;1;;0;;1;;0;;;;;;;;;;;;;;;;;;;;;;;;;;
Pista de atletismo ;;8;0,0%;0;;0;;0;;0;;0;;0;;0;;;;;;;;;;;;;;;;;;;;;;;;;;
Piscinas cubiertas;;50;6,0%;3;;1;;0;;1;;0;;1;;0;;;;;;;;;;;;;;;;;;;;;;;;;;
Piscinas de verano;;23;8,7%;2;;0;;0;;1;;0;;1;;0;;;;;;;;;;;;;;;;;;;;;;;;;;
1.14.6. Zonas verdes (2021);;;;;;;;;;;;;;;;;;;;;;;;;;;;;;;;;;;;;;;;;;
Superficie de zonas verdes y Parques de distrito (Ha);;3.407,3;10,4%;354,3;;;;;;;;;;;;;;;;;;;;;;;;;;;;;;;;;;;;;;
Superficie de zonas verdes y Parques de distrito (Ha) / nº de Habitantes *10.000;;10,2;179,3%;18,2;;;;;;;;;;;;;;;;;;;;;;;;;;;;;;;;;;;;;;
Superficie Parques Históricos, Singulares y Forestales por distrito  ;;2.624,2;14,4%;378,4;;;;;;;;;;;;;;;;;;;;;;;;;;;;;;;;;;;;;;
Superficie Parques Históricos, Singulares y Forestales distrito / nº Habitantes *10.000;;7,8;248,6%;19,5;;;;;;;;;;;;;;;;;;;;;;;;;;;;;;;;;;;;;;
1.14.7. Educación (Curso académico 2021/22);;;;;;;;;;;;;;;;;;;;;;;;;;;;;;;;;;;;;;;;;;
Escuelas Infantiles Municipales ;;74;6,8%;5;;0;;0;;1;;0;;0;;4;;;;;;;;;;;;;;;;;;;;;;;;;;
Escuelas Infantiles Públicas CAM y Municipales;;154;7,1%;11;;;;;;;;;;;;;;;;;;;;;;;;;;;;;;;;;;;;;;
Escuelas Infantiles Privadas;;402;9,5%;38;;;;;;;;;;;;;;;;;;;;;;;;;;;;;;;;;;;;;;
Colegios Públicos Infantil y Primaria ;;249;6,0%;15;;0;;0;;4;;6;;1;;4;;;;;;;;;;;;;;;;;;;;;;;;;;
Institutos Públicos de Educación Secundaria;;114;6,1%;7;;;;;;;;;;;;;;;;;;;;;;;;;;;;;;;;;;;;;;
Colegios Privados Inf. o Pri. o Inf. y Pri.;;78;9,0%;7;;;;;;;;;;;;;;;;;;;;;;;;;;;;;;;;;;;;;;
Colegios Privados Inf., Pri. y Sec. o Pri. y Sec. ;;278;5,8%;16;;;;;;;;;;;;;;;;;;;;;;;;;;;;;;;;;;;;;;
1.14.8. Empresa y Comercio (2021);;;;;;;;;;;;;;;;;;;;;;;;;;;;;;;;;;;;;;;;;;
Mercados Municipales;;45;0,0%;0;;0;;0;;0;;0;;0;;0;;;;;;;;;;;;;;;;;;;;;;;;;;
1.15. PARTICIPACIÓN CIUDADANA ;;;;;;;;;;;;;;;;;;;;;;;;;;;;;;;;;;;;;;;;;;
1.15.1. Entidades de participación ciudadana (2021) ;;;;;;;;;;;;;;;;;;;;;;;;;;;;;;;;;;;;;;;;;;
Asociaciones (Sección 1ª);;2.682;3,9%;105;2,9%;3;2,9%;3;21,0%;22;41,9%;44;14,3%;15;17,1%;18;;;;;;;;;;;;;;;;;;;;;;;;;;
Nº de asociaciones culturales y casas regionales;;550;3,3%;18;0,0%;0;0,0%;0;16,7%;3;72,2%;13;11,1%;2;0,0%;0;;;;;;;;;;;;;;;;;;;;;;;;;;
Nº de asociaciones de mujeres;;90;5,6%;5;20,0%;1;0,0%;0;20,0%;1;40,0%;2;0,0%;0;20,0%;1;;;;;;;;;;;;;;;;;;;;;;;;;;
Nº de asociaciones vecinales;;236;5,5%;13;0,0%;0;0,0%;0;23,1%;3;38,5%;5;15,4%;2;23,1%;3;;;;;;;;;;;;;;;;;;;;;;;;;;
Fundaciones (Sección 2ª);;87;3,4%;3;0,0%;0;33,3%;1;33,3%;1;33,3%;1;0,0%;0;0,0%;0;;;;;;;;;;;;;;;;;;;;;;;;;;
;;;;;;;;;;;;;;;;;;;;;;;;;;;;;;;;;;;;;;;;;;
;;;;;;;;;;;;;;;;;;;;;;;;;;;;;;;;;;;;;;;;;;
1.16. PRESUPUESTO 2022;Acuerdo de 29 de diciembre de 2021 del Pleno del Ayuntamiento de Madrid. Publicación: BOAM Nùm. 9.046, 31 de diciembre de 2021. BOCM Núm. 312, 31 de diciembre de 2021.;;;;;;;;;;;;;;;;;;;;;;;;;;;;;;;;;;;;;;;;;
PROGRAMA;;CAPÍTULOS;;;;;;;;;;;;;;;;;;;;;;;;;;;;;;;;;;;;;;;;
;;1;;2;;3;;4;;5;;6;;7;;TOTAL;;;;;;;;;;;;;;;;;;;;;;;;;;
OTRAS ACTUACIONES EN VÍAS PÚBLICAS;153.22;;;20.000 €;;;;;;;;200.000 €;;;;220.000 €;;;;;;;;;;;;;;;;;;;;;;;;;;
ZONAS VERDES;171.02;;;;;;;;;;;50.000 €;;;;50.000 €;;;;;;;;;;;;;;;;;;;;;;;;;;
FAMILIA E INFANCIA;231.02;;;235.595 €;;;;180.000 €;;;;;;2.000 €;;417.595 €;;;;;;;;;;;;;;;;;;;;;;;;;;
MAYORES;231.03;;;10.394.599 €;;;;20.000 €;;;;;;5.000 €;;10.419.599 €;;;;;;;;;;;;;;;;;;;;;;;;;;
SERVICIOS SOCIALES Y EMERGENCIA SOCIAL;231.06;2.079.823 €;;45.347 €;;;;120.358 €;;;;;;5.000 €;;2.250.528 €;;;;;;;;;;;;;;;;;;;;;;;;;;
SALUBRIDAD PÚBLICA;311.01;434.298 €;;1.900 €;;;;;;;;;;;;436.198 €;;;;;;;;;;;;;;;;;;;;;;;;;;
CENTROS DOCENTES ENSEÑANZA INFANTIL Y PRIMARIA;323.01;;;5.920.609 €;;;;;;;;547.044 €;;;;6.467.653 €;;;;;;;;;;;;;;;;;;;;;;;;;;
ABSENTISMO;325.01;;;33.728 €;;;;;;;;;;;;33.728 €;;;;;;;;;;;;;;;;;;;;;;;;;;
SERVICIOS COMPLEMENTARIOS EDUCACIÓN;326.01;;;405.692 €;;;;;;;;;;;;405.692 €;;;;;;;;;;;;;;;;;;;;;;;;;;
ACTIVIDADES CULTURALES;334.01;534.339 €;;1.160.578 €;;;;6.000 €;;;;;;;;1.700.917 €;;;;;;;;;;;;;;;;;;;;;;;;;;
ACTUACIONES DEPORTIVAS EN DISTRITOS;341.01;;;65.000 €;;;;;;;;;;;;65.000 €;;;;;;;;;;;;;;;;;;;;;;;;;;
INSTALACIONES DEPORTIVAS;342.01;5.822.586 €;;774.624 €;;;;;;;;540.000 €;;;;7.137.210 €;;;;;;;;;;;;;;;;;;;;;;;;;;
CONSUMO;493.00;285.870 €;;900 €;;;;;;;;;;;;286.770 €;;;;;;;;;;;;;;;;;;;;;;;;;;
CONCEJALÍA-PRESIDENCIA DEL DISTRITO;912.20;290.858 €;;800 €;;;;;;;;;;;;291.658 €;;;;;;;;;;;;;;;;;;;;;;;;;;
DIREC. Y GESTIÓN ADMTVA. DEL DISTRITO;920.01;5.415.167 €;;312.049 €;;;;;;;;;;;;5.727.216 €;;;;;;;;;;;;;;;;;;;;;;;;;;
PARTICIPACIÓN CIUDADANA;924.01;;;226.687 €;;;;60.000 €;;;;;;;;286.687 €;;;;;;;;;;;;;;;;;;;;;;;;;;
EDIFICIOS;933.02;;;2.433.533 €;;;;;;;;150.000 €;;;;2.583.533 €;;;;;;;;;;;;;;;;;;;;;;;;;;
CENTRO 001;;14.862.941 €;;22.031.641 €;;0 €;;386.358 €;;0 €;;1.487.044 €;;12.000 €;;38.779.984 €;;;;;;;;;;;;;;;;;;;;;;;;;;
SECCIÓN 216;;14.862.941 €;;22.031.641 €;;0 €;;386.358 €;;0 €;;1.487.044 €;;12.000 €;;38.779.984 €;;;;;;;;;;;;;;;;;;;;;;;;;;
;;;;;;;;;;;;;;;;;;;;;;;;;;;;;;;;;;;;;;;;;;
;;;;;;;;;;;;;;;;;;;;;;;;;;;;;;;;;;;;;;;;;;
;;;;;;;;;;;;;;;;;;;;;;;;;;;;;;;;;;;;;;;;;;
;;;;;;;;;;;;;;;;;;;;;;;;;;;;;;;;;;;;;;;;;;
;;;;;;;;;;;;;;;;;;;;;;;;;;;;;;;;;;;;;;;;;;
;;;;;;;;;;;;;;;;;;;;;;;;;;;;;;;;;;;;;;;;;;
;;;;;;;;;;;;;;;;;;;;;;;;;;;;;;;;;;;;;;;;;;
;;;;;;;;;;;;;;;;;;;;;;;;;;;;;;;;;;;;;;;;;;
;;;;;;;;;;;;;;;;;;;;;;;;;;;;;;;;;;;;;;;;;;
;;;;;;;;;;;;;;;;;;;;;;;;;;;;;;;;;;;;;;;;;;
;;;;;;;;;;;;;;;;;;;;;;;;;;;;;;;;;;;;;;;;;;
;;;;;;;;;;;;;;;;;;;;;;;;;;;;;;;;;;;;;;;;;;
;;;;;;;;;;;;;;;;;;;;;;;;;;;;;;;;;;;;;;;;;;
;;;;;;;;;;;;;;;;;;;;;;;;;;;;;;;;;;;;;;;;;;
;;;;;;;;;;;;;;;;;;;;;;;;;;;;;;;;;;;;;;;;;;
;;;;;;;;;;;;;;;;;;;;;;;;;;;;;;;;;;;;;;;;;;
;;;;;;;;;;;;;;;;;;;;;;;;;;;;;;;;;;;;;;;;;;
;;;;;;;;;;;;;;;;;;;;;;;;;;;;;;;;;;;;;;;;;;
;;;;;;;;;;;;;;;;;;;;;;;;;;;;;;;;;;;;;;;;;;
;;;;;;;;;;;;;;;;;;;;;;;;;;;;;;;;;;;;;;;;;;
;;;;;;;;;;;;;;;;;;;;;;;;;;;;;;;;;;;;;;;;;;
;;;;;;;;;;;;;;;;;;;;;;;;;;;;;;;;;;;;;;;;;;
