07. CHAMBERÍ. INFORMACIÓN DE DISTRITO Y BARRIOS;;;;;;;;;;;;;;;;
 ;CIUDAD;;CHAMBERÍ;;Gaztambide;;Arapiles;;Trafalgar;;Almagro;;Ríos Rosas;;Vallehermoso;
1.1 CARACTERÍSTICAS GENERALES DEL DISTRITO-BARRIO;;;;;;;;;;;;;;;;
Superficie (Ha.) ;;60.445,52;467,92;;50,65;;57,82;;61,19;;93,79;;97,54;;106,92;
Densidad (hab./Ha.) ;;53,30;295,82;;447,52;;420,85;;400,78;;211,09;;277,31;;187,48;
1.2. LA POBLACIÓN DEL DISTRITO;;;;;;;;;;;;;;;;
1.2.1. Estructura de la población (01/01/2018);;;;;;;;;;;;;;;;
Sexo de la población;100%;3.221.824;4,3%;138.418;16,4%;22.666;17,6%;24.335;17,7%;24.523;14,3%;19.799;19,5%;27.049;14,5%;20.046
Hombres;46,6%;1.500.340;43,9%;60.825;43,8%;9.929;44,3%;10.792;44,5%;10.922;44,1%;8.737;43,7%;11.820;43,0%;8.625
Mujeres;53,4%;1.721.484;56,1%;77.593;56,2%;12.737;55,7%;13.543;55,5%;13.601;55,9%;11.062;56,3%;15.229;57,0%;11.421
Edad media de la población;;44,12;;46,53;;47,48;;46,31;;45,47;;46,25;;45,99;;48,06
De 0 a 14 años;13,5%;435.302;10,3%;14.293;9,0%;2.051;10,2%;2.475;10,0%;2.453;11,1%;2.198;10,9%;2.960;10,8%;2.156
De 15 a 29;15,3%;492.310;15,8%;21.884;17,2%;3.902;16,3%;3.957;15,0%;3.685;15,8%;3.127;15,4%;4.177;15,1%;3.036
De 30 a 44;23,1%;745.852;23,5%;32.485;22,0%;4.990;24,1%;5.872;27,2%;6.666;22,2%;4.396;24,3%;6.573;19,9%;3.988
De 45 a 64;27,7%;891.569;26,2%;36.204;26,0%;5.892;25,4%;6.182;26,6%;6.526;26,9%;5.334;25,9%;7.016;26,2%;5.254
De 65 a 79;13,0%;419.069;15,1%;20.874;15,7%;3.569;15,1%;3.673;13,3%;3.268;15,1%;2.980;14,5%;3.917;17,3%;3.467
De 80 y + ;7,4%;237.722;9,2%;12.678;10,0%;2.262;8,9%;2.176;7,8%;1.925;8,9%;1.764;8,9%;2.406;10,7%;2.145
De 65 y +;20,4%;656.791;24,2%;33.552;25,7%;5.831;24,0%;5.849;21,2%;5.193;24,0%;4.744;23,4%;6.323;28,0%;5.612
Población en etapa educativa (De 3 a 16 años -16 no incluidos-);11,7%;375.923;8,7%;11.982;7,7%;1.756;8,5%;2.070;8,2%;2.016;9,3%;1.840;8,9%;2.398;9,5%;1.902
Proporción de juventud (Población de 0-15 años/Población total);14,4%;;11,0%;;9,8%;;10,8%;;10,6%;;11,8%;;11,6%;;11,5%;
Proporción de envejecimiento (Población > 65 años/Población total);20,4%;;24,2%;;25,7%;;24,0%;;21,2%;;24,0%;;23,4%;;28,0%;
Proporción de sobreenvejecimiento (Población > 80 años/Población >65 años);36,2%;;37,8%;;38,8%;;37,2%;;37,1%;;37,2%;;38,1%;;38,2%;
Índice de envejecimiento activo (2017);;37,0;;;;;;;;;;;;;;
Hombres;;38,6;;;;;;;;;;;;;;
Mujeres;;35,8;;;;;;;;;;;;;;
Proporción de dependencia (Población de 0-15 + población 65 y + / Pob. 16-64) ;53,3%;;54,5%;;55,1%;;53,5%;;46,7%;;55,7%;;53,8%;;65,4%;
Personas con nacionalidad española;86,9%;2.799.105;89,3%;123.605;89,5%;20.278;89,3%;21.739;87,6%;21.472;87,2%;17.263;89,4%;24.174;93,2%;18.679
Personas con nacionalidad española HOMBRES;46,6%;1.304.453;44,1%;54.457;44,0%;8.922;44,3%;9.625;44,4%;9.543;44,5%;7.678;43,8%;10.595;43,3%;8.094
Personas con nacionalidad española MUJERES;53,4%;1.494.652;55,9%;69.148;56,0%;11.356;55,7%;12.114;55,6%;11.929;55,5%;9.585;56,2%;13.579;56,7%;10.585
Personas con nacionalidad extranjera;13,1%;422.700;10,7%;14.813;10,5%;2.388;10,7%;2.596;12,4%;3.051;12,8%;2.536;10,6%;2.875;6,8%;1.367
Personas con nacionalidad extranjera HOMBRES;46,3%;195.876;43,0%;6.368;42,2%;1.007;45,0%;1.167;45,2%;1.379;41,8%;1.059;42,6%;1.225;38,8%;531
Personas con nacionalidad extranjera MUJERES;53,7%;226.824;57,0%;8.445;57,8%;1.381;55,0%;1.429;54,8%;1.672;58,2%;1.477;57,4%;1.650;61,2%;836
Proporción de inmigrantes (Extranjeros menos UE y resto países de OCDE / Población total);9,0%;;5,8%;;6,1%;;5,8%;;6,3%;;6,9%;;5,9%;;3,6%;
1ª Nacionalidad Extranjera en el Distrito: ITALIA (proporción respecto total extranjeros);4,5%;18.840;10,6%;1.576;8,2%;196;10,2%;266;11,2%;343;9,4%;238;14,0%;403;9,5%;130
2ª Nacionalidad Extranjera en el Distrito: CHINA (proporción respecto total extranjeros);8,8%;37.031;6,0%;887;9,2%;220;6,3%;164;6,2%;188;2,9%;74;5,4%;154;6,4%;87
1.2.2. Estructura de los hogares (01-01-2018);;;;;;;;;;;;;;;;
Nº total de hogares;100%;1.278.258;4,8%;61.491;16,8%;10.359;18,1%;11.137;18,9%;11.622;13,1%;8.033;19,5%;12.014;13,5%;8.326
Tamaño medio del hogar;;2,52;;2,25;;2,19;;2,19;;2,11;;2,46;;2,25;;2,41
Hogares con una mujer sola >65 años;9,8%;124.815;11,9%;7.287;12,9%;1.335;12,3%;1.374;10,8%;1.252;10,6%;853;11,6%;1.396;12,9%;1.077
Hogares con un hombre solo >65 años;2,8%;35.963;3,3%;2.034;3,7%;380;3,3%;365;3,4%;395;3,4%;276;3,0%;362;3,1%;256
Hogares monoparentales: una mujer adulta con uno o más menores;2,1%;27.460;1,5%;909;1,3%;130;1,5%;167;1,5%;174;1,6%;128;1,7%;204;1,3%;106
Hogares monoparentales: un hombre adulto con uno o más menores;0,4%;5.488;0,3%;189;0,3%;27;0,3%;28;0,3%;40;0,4%;30;0,3%;42;0,3%;22
1.2.3. Dinámica demográfica;;;;;;;;;;;;;;;;
Tasa bruta de natalidad 2017 (‰);;9,00;;8,51;;7,50;;7,75;;8,56;;9,27;;10,10;;7,63
Tasa de crecimiento demográfico 2017 (‰);;1,24;;0,74;;1,15;;0,64;;0,03;;0,51;;0,84;;1,34
Esperanza de vida al nacer MUJERES (mortalidad del periodo 2009-2012);;85,9;;85,9;;86,3;;85,1;;85,5;;85,4;;86,4;;86,5
Esperanza de vida al nacer HOMBRES (mortalidad del periodo 2009-2012);;79,9;;80,8;;80,3;;79,9;;80,5;;81,6;;81,5;;81,0
Esperanza de vida al nacer MUJERES (2017);;87,1;;87,3;;;;;;;;;;;;
Esperanza de vida al nacer HOMBRES (2017);;82,0;;82,2;;;;;;;;;;;;
Esperanza de vida > 65 años MUJERES (2017);;24,3;;24,3;;;;;;;;;;;;
Esperanza de vida > 65 años HOMBRES (2017);;20,3;;19,9;;;;;;;;;;;;
1.2.4. Mujeres y hombres;;;;;;;;;;;;;;;;
Índice de desigualdad de género (2017);;0,816;;;;;;;;;;;;;;
Índice de desigualdad de género (2007);;0,738;;;;;;;;;;;;;;
1.3. INDICADORES ECONÓMICOS ;;;;;;;;;;;;;;;;
Renta neta media anual de los hogares (Urban Audit). 2015;;38.534,6 €;127%;48.989,3 €;87%;42.607,6 €;86%;42.210,2 €;84%;41.126,2 €;140%;68.786,7 €;98%;47.955,3 €;121%;59.458,6 €
Renta disponible Bruta Per Cápita 2014(a);;21.145,9 €;;27.119,0 €;;;;;;;;;;;;
Crecimiento/decrecimiento Renta Bruta Per Cápita 2014(a)-2008;-0,2%;-40,4 €;2,4%;632,1 €;;;;;;;;;;;;
Pensión media mensual del Distrito HOMBRES (2015);;1.376,2 €;;1.649,0 €;;;;;;;;;;;;
Pensión media mensual del Distrito MUJERES (2015);;858,8 €;;993,7 €;;;;;;;;;;;;
1.4. INDICADORES DE DESEMPLEO;;;;;;;;;;;;;;;;
Tasa de actividad global ciudad de Madrid (EPA. 3º trimestre 2018);61,2%;;;;;;;;;;;;;;;
Hombres ;66,4%;;;;;;;;;;;;;;;
Mujeres;56,8%;;;;;;;;;;;;;;;
Número de parados ciudad de Madrid (EPA. 3º trimestre 2018) (miles);;200,1;;;;;;;;;;;;;;
Hombres (miles);;97,3;;;;;;;;;;;;;;
Mujeres (miles);;102,8;;;;;;;;;;;;;;
Paro registrado (nº de personas registradas en SEPE en agosto 2018);;167.871;2,9%;4.895;17,1%;835;17,8%;871;18,5%;904;10,5%;514;17,7%;864;10,6%;521
Tasa absoluta de paro registrado (agosto 2018);7,9%;;5,5%;;6,2%;;6,0%;;5,9%;;4,4%;;5,3%;;4,6%;
Tasa absoluta de paro registrado MUJERES;8,6%;;5,8%;;6,6%;;6,4%;;6,2%;;4,4%;;5,8%;;4,9%;
De 16 a 24 años;4,6%;;1,8%;;2,4%;;2,3%;;2,6%;;0,6%;;1,9%;;1,1%;
De 25 a 44 años;8,3%;;5,3%;;5,9%;;5,5%;;5,9%;;4,4%;;4,9%;;4,7%;
De 45 a 64 años;10,1%;;7,4%;;8,6%;;8,6%;;7,4%;;5,3%;;7,7%;;6,1%;
Tasa absoluta de paro registrado HOMBRES ;7,1%;;5,1%;;5,7%;;5,4%;;5,6%;;4,4%;;4,8%;;4,3%;
De 16 a 24 años;4,5%;;1,8%;;1,9%;;2,9%;;2,0%;;1,1%;;2,1%;;0,8%;
De 25 a 44 años;6,1%;;4,4%;;5,4%;;4,6%;;4,6%;;3,7%;;4,0%;;4,1%;
De 45 a 64 años;9,1%;;6,9%;;7,3%;;7,5%;;7,9%;;6,3%;;6,5%;;5,7%;
Parados de larga duración (agosto 2018);41,0%;68.898;36,1%;1.765;;;;;;;;;;;;
Hombres;40,4%;27.816;38,7%;683;;;;;;;;;;;;
Mujeres ;59,6%;41.082;61,3%;1.082;;;;;;;;;;;;
Parados que SÍ perciben prestaciones (agosto 2018);37,3%;62.541;44,7%;2.186;;;;;;;;;;;;
Hombres;47,0%;29.412;46,1%;1.007;;;;;;;;;;;;
Mujeres ;53,0%;33.129;53,9%;1.179;;;;;;;;;;;;
Parados que NO perciben prestaciones (agosto 2018);62,7%;105.330;55,3%;2.709;;;;;;;;;;;;
Hombres;40,7%;42.906;40,3%;1.091;;;;;;;;;;;;
Mujeres ;59,3%;62.424;59,7%;1.618;;;;;;;;;;;;
1.5. EDUCACIÓN;;;;;;;;;;;;;;;;
1.5.1. Población en etapas educativas (01/01/2018);100%;463.011;100%;15.256;100%;2.222;100%;2.632;100%;2.608;100%;2.341;100%;3.140;100%;2.313
0 a 2 años;18,8%;87.088;21,5%;3.274;21,0%;466;21,4%;562;22,7%;592;21,4%;501;23,6%;742;17,8%;411
Infantil (3 a 5 años);18,7%;86.699;18,6%;2.844;19,7%;437;19,9%;524;18,6%;486;18,7%;438;17,5%;551;17,6%;408
Primaria (6 a 11 años);38,2%;176.730;36,1%;5.511;34,1%;757;35,1%;925;35,5%;925;36,6%;856;37,0%;1.161;38,3%;887
Secundaria (12 a 15 años);24,3%;112.494;23,8%;3.627;25,3%;562;23,6%;621;23,2%;605;23,3%;546;21,8%;686;26,2%;607
Etapas educativas. Total niños;51,2%;237.098;50,7%;7.735;51,0%;1.134;51,5%;1.356;51,5%;1.344;49,9%;1.168;49,7%;1.561;50,7%;1.172
0 a 2 años;18,8%;44.551;21,6%;1.674;20,9%;237;21,7%;294;23,6%;317;21,6%;252;23,3%;364;17,9%;210
Infantil (3 a 5 años);18,8%;44.489;18,9%;1.459;19,9%;226;19,2%;261;18,8%;252;19,3%;225;18,1%;282;18,2%;213
Primaria (6 a 11 años);38,2%;90.647;36,0%;2.784;34,4%;390;36,1%;490;35,0%;471;37,5%;438;36,2%;565;36,7%;430
Secundaria (12 a 15 años);24,2%;57.411;23,5%;1.818;24,8%;281;22,9%;311;22,6%;304;21,7%;253;22,4%;350;27,2%;319
Etapas educativas. Total niñas;48,8%;225.913;49,3%;7.521;49,0%;1.088;48,5%;1.276;48,5%;1.264;50,1%;1.173;50,3%;1.579;49,3%;1.141
0 a 2 años;18,8%;42.537;21,3%;1.600;21,0%;229;21,0%;268;21,8%;275;21,2%;249;23,9%;378;17,6%;201
Infantil (3 a 5 años);18,7%;42.210;18,4%;1.385;19,4%;211;20,6%;263;18,5%;234;18,2%;213;17,0%;269;17,1%;195
Primaria (6 a 11 años);38,1%;86.083;36,3%;2.727;33,7%;367;34,1%;435;35,9%;454;35,6%;418;37,7%;596;40,1%;457
Secundaria (12 a 15 años);24,4%;55.083;24,1%;1.809;25,8%;281;24,3%;310;23,8%;301;25,0%;293;21,3%;336;25,2%;288
1.5.2. Escolarización de alumnos por tipo de centro (año escolar 2016/17);100%;510.340;100%;20.606;;;;;;;;;;;;
En centros PRIVADOS CONCERTADOS;43,3%;220.761;51,4%;10.598;;;;;;;;;;;;
En centros PRIVADOS SIN CONCIERTO;17,5%;89.197;22,3%;4.602;;;;;;;;;;;;
En centros PÚBLICOS;39,3%;200.382;26,2%;5.406;;;;;;;;;;;;
Total alumnos extranjeros;10,3%;52.588;10,6%;2.176;;;;;;;;;;;;
En centros PRIVADOS CONCERTADOS;34,7%;18.249;49,0%;1.067;;;;;;;;;;;;
En centros PRIVADOS SIN CONCIERTO;8,6%;4.514;19,1%;415;;;;;;;;;;;;
En centros PÚBLICOS;56,7%;29.825;31,9%;694;;;;;;;;;;;;
Total alumnos con necesidades de apoyo educativo;3,9%;19.911;2,4%;493;;;;;;;;;;;;
En centros PRIVADOS CONCERTADOS;50,1%;9.977;57,0%;281;;;;;;;;;;;;
En centros PRIVADOS SIN CONCIERTO;3,8%;764;1,0%;5;;;;;;;;;;;;
En centros PÚBLICOS;46,1%;9.170;42,0%;207;;;;;;;;;;;;
1.5.3. Nivel de estudios de la población ≥ 25 años (01/01/2018);;;;;;;;;;;;;;;;
No sabe leer ni escribir o sin estudios;5,2%;129.614;1,8%;2.003;2,0%;371;2,2%;439;1,9%;385;1,4%;214;1,9%;411;1,1%;183
Primaria incompleta;12,1%;301.397;5,8%;6.596;6,2%;1.163;6,9%;1.380;6,4%;1.303;4,6%;733;5,9%;1.292;4,5%;725
Bachiller Elemental, Graduado Escolar, ESO, Formación profesional 1º grado;26,5%;659.083;15,5%;17.550;15,9%;2.956;16,9%;3.369;15,7%;3.181;15,2%;2.408;16,0%;3.536;13,0%;2.100
Formación profesional 2º grado, Bachiller Superior o BUP;19,1%;475.507;17,1%;19.316;17,1%;3.192;17,5%;3.475;17,1%;3.457;16,5%;2.608;16,9%;3.729;17,6%;2.855
Titulados medios, diplomados, arquitecto o ingeniero técnico;9,7%;240.663;10,7%;12.061;10,7%;2.000;10,4%;2.072;10,7%;2.160;10,8%;1.711;10,4%;2.288;11,3%;1.830
Estudios superiores, licenciado, arquitecto o ingeniero superior, estudios superiores no universitarios, doctorado, estudios postgraduados;27,3%;681.198;48,9%;55.194;47,9%;8.931;45,9%;9.135;48,1%;9.755;51,3%;8.128;48,9%;10.794;52,2%;8.451
Nivel de estudios desconocido y no consta;0,1%;3.467;0,2%;189;0,2%;30;0,2%;31;0,2%;31;0,3%;40;0,1%;24;0,2%;33
1.5.4. Programa de prevención y control del absentismo escolar;;;;;;;;;;;;;;;;
Casos trabajados por el programa de absentismo municipal (curso escolar 2017-2018);100,0%;3.901;0,7%;29;;;;;;;;;;;;
Casos trabajados HOMBRES;50,1%;1.955;44,8%;13;;;;;;;;;;;;
Casos trabajados MUJERES;49,9%;1.946;55,2%;16;;;;;;;;;;;;
1.6. SALUD;;;;;;;;;;;;;;;;
1.6.1. Hábitos y estilos de vida (2017. Estudio Madrid Salud);;;;;;;;;;;;;;;;
Sedentarismo;30,0%;;28,4%;;;;;;;;;;;;;
Sedentarismo HOMBRES ;25,2%;;;;;;;;;;;;;;;
Sedentarismo MUJERES ;34,0%;;;;;;;;;;;;;;;
Consumo de tabaco diario;18,9%;;23,6%;;;;;;;;;;;;;
Consumo de tabaco diario HOMBRES;20,2%;;;;;;;;;;;;;;;
Consumo de tabaco diario MUJERES ;17,9%;;;;;;;;;;;;;;;
Consumo de medicamentos ;66,3%;;68,7%;;;;;;;;;;;;;
Consumo de medicamentos HOMBRES  ;62,4%;;;;;;;;;;;;;;;
Consumo de medicamentos MUJERES ;69,7%;;;;;;;;;;;;;;;
1.6.2. Indicadores de nivel de salud (2017. Estudio Madrid Salud);;;;;;;;;;;;;;;;
Autopercepción de buen estado de salud  (% respuesta muy buena + buena);72,3%;;76,5%;;;;;;;;;;;;;
Autopercepción de buen estado de salud HOMBRES ;77,4%;;;;;;;;;;;;;;;
Autopercepción de buen estado de salud MUJERES ;68,0%;;;;;;;;;;;;;;;
Calidad de vida relacionada con la salud (CVRS) ;20,2%;;19,9%;;;;;;;;;;;;;
Calidad de vida relacionada con la salud (CVRS) HOMBRES;19,0%;;;;;;;;;;;;;;;
Calidad de vida relacionada con la salud (CVRS) MUJERES;21,1%;;;;;;;;;;;;;;;
Presencia de enfermedad crónica ;39,8%;;38,7%;;;;;;;;;;;;;
Presencia de enfermedad crónica HOMBRES ;36,6%;;;;;;;;;;;;;;;
Presencia de enfermedad crónica MUJERES;42,4%;;;;;;;;;;;;;;;
Hipertensión arterial;18,8%;;18,4%;;;;;;;;;;;;;
Hipertensión arterial HOMBRES;19,7%;;;;;;;;;;;;;;;
Hipertensión arterial MUJERES;18,1%;;;;;;;;;;;;;;;
Diabetes Mellitus;6,0%;;4,6%;;;;;;;;;;;;;
Diabetes Mellitus HOMBRES;6,9%;;;;;;;;;;;;;;;
Diabetes Mellitus MUJERES;5,3%;;;;;;;;;;;;;;;
Personas con obesidad ;12,2%;;7,2%;;;;;;;;;;;;;
Personas con obesidad HOMBRES ;13,3%;;;;;;;;;;;;;;;
Personas con obesidad MUJERES;11,2%;;;;;;;;;;;;;;;
Personas con sobrepeso;33,5%;;30,5%;;;;;;;;;;;;;
Personas con sobrepeso HOMBRES;41,1%;;;;;;;;;;;;;;;
Personas con sobrepeso MUJERES;27,0%;;;;;;;;;;;;;;;
Personas mayores de 65 años con alguna dependencia funcional;32,4%;;40,9%;;;;;;;;;;;;;
Alguna dependencia funcional HOMBRES ;39,1%;;;;;;;;;;;;;;;
Alguna dependencia funcional MUJERES;48,6%;;;;;;;;;;;;;;;
Probabilidad de padecer enfermedad mental (GHQ-12);21,1%;;20,6%;;;;;;;;;;;;;
Probabilidad de padecer enfermedad mental (GHQ-12) HOMBRES;16,6%;;;;;;;;;;;;;;;
Probabilidad de padecer enfermedad (GHQ-12) MUJERES;24,9%;;;;;;;;;;;;;;;
Prevalencia de obesidad en la población infantil (2017. Estudio Madrid Salud. UCM);15,8%;;10,5%;;;;;;;;;;;;;
1.6.3. Discapacidad reconocida (31/12/2015);;;;;;;;;;;;;;;;
Nº de personas con grado de discapacidad reconocido;5,6%;180.040;4,6%;6.336;;;;;;;;;;;;
Hombres;48,1%;86.609;44,4%;2.815;;;;;;;;;;;;
Mujeres;51,9%;93.431;55,6%;3.521;;;;;;;;;;;;
Mujeres por cada 100 hombres (Feminización de la discapacidad reconocida);;107,9;;125,1;;;;;;;;;;;;
1.7. CALIDAD DE VIDA  (2017. Estudio >16 años);;;;;;;;;;;;;;;;
1.7.1. Calidad de vida y agenda pública (indicador sintético 0-100);;;;;;;;;;;;;;;;
Satisfacción de vivir en su barrio ;;69,8;;76,4;;;;;;;;;;;;
Calidad de vida actual en su barrio ;;69,5;;75,2;;;;;;;;;;;;
Convivencia vecinal;;67,8;;80,2;;;;;;;;;;;;
1.7.2. Satisfacción con los servicios públicos (escala 0-10);;;;;;;;;;;;;;;;
Espacios verdes;;6,6;;6,0;;;;;;;;;;;;
Parques infantiles ;;6,3;;5,7;;;;;;;;;;;;
Centros culturales;;6,9;;6,5;;;;;;;;;;;;
Organización de fiestas y eventos populares;;6,7;;6,6;;;;;;;;;;;;
Instalaciones deportivas;;6,7;;5,9;;;;;;;;;;;;
Servicios sociales municipales;;6,6;;6,0;;;;;;;;;;;;
Desigualdad en las dotaciones de los barrios (% respuesta muy alta + alta);82,9%;;88,2%;;;;;;;;;;;;;
1.7.3. Principales problemas de la ciudadanía (% personas encuestadas);;;;;;;;;;;;;;;;
1º. Limpieza;41,1%;;49,0%;;;;;;;;;;;;;
2º. Contaminación del aire;15,0%;;23,8%;;;;;;;;;;;;;
3º. Tráfico / atascos;10,8%;;18,2%;;;;;;;;;;;;;
1.7.4. Percepción de seguridad (indicador sintético 0-100);;;;;;;;;;;;;;;;
Percepción de seguridad en Madrid;;69,0;;73,1;;;;;;;;;;;;
Percepción de seguridad en el barrio por el día;;75,4;;77,3;;;;;;;;;;;;
Percepción de seguridad en el barrio por la noche;;61,6;;72,9;;;;;;;;;;;;
1.7.5. Problemas que afectan a la seguridad en los espacios públicos del distrito (escala 0-10);;;;;;;;;;;;;;;;
1º. Residuos por excrementos de animales domésticos;;6,7;;5,9;;;;;;;;;;;;
2º. Personas orinando en la calle ;;4,5;;5,2;;;;;;;;;;;;
3º. Grafitis;;4,0;;4,3;;;;;;;;;;;;
1.7.6. Administración de la ciudad (% de respuesta);;;;;;;;;;;;;;;;
Medio de información de la actividad del Ayuntamiento: REDES SOCIALES;19,3%;;21,0%;;;;;;;;;;;;;
Preferencia de contacto con el Ayuntamiento: EN PERSONA;48,6%;;10,5%;;;;;;;;;;;;;
Percepción sobre la administración del Ayto. en los últimos 5 años: HA MEJORADO;35,3%;;25,2%;;;;;;;;;;;;;
Percepción sobre la administración del Ayto. en los últimos 5 años: HA EMPEORADO;14,5%;;29,4%;;;;;;;;;;;;;
1.7.7. Amigabilidad de la ciudad (% respuesta mucho + bastante);;;;;;;;;;;;;;;;
Madrid ciudad amigable con las personas lesbianas, gays, transexuales y bisexuales;70,8%;;66,6%;;;;;;;;;;;;;
1.8. INDICADORES DE VULNERABILIDAD;;;;;;;;;;;;;;;;
1.8.1. Índice de vulnerabilidad territorial (2018);;;;;;;;;;;;;;;;
Índice de vulnerabilidad territorial;;;;0,0062;;0,0063;;0,0064;;0,0063;;0,0059;;0,0062;;0,0058
Posición en el ranking de distritos y/o barrios de vulnerabilidad territorial;;;;17;;94;;93;;95;;113;;101;;115
1.8.2. Tasa de riesgo de pobleza o exclusión social. Indicador AROPE (2017. Encuesta de Condiciones de Vida);;;;;;;;;;;;;;;;
Tasa de riesgo de pobleza o exclusión social;26,0%;;;;;;;;;;;;;;;
Tasa de riesgo de pobleza o exclusión social HOMBRES;23,9%;;;;;;;;;;;;;;;
Tasa de riesgo de pobleza o exclusión social MUJERES;27,9%;;;;;;;;;;;;;;;
Tasa de riesgo de pobleza o exclusión social N. ESPAÑOLA (>16 años);22,0%;;;;;;;;;;;;;;;
Tasa de riesgo de pobleza o exclusión social N. EXTRANJERA UNIÓN EUROPEA (>16 años);18,1%;;;;;;;;;;;;;;;
Tasa de riesgo de pobleza o exclusión social N. EXTRANJERA RESTO DEL MUNDO (>16 años);63,2%;;;;;;;;;;;;;;;
1.8.3. Tasa de riesgo de pobreza de los hogares (2016. Estudio de Necesidades Sociales. Hogares);;;;;;;;;;;;;;;;
Pareja o matrimonio con hijos;;35,7%;;;;;;;;;;;;;;
Hogar formado por madre con hijos a cargo;;41,1%;;;;;;;;;;;;;;
Nacido en España;;26,4%;;;;;;;;;;;;;;
Nacido en un país fuera de la Unión Europea;;39,2%;;;;;;;;;;;;;;
1.8.4. Situación económica de los hogares (2016. Estudio de Necesidades Sociales. Hogares);;;;;;;;;;;;;;;;
Dificultad para llegar a fin de mes (% respuesta mucha dificultad + dificultad);;20,0%;;;;;;;;;;;;;;
Imposibilidad de hacer frente a un gasto imprevisto de 650€;;38,7%;;;;;;;;;;;;;;
Dificultad para hacer frente a los gastos derivados del suministro energético;;9,5%;;;;;;;;;;;;;;
Entrevistados que han acudido a Servicios Sociales Municipales para solicitar atención social;;10,0%;;;;;;;;;;;;;;
1.9. SERVICIOS SOCIALES;;;;;;;;;;;;;;;;
1.9.1. Población en general (2017);;;;;;;;;;;;;;;;
Personas atendidas en la Unidad de Primera Atención en Centros de Servicios Sociales;;129.281;1,8%;2.360;;;;;;;;;;;;
Solicitudes tramitadas de Renta Mínima de Inserción;;6.969;1,5%;104;;;;;;;;;;;;
Perceptores de prestación de la Renta Mínima de Inserción;;16.219;0,9%;141;;;;;;;;;;;;
Beneficiarios de prestaciones sociales de carácter económico;;13.632;1,1%;146;;;;;;;;;;;;
Total prestaciones sociales de carácter económico (€);;7.440.030;1,7%;127.013;;;;;;;;;;;;
1.9.2. Personas Mayores (2017);;;;;;;;;;;;;;;;
Personas con Servicio de Ayuda a Domicilio (modalidad auxiliar de hogar);;71.238;2,8%;1.984;;;;;;;;;;;;
Hombres;;16.914;2,5%;418;;;;;;;;;;;;
Mujeres;;54.324;2,9%;1.566;;;;;;;;;;;;
Personas socias de los Centros Municipales de Mayores;;325.924;3,3%;10.819;;;;;;;;;;;;
Hombres;;124.008;2,8%;3.430;;;;;;;;;;;;
Mujeres ;;201.916;3,7%;7.389;;;;;;;;;;;;
1.9.3. Menores y Familia (2017);;;;;;;;;;;;;;;;
Familias atendidas por el Equipo de Trabajo con Menores y Familia (ETMF);;7.519;1,8%;136;;;;;;;;;;;;
Demandas de intervención en los Centros de Atención a la Infancia (CAI);;2.130;2,0%;43;;;;;;;;;;;;
Menores atendidos por el Servicio de Ayuda a domicilio a Menores y Familias (SAD) ;;1.361;3,8%;52;;;;;;;;;;;;
1.10. VIVIENDA;;;;;;;;;;;;;;;;
1.10.1. PLAN MAD-RE: PLAN ESTRATÉGICO MADRID RECUPERA (Programa de actuaciones 2018-2030);;;;;;;;;;;;;;;;
Planes Integrales Territoriales de Barrios Apirus;;48;0,0%;0;;;;;;;;;;;;
Planes Integrales Territoriales de Ordenación y Gestión;;71;0,0%;0;;;;;;;;;;;;
Proyecto Estratégico Ambiental;;13;0,0%;0;;;;;;;;;;;;
Proyecto Estratégico de Espacio Público;;140;0,0%;0;;;;;;;;;;;;
Proyecto Estratégico de Movilidad;;103;0,0%;0;;;;;;;;;;;;
1.10.2. Estado de las viviendas;;;;;;;;;;;;;;;;
Nº Total de viviendas (Censo Edificios y Viviendas 2011);100%;1.530.955;100%;79.780;;;;;;;;;;;;
Viviendas anteriores a 1980;69,4%;1.061.825;90,9%;72.490;;;;;;;;;;;;
Estado ruinoso;0,2%;3.445;0,0%;35;;;;;;;;;;;;
Estado malo;0,8%;12.705;0,5%;370;;;;;;;;;;;;
Estado deficiente;4,4%;66.775;2,9%;2.290;;;;;;;;;;;;
Estado bueno;92,8%;1.420.265;96,2%;76.720;;;;;;;;;;;;
No consta;1,8%;27.770;0,5%;365;;;;;;;;;;;;
Valor catastral medio de los bienes inmuebles: personas físicas (2018);;91.159,1 €;147,5%;134.423,2 €;83,5%;112.274 €;89,7%;120.511 €;86,5%;116.258 €;136,9%;183.975 €;90,3%;121.444 €;132,2%;177.761 €
Valor catastral medio de los bienes inmuebles: personas jurídicas (2018);;370.572,5 €;132,0%;488.983,6 €;58,2%;284.362 €;86,3%;422.218 €;70,5%;344.750 €;137,7%;673.543 €;98,8%;483.019 €;126,4%;617.927 €
Superficie media de la vivienda (m2) en transacción (2017);;84;104,4%;87;98,1%;86;94,6%;83;98,1%;86;156,0%;136;107,2%;94;126,2%;110
Duración media del crédito (meses) en transacción de vivienda (2017);;296;91,6%;271;102,6%;278;100,7%;273;101,8%;276;90,4%;245;102,6%;278;101,5%;275
1.10.3. Tipología de las viviendas ;;;;;;;;;;;;;;;;
Nº Total de viviendas familiares (Censo Edificios y Viviendas 2001);100%;1.378.931;100%;79.502;100%;14.427;100%;14.745;100%;14.900;100%;10.373;100%;14.742;100%;10.315
Principal;78,3%;1.080.306;71,5%;56.820;69,2%;9.981;73,0%;10.762;71,0%;10.578;66,9%;6.938;73,6%;10.849;74,8%;7.712
Secundaria;7,7%;106.192;11,5%;9.181;15,0%;2.167;8,6%;1.265;8,1%;1.200;12,1%;1.258;12,5%;1.846;14,0%;1.445
Desocupada;12,9%;178.377;16,3%;12.953;15,1%;2.172;18,0%;2.657;20,6%;3.065;20,5%;2.127;12,2%;1.805;10,9%;1.127
Otro tipo;1,0%;13.998;0,7%;548;0,7%;107;0,4%;61;0,4%;57;0,5%;50;1,6%;242;0,3%;31
1.10.4. Lanzamientos judiciales (Consejo General del Poder Judicial);;;;;;;;;;;;;;;;
Lanzamientos judiciales practicados (2013);100%;5.020;;;;;;;;;;;;;;
Como consecuencia de ejecuciones hipotecarias;29,9%;1.501;;;;;;;;;;;;;;
Como consecuencia de la Ley de Arrendamientos Urbanos;62,5%;3.137;;;;;;;;;;;;;;
Lanzamientos judiciales practicados (2017);100%;3.416;;;;;;;;;;;;;;
Como consecuencia de ejecuciones hipotecarias;19,1%;654;;;;;;;;;;;;;;
Como consecuencia de la Ley de Arrendamientos Urbanos;79,4%;2.713;;;;;;;;;;;;;;
1.11. MEDIO AMBIENTE Y RESIDUOS;;;;;;;;;;;;;;;;
1.11.1. Contaminantes del aire (2017);;;;;;;;;;;;;;;;
Partículas suspensión PM2.5 (µgr/m3) -Valor límite: 25 µgr/m3-;;10,2;;;;;;;;;;;;;;
Partículas suspensión PM10 (µgr/m3) -Valor límite: 40 µgr/m3-;;20,1;;;;;;;;;;;;;;
Dióxido de azufre - SO2 (µgr/m3) -Valor límite: 125 µgr/m3-;;7,0;;;;;;;;;;;;;;
Monóxido de carbono - CO2 (mg/m3) -Valor límite: 10 µgr/m3-;;0,4;;;;;;;;;;;;;;
Ozono - O3 (µgr/m3) -Valor límite: 120 µgr/m3-;;48,0;;;;;;;;;;;;;;
Dióxido de nitrógeno - NO2 (µgr/m3) -Valor límite: 40 µgr/m3-;;42,0;;;;;;;;;;;;;;
Temperatura media anual (ºC);;16,6º;;;;;;;;;;;;;;
Protocolo de contaminación: nº de episodios (2018);;4;;;;;;;;;;;;;;
"Protocolo de contaminación: nº de días ""Escenario 1"" (2018)";;7;;;;;;;;;;;;;;
1.11.2. Recogida domiciliaria de resíduos sólidos: envases y resto (2017);;;;;;;;;;;;;;;;
kg/habitante/año;;357;;340;;;;;;;;;;;;
kg/habitante/día;;0,978;;0,932;;;;;;;;;;;;
1.12. SEGURIDAD;;;;;;;;;;;;;;;;
Intervenciones de la Policía Municipal en materia de seguridad (2018);;;;;;;;;;;;;;;;
Relacionadas con las personas;;5.402;1,4%;75;;;;;;;;;;;;
Relacionadas con la tenencia de armas;;805;0,4%;3;;;;;;;;;;;;
Relacionadas con el patrimonio;;6.525;1,1%;70;;;;;;;;;;;;
Relacionadas con la tenencia y consumo de drogas;;8.750;3,1%;273;;;;;;;;;;;;
Expedientes instruidos por Agentes Tutores;;635;2,2%;14;;;;;;;;;;;;
Atestados/partes de accidentes de tráfico confeccionados;;16.229;5,8%;945;;;;;;;;;;;;
Detenidos e investigados de la Policía Municipal en materia de seguridad (2018);;;;;;;;;;;;;;;;
Total detenidos e investigados;100%;9.010;2,8%;255;;;;;;;;;;;;
Lesiones;4,4%;396;;;;;;;;;;;;;;
Violencia doméstica y de género;8,8%;790;;;;;;;;;;;;;;
Malos tratos a menores;0,9%;80;;;;;;;;;;;;;;
Abusos y agresiones sexuales;0,9%;81;;;;;;;;;;;;;;
Hurtos;10,5%;945;;;;;;;;;;;;;;
Robo con violencia e intimidación en personas;1,6%;144;;;;;;;;;;;;;;
Contra la salud pública;2,9%;257;;;;;;;;;;;;;;
Contra la seguridad vial;41,7%;3.758;;;;;;;;;;;;;;
1.13. RESULTADOS ELECCIONES LOCALES (2015);;;;;;;;;;;;;;;;
Censo electoral;100,0%;2.388.047;100%;111.239;100%;18.487;100%;19.687;100%;19.556;100%;15.371;100%;21.669;100,0%;16.469
Abstención;31,2%;743.954;27,5%;30.604;27,5%;5.085;28,8%;5.673;29,0%;5.670;26,6%;4.092;28,2%;6.108;24,1%;3.976
Votos blancos;0,7%;15.825;0,7%;784;0,8%;144;0,7%;147;0,6%;110;0,7%;112;0,7%;157;0,7%;114
Votos a candidaturas;67,7%;1.616.217;71,3%;79.336;71,2%;13.158;69,9%;13.758;70,0%;13.690;72,3%;11.106;70,7%;15.311;74,8%;12.313
PP;23,6%;564.154;34,0%;37.809;33,2%;6.143;29,1%;5.725;27,3%;5.335;42,3%;6.502;33,4%;7.230;41,7%;6.874
PSOE;10,4%;249.286;6,3%;7.018;6,4%;1.191;7,2%;1.420;7,1%;1.391;5,0%;775;6,7%;1.452;4,8%;789
Ahora Madrid;21,8%;519.721;18,6%;20.691;19,1%;3.537;21,8%;4.284;23,5%;4.602;13,1%;2.010;17,7%;3.845;14,7%;2.413
Ciudadanos;7,8%;186.487;9,0%;9.960;8,6%;1.586;8,2%;1.618;8,5%;1.663;8,8%;1.350;9,5%;2.068;10,2%;1.675
1.14. SERVICIOS Y EQUIPAMIENTOS MUNICIPALES;;;;;;;;;;;;;;;;
1.14.1. Servicios Sociales Municipales (2019);;;;;;;;;;;;;;;;
Centros de Servicios Sociales;;39;2,6%;1;;0;;1;;0;;0;;0;;0
Centros Municipales de Mayores ;;90;2,2%;2;;0;;1;;0;;0;;1;;0
Centros de Día de Alzheimer y Físicos;;89;3,4%;3;;0;;0;;1;;1;;1;;0
Apartamentos Municipales para Mayores;;2;0,0%;0;;0;;0;;0;;0;;0;;0
Residencias para personas Mayores ;;3;33,3%;1;;0;;0;;0;;0;;1;;0
Centros de Apoyo a las Familias (CAF);;7;0,0%;0;;0;;0;;0;;0;;0;;0
Centros de Atención a la Infancia (CAI);;13;7,7%;1;;0;;1;;0;;0;;0;;0
Centro de Día de Atención a Niños y Niñas (de 3 a 12 años);;28;3,6%;1;;0;;0;;0;;0;;0;;1
Espacios de Ocio para Adolescentes (El Enredadero);;5;0,0%;0;;0;;0;;0;;0;;0;;0
Centros de Adolescentes y Jóvenes (ASPA) ;;9;0,0%;0;;0;;0;;0;;0;;0;;0
Centros para personas sin hogar;;12;16,7%;2;;0;;0;;0;;2;;0;;0
1.14.2. Género (2019);;;;;;;;;;;;;;;;
Espacios de Igualdad;;13;7,7%;1;;1;;0;;0;;0;;0;;0
1.14.3. Salud (2019);;;;;;;;;;;;;;;;
Centros Municipales de Salud Comunitaria (CMSC);;16;6,3%;1;;0;;0;;0;;1;;0;;0
Centros de Atención a las Adicciones (CAD y CCAD);;10;0,0%;0;;0;;0;;0;;0;;0;;0
1.14.4. Cultura (2019);;;;;;;;;;;;;;;;
Nº de Bibliotecas Municipales;;34;0,0%;0;;0;;0;;0;;0;;0;;0
Nº de Bibliotecas Comunidad Madrid;;16;12,5%;2;;0;;0;;1;;0;;1;;0
Nº de Centros Culturales;;108;0,9%;1;;0;;1;;0;;0;;0;;0
1.14.5. Deportes (2019);;;;;;;;;;;;;;;;
Centros deportivos Municipales;;72;1,4%;1;0,0%;0;0,0%;0;0,0%;0;0,0%;0;0,0%;0;100,0%;1
Superficie deportiva m2 (2017);;2.074.404;0,0%;0;;;;;;;;;;;;
Instalaciones deportivas básicas;;477;0,2%;1;0,0%;0;0,0%;0;0,0%;0;0,0%;0;0,0%;0;100,0%;1
Acceso controlado (2017);;97;0,0%;0;;;;;;;;;;;;
Campos de fútbol 11;;21;0,0%;0;;0;;0;;0;;0;;0;;0
Pista de atletismo ;;7;0,0%;0;;0;;0;;0;;0;;0;;0
Piscinas cubiertas;;49;2,0%;1;;0;;0;;0;;0;;0;;1
Piscinas de verano;;23;0,0%;0;;0;;0;;0;;0;;0;;0
1.14.6. Zonas verdes (2016);;;;;;;;;;;;;;;;
Zonas verdes (Ha);;6.219,15;0,2%;11,35;;;;;;;;;;;;
"Relación de zona verde (m2)/habitante (deseables 15m2/hab; mínimo 10m2/hab)";;19,30;;0,82;;;;;;;;;;;;
1.14.7. Educación (Curso académico 2018-2019);;;;;;;;;;;;;;;;
Escuelas Infantiles Municipales (2019);;56;1,8%;1;;0;;1;;0;;0;;0;;0
Escuelas Infantiles Públicas CAM;;150;3,3%;5;;;;;;;;;;;;
Escuelas Infantiles Privadas;;419;4,1%;17;;;;;;;;;;;;
Colegios Públicos Infantil y Primaria (+ 3 centros con Secundaria);;247;2,4%;6;;;;;;;;;;;;
Institutos Públicos de Educación Secundaria;;112;4,5%;5;;;;;;;;;;;;
Colegios Privados Inf. o Pri. o Inf. y Pri.;;88;2,3%;2;;;;;;;;;;;;
Colegios Privados Inf., Pri. y Sec. o Pri. y Sec. ;;274;5,1%;14;;;;;;;;;;;;
1.14.8. Empresa y Comercio (2019);;;;;;;;;;;;;;;;
Mercados Municipales;;45;6,7%;3;;1;;1;;0;;1;;0;;0
1.15. PARTICIPACIÓN CIUDADANA ;;;;;;;;;;;;;;;;
1.15.1. Entidades de participación ciudadana (2019) ;;;;;;;;;;;;;;;;
Asociaciones (Sección 1ª);;2.412;5,3%;129;13,2%;17;20,2%;26;20,2%;26;20,9%;27;12,4%;16;13,2%;17
Nº de asociaciones culturales y casas regionales;;489;5,5%;27;11,1%;3;25,9%;7;14,8%;4;25,9%;7;18,5%;5;3,7%;1
Nº de asociaciones de mujeres;;75;14,7%;11;9,1%;1;9,1%;1;63,6%;7;9,1%;1;0,0%;0;9,1%;1
Nº de asociaciones de vecinos;;221;4,1%;9;11,1%;1;55,6%;5;11,1%;1;0,0%;0;11,1%;1;11,1%;1
Fundaciones (Sección 2ª);;24;8,3%;2;100,0%;2;0,0%;0;0,0%;0;0,0%;0;0,0%;0;0,0%;0
1.15.2 Decide Madrid;;;;;;;;;;;;;;;;
Presupuestos participativos 2018: nº propuestas;;3.323;2,1%;71;;;;;;;;;;;;
Presupuestos participativos 2018: nº participantes;;115.594;2,8%;3206;;;;;;;;;;;;
Votación ciudadana 2017: nº votaciones;;217.323;5,1%;11.120;;;;;;;;;;;;
;;;;;;;;;;;;;;;;
;;;;;;;;;;;;;;;;
1.16. PRESUPUESTO 2019;;;;;;;;;;;;;;;;
PROGRAMA;;CAPÍTULOS;;;;;;;;;;;;;;
;;1;;2;;3;;4;;5;;6;;7;;TOTAL
OTRAS ACTUACIONES EN VÍAS PÚBLICAS;153.22;;;20.000 €;;;;;;;;;;;;20.000 €
ZONAS VERDES;171.02;;;;;;;;;;;15.000 €;;;;15.000 €
FAMILIA E INFANCIA;231.02;;;129.206 €;;;;124.000 €;;;;;;5.000 €;;258.206 €
PERSONAS MAYORES Y SERVICIOS SOCIALES;231.03;;;5.904.978 €;;;;30.000 €;;;;;;5.000 €;;5.939.978 €
INTEGRACIÓN COMUNITARIA Y EMERGENCIA SOCIAL;231.06;1.588.127 €;;282.911 €;;;;50.000 €;;;;8.000 €;;5.000 €;;1.934.038 €
SALUBRIDAD PÚBLICA;311.01;435.061 €;;1.500 €;;;;;;;;;;;;436.561 €
CENTROS DOCENTES ENSEÑANZA INFANTIL Y PRIMARIA;323.01;;;1.067.374 €;;;;;;;;;;;;1.067.374 €
ABSENTISMO;325.01;;;14.685 €;;;;;;;;;;;;14.685 €
SERVICIOS COMPLEMENTARIOS EDUCACIÓN;326.01;;;183.872 €;;;;;;;;60.000 €;;;;243.872 €
ACTIVIDADES CULTURALES;334.01;344.848 €;;1.210.478 €;;;;2.000 €;;;;;;;;1.557.326 €
ACTUACIONES DEPORTIVAS EN DISTRITOS;341.01;;;142.652 €;;;;15.000 €;;;;;;;;157.652 €
INSTALACIONES DEPORTIVAS;342.01;50.760 €;;124.532 €;;;;;;;;;;;;175.292 €
CONSUMO;493.00;283.826 €;;;;;;;;;;;;;;283.826 €
CONCEJALÍA-PRESIDENCIA DEL DISTRITO;912.2;341.297 €;;;;;;;;;;;;;;341.297 €
DIREC. Y GESTIÓN ADMTVA. DEL DISTRITO;920.01;2.886.637 €;;495.471 €;;;;;;;;;;;;3.382.108 €
PARTICIPACIÓN CIUDADANA Y VOLUNTARIADO;924.01;;;21.000 €;;;;94.000 €;;;;;;10.000 €;;125.000 €
EDIFICIOS;933.02;;;1.463.556 €;;;;;;;;;;;;1.463.556 €
CENTRO 001;;5.930.556 €;;11.062.215 €;;0 €;;315.000 €;;0 €;;83.000 €;;25.000 €;;17.415.771 €
SECCIÓN 207;;5.930.556 €;;11.062.215 €;;0 €;;315.000 €;;0 €;;83.000 €;;25.000 €;;17.415.771 €
