09. MONCLOA-ARAVACA. INFORMACIÓN DE DISTRITO Y BARRIOS;;;;;;;;;;;;;;;;;;;;
 ;CIUDAD;;MONCLOA-ARAVACA;;Casa de Campo;;Argüelles;;Ciudad Universitaria;;Valdezarza;;Valdemarín;;El Plantío;;Aravaca;;;
1.1 CARACTERÍSTICAS GENERALES DEL DISTRITO-BARRIO;;;;;;;;;;;;;;;;;;;;
Superficie (Ha.) ;;60.445,52;4.653,11;;1.746,06;;75,75;;1.425,09;;139,75;;330,25;;352,82;;583,4;;;
Densidad (hab./Ha.) ;;54,03;25,67;;7,44;;318,05;;11,41;;212,69;;20,37;;7,96;;45,98;;;
1.2. LA POBLACIÓN DEL DISTRITO;;;;;;;;;;;;;;;;;;;;
1.2.1. Estructura de la población (01/01/2019);;;;;;;;;;;;;;;;;;;;
Sexo de la población;100%;3.266.126;3,7%;119.423;10,9%;12.991;20,2%;24.093;13,6%;16.260;24,9%;29.722;5,6%;6.726;2,4%;2.808;22,5%;26.823;;
Hombres;46,6%;1.521.178;46,0%;54.934;45,9%;5.963;45,3%;10.907;45,5%;7.398;45,9%;13.637;46,2%;3.109;46,3%;1.301;47,0%;12.619;;
Mujeres;53,4%;1.744.948;54,0%;64.489;54,1%;7.028;54,7%;13.186;54,5%;8.862;54,1%;16.085;53,8%;3.617;53,7%;1.507;53,0%;14.204;;
Edad media de la población;;44,14;;44,63;;48,30;;47,36;;46,19;;46,42;;36,34;;42,17;;39,83;;
De 0 a 14 años;13,3%;435.675;13,5%;16.148;9,4%;1.216;9,4%;2.257;11,8%;1.913;11,7%;3.480;25,8%;1.738;18,2%;510;18,8%;5.034;;
De 15 a 29;15,7%;512.070;16,6%;19.871;14,5%;1.882;16,5%;3.982;17,9%;2.909;15,2%;4.523;15,9%;1.069;16,7%;468;18,8%;5.038;;
De 30 a 44;22,8%;744.312;19,9%;23.762;20,5%;2.661;21,7%;5.230;18,8%;3.053;21,3%;6.334;18,9%;1.274;16,5%;464;17,7%;4.746;;
De 45 a 64;27,9%;912.424;28,0%;33.485;30,7%;3.983;27,4%;6.593;25,9%;4.217;26,8%;7.978;28,2%;1.899;29,3%;824;29,8%;7.991;;
De 65 a 79;13,0%;423.670;14,3%;17.033;14,0%;1.820;15,5%;3.733;17,2%;2.795;16,3%;4.831;7,5%;505;14,4%;405;11,0%;2.944;;
De 80 y + ;7,3%;237.975;7,6%;9.124;11,0%;1.429;9,5%;2.298;8,4%;1.373;8,7%;2.576;3,6%;241;4,9%;137;4,0%;1.070;;
De 65 y +;20,3%;661.645;21,9%;26.157;25,0%;3.249;25,0%;6.031;25,6%;4.168;24,9%;7.407;11,1%;746;19,3%;542;15,0%;4.014;;
Población en etapa educativa (De 3 a 16 años -16 no incluidos-);11,6%;379.646;12,0%;14.384;8,0%;1.042;7,9%;1.898;10,6%;1.719;10,1%;3.000;24,0%;1.614;16,5%;463;17,3%;4.648;;
Proporción de juventud (Población de 0-15 años/Población total);14,2%;;14,5%;;10,1%;;9,9%;;12,7%;;12,5%;;27,6%;;19,8%;;20,2%;;;
Proporción de envejecimiento (Población > 65 años/Población total);20,3%;;21,9%;;25,0%;;25,0%;;25,6%;;24,9%;;11,1%;;19,3%;;15,0%;;;
Proporción de sobreenvejecimiento (Población > 80 años/Población >65 años);36,0%;;34,9%;;44,0%;;38,1%;;32,9%;;34,8%;;32,3%;;25,3%;;26,7%;;;
Índice de envejecimiento activo (2017);;37,0;;;;;;;;;;;;;;;;;;
Hombres;;38,6;;;;;;;;;;;;;;;;;;
Mujeres;;35,8;;;;;;;;;;;;;;;;;;
Proporción de dependencia (Población de 0-15 + población 65 y + / Pob. 16-64) ;52,6%;;57,28;;54,18;;53,79;;62,15;;59,86;;63,09;;64,21;;54,32;;;
Personas con nacionalidad española;85,9%;2.805.478;89,5%;106.886;91,4%;11.878;87,6%;21.100;90,3%;14.684;88,8%;26.393;90,7%;6.099;90,7%;2.547;90,2%;24.185;;
Personas con nacionalidad española HOMBRES;46,6%;1.308.240;46,5%;49.700;45,8%;5.444;45,5%;9.592;46,2%;6.789;46,0%;12.151;47,9%;2.924;47,2%;1.201;48,0%;11.599;;
Personas con nacionalidad española MUJERES;53,4%;1.497.238;53,5%;57.186;54,2%;6.434;54,5%;11.508;53,8%;7.895;54,0%;14.242;52,1%;3.175;52,8%;1.346;52,0%;12.586;;
Personas con nacionalidad extranjera;14,1%;460.623;10,5%;12.535;8,6%;1.113;12,4%;2.993;9,7%;1.575;11,2%;3.329;9,3%;627;9,3%;261;9,8%;2.637;;
Personas con nacionalidad extranjera HOMBRES;46,2%;212.925;41,8%;5.234;46,6%;519;43,9%;1.315;38,7%;609;44,6%;1.486;29,5%;185;38,3%;100;38,7%;1.020;;
Personas con nacionalidad extranjera MUJERES;53,8%;247.698;58,2%;7.301;53,4%;594;56,1%;1.678;61,3%;966;55,4%;1.843;70,5%;442;61,7%;161;61,3%;1.617;;
Proporción de inmigrantes (Extranjeros menos UE y resto países de OCDE / Población total);9,8%;;6,5%;;4,6%;;7,1%;;6,7%;;8,4%;;5,9%;;5,5%;;4,9%;;;
1ª nacionalidad extranjera en el Distrito: China (% respecto total extranjeros del distrito);8,4%;38.547;8,0%;1.005;11,8%;131;7,3%;217;6,0%;94;14,2%;473;1,6%;10;0,4%;1;30,3%;79;;
2ª nacionalidad extranjera en el Distrito: Rumanía  (% respecto total extranjeros del distrito);9,7%;44.738;7,8%;983;8,4%;94;2,6%;79;5,0%;79;7,1%;238;4,0%;25;7,7%;20;171,6%;448;;
1.2.2. Estructura de los hogares (01-01-2019);;;;;;;;;;;;;;;;;;;;
Nº total de hogares;100%;1.290.164;3,5%;45.650;12,3%;5.606;22,8%;10.401;13,5%;6.140;26,7%;12.207;4,2%;1.913;1,9%;856;18,3%;8.527;;
Tamaño medio del hogar;;2,53  ;;2,62;;2,32;;2,32;;2,65;;2,43;;3,52;;3,28;;3,15;;
Hogares con una mujer sola >65 años;9,8%;126.044;10,0%;4.546;13,2%;738;10,9%;1.138;10,4%;638;12,2%;1.489;2,6%;49;4,3%;37;5,4%;457;;
Hogares con un hombre solo >65 años;2,8%;36.720;3,1%;1.408;3,6%;202;3,5%;369;3,3%;205;3,0%;370;2,0%;38;3,7%;32;2,3%;192;;
Hogares monoparentales: una mujer adulta con uno o más menores;21,1%;27.460;2,1%;970;1,7%;95;1,3%;140;1,6%;98;2,1%;256;5,1%;97;2,0%;17;3,1%;267;;
Hogares monoparentales: un hombre adulto con uno o más menores;0,4%;5.491;0,5%;246;0,3%;15;0,3%;35;0,4%;25;0,5%;66;1,4%;27;1,4%;12;0,8%;66;;
1.2.3. Dinámica demográfica;;;;;;;;;;;;;;;;;;;;
Tasa bruta de natalidad 2018 (‰);;8,57;;7,8;;7,4;;6,4;;7,7;;8,2;;10,8;;9,4;;7,9;;
Tasa de crecimiento demográfico 2018 (%);;1,37;;1,3;;0,7;;0,4;;1,0;;1,0;;2,5;;3,2;;2,6;;
Esperanza de vida al nacer MUJERES *(mortalidad del periodo 2013-2016);;87,5;;87,0;;84,0;;88,2;;89,0;;87,4;;83,0;;83,1;;86,3;;
Esperanza de vida al nacer HOMBRES *(mortalidad del periodo 2013-2016);;81,9;;82,5;;77,9;;84,6;;83,3;;82,0;;84,0;;81,4;;83,3;;
Esperanza de vida al nacer MUJERES (2018);;87,6;;88,4;;;;;;;;;;;;;;;;
Esperanza de vida al nacer HOMBRES (2018);;82,2;;83,2;;;;;;;;;;;;;;;;
Esperanza de vida > 65 años MUJERES (2018);;24,6;;25,2;;;;;;;;;;;;;;;;
Esperanza de vida > 65 años HOMBRES (2018);;20,6;;21,0;;;;;;;;;;;;;;;;
1.2.4. Mujeres y hombres;;;;;;;;;;;;;;;;;;;;
Índice de desigualdad de género IDG (2018);;0,8308;;;;;;;;;;;;;;;;;;
Índice de desigualdad de género IDG (2008);;0,7462;;;;;;;;;;;;;;;;;;
1.3. INDICADORES ECONÓMICOS ;;;;;;;;;;;;;;;;;;;;
Renta neta media anual de los hogares (Urban Audit). 2016;;39.613,0 €;145%;57.423 €;96%;55.238 €;91%;52.003 €;107%;61.444 €;62%;35.550 €;153%;88.035 €;155%;89.015 €;119%;68.120 €;;
Renta disponible Bruta Per Cápita 2016(a);;21.755;;26.039,3 €;;;;;;;;;;;;;;;;
Crecimiento/decrecimiento Renta Bruta Per Cápita 2016(a)-2008;3,1%;658;0,9%;244,1 €;;;;;;;;;;;;;;;;
Pensión media mensual del Distrito HOMBRES (2018);; 1.456,2 € ;; 1.561,9 € ;;;;;;;;;;;;;;;;
Pensión media mensual del Distrito MUJERES (2018);; 954,0 € ;; 1.117,5 € ;;;;;;;;;;;;;;;;
1.4. INDICADORES DE DESEMPLEO;;;;;;;;;;;;;;;;;;;;
Tasa de actividad global ciudad de Madrid (EPA. 1º trimestre 2020);61,2%;;;;;;;;;;;;;;;;;;;
Hombres ;66,4%;;;;;;;;;;;;;;;;;;;
Mujeres;57,0%;;;;;;;;;;;;;;;;;;;
Número de parados ciudad de Madrid (EPA. 1º trimestre 2020) (miles);;176,6;;;;;;;;;;;;;;;;;;
Hombres (miles);;83,9;;;;;;;;;;;;;;;;;;
Mujeres (miles);;92,7;;;;;;;;;;;;;;;;;;
Paro registrado (nº de personas registradas en SEPE en febrero 2020);;167.188;2,5%;4.191;13,0%;546;18,7%;784;9,9%;413;32,0%;1.340;3,3%;137;1,4%;59;16,3%;683;;
Tasa absoluta de paro registrado (febrero 2020);7,6%;;5,4%;;6,7%;;5,2%;;4,3%;;7,4%;;3,3%;;3,6%;;4,0%;;;
Tasa absoluta de paro registrado MUJERES;8,1%;;5,7%;;6,7%;;5,4%;;4,5%;;8,2%;;3,7%;;4,0%;;4,3%;;;
De 16 a 24 años;4,2%;;1,9%;;2,4%;;1,9%;;1,1%;;4,3%;;0,0%;;0,7%;;1,1%;;;
De 25 a 44 años;7,5%;;5,6%;;6,5%;;4,8%;;4,3%;;7,7%;;3,5%;;4,2%;;4,7%;;;
De 45 a 64 años;9,8%;;7,1%;;7,9%;;7,1%;;5,8%;;9,8%;;5,3%;;5,0%;;5,3%;;;
Tasa absoluta de paro registrado HOMBRES ;7,0%;;5,0%;;6,7%;;5,0%;;4,1%;;6,5%;;2,9%;;3,1%;;3,7%;;;
De 16 a 24 años;4,4%;;2,2%;;2,9%;;2,5%;;1,2%;;4,6%;;0,7%;;0,0%;;1,0%;;;
De 25 a 44 años;6,0%;;4,3%;;4,7%;;4,2%;;3,5%;;6,0%;;2,5%;;3,4%;;3,0%;;;
De 45 a 64 años;8,9%;;6,7%;;9,6%;;6,5%;;5,8%;;7,9%;;4,0%;;4,0%;;5,5%;;;
Parados de larga duración (febrero 2020);38,2%;63.943;38,4%;1.608;;;;;;;;;;;;;;;;
Hombres;39,7%;25.381;41,3%;664;;;;;;;;;;;;;;;;
Mujeres ;60,3%;38.562;58,7%;944;;;;;;;;;;;;;;;;
Parados que SÍ perciben prestaciones (febrero 2020);43,4%;72.603;48,3%;2.026;;;;;;;;;;;;;;;;
Hombres;48,2%;34.979;46,2%;936;;;;;;;;;;;;;;;;
Mujeres ;51,8%;37.624;53,8%;1.090;;;;;;;;;;;;;;;;
Parados que NO perciben prestaciones (febrero 2020);56,6%;94.585;51,7%;2.165;;;;;;;;;;;;;;;;
Hombres;41,3%;39.063;41,8%;905;;;;;;;;;;;;;;;;
Mujeres ;58,7%;55.522;58,2%;1.260;;;;;;;;;;;;;;;;
1.5. EDUCACIÓN;;;;;;;;;;;;;;;;;;;;
1.5.1. Población en etapas educativas (01/01/2018);100,0%;464338;100,0%;17.338;100,0%;1.316;100,0%;2.396;100,0%;2.064;100,0%;3.722;100,0%;1.856;100,0%;556;100,0%;5.428;;
0 a 2 años;18,2%;84.692;17,0%;2.954;20,8%;274;20,8%;498;16,7%;345;19,4%;722;13,0%;242;16,7%;93;14,4%;780;;
Infantil (3 a 5 años);18,7%;86.684;18,1%;3.134;18,5%;244;21,1%;505;16,4%;338;19,3%;718;17,8%;331;13,5%;75;17,0%;923;;
Primaria (6 a 11 años);38,4%;178.445;38,1%;6.599;33,7%;443;34,9%;836;39,2%;809;37,2%;1.385;42,5%;789;40,6%;226;38,9%;2.111;;
Secundaria (12 a 15 años);24,7%;114.517;26,8%;4.651;27,0%;355;23,2%;557;27,7%;572;24,1%;897;26,6%;494;29,1%;162;29,7%;1.614;;
Etapas educativas. Total niños;51,2%;237557;51,5%;8.923;49,8%;656;51,5%;1.234;50,3%;1.039;52,5%;1.955;51,1%;949;49,8%;277;51,8%;2.813;;
0 a 2 años;18,2%;43.261;17,1%;1.523;21,0%;138;20,6%;254;17,4%;181;19,5%;382;12,1%;115;15,9%;44;7,5%;409;;
Infantil (3 a 5 años);18,7%;44.354;18,0%;1.602;18,0%;118;22,7%;280;14,8%;154;19,2%;375;19,1%;181;12,3%;34;8,5%;460;;
Primaria (6 a 11 años);38,5%;91.575;38,0%;3.388;33,7%;221;34,8%;429;38,4%;399;37,1%;725;44,5%;422;42,2%;117;19,8%;1075;;
Secundaria (12 a 15 años);24,6%;58.367;27,0%;2.410;27,3%;179;22,0%;271;29,4%;305;24,2%;473;24,3%;231;29,6%;82;16,0%;869;;
Etapas educativas. Total niñas;48,8%;226.781;48,5%;8.415;50,2%;660;48,5%;1.162;49,7%;1.025;47,5%;1.767;48,9%;907;50,2%;279;48,2%;2.615;;
0 a 2 años;18,3%;41.431;17,0%;1.431;20,6%;136;21,0%;244;16,0%;164;19,2%;340;14,0%;127;17,6%;49;14,2%;371;;
Infantil (3 a 5 años);18,7%;42.330;18,2%;1.532;19,1%;126;19,4%;225;18,0%;184;19,4%;343;16,5%;150;14,7%;41;17,7%;463;;
Primaria (6 a 11 años);38,3%;86.870;38,2%;3.211;33,6%;222;35,0%;407;40,0%;410;37,4%;660;40,5%;367;39,1%;109;39,6%;1036;;
Secundaria (12 a 15 años);24,8%;56.150;26,6%;2.241;26,7%;176;24,6%;286;26,0%;267;24,0%;424;29,0%;263;28,7%;80;28,5%;745;;
1.5.2. Escolarización de alumnos por tipo de centro (año escolar 2017/18);100,0%;519.294;100%;28.966;;;;;;;;;;;;;;;;
En centros PRIVADOS CONCERTADOS;43,1%;223.703;31,6%;9.147;;;;;;;;;;;;;;;;
En centros PRIVADOS SIN CONCIERTO;17,9%;92.853;37,6%;10.895;;;;;;;;;;;;;;;;
En centros PÚBLICOS;39,0%;202.738;30,8%;8.924;;;;;;;;;;;;;;;;
Total alumnos extranjeros;10,6%;54.812;5,9%;1.710;;;;;;;;;;;;;;;;
En centros PRIVADOS CONCERTADOS;34,9%;19.103;26,3%;450;;;;;;;;;;;;;;;;
En centros PRIVADOS SIN CONCIERTO;9,1%;4.965;17,5%;299;;;;;;;;;;;;;;;;
En centros PÚBLICOS;56,1%;30.744;56,2%;961;;;;;;;;;;;;;;;;
Total alumnos con necesidades de apoyo educativo;4,0%;20.898;2,7%;773;;;;;;;;;;;;;;;;
En centros PRIVADOS CONCERTADOS;49,2%;10.285;47,9%;370;;;;;;;;;;;;;;;;
En centros PRIVADOS SIN CONCIERTO;4,6%;963;28,3%;219;;;;;;;;;;;;;;;;
En centros PÚBLICOS;46,2%;9.650;23,8%;184;;;;;;;;;;;;;;;;
1.5.3. Nivel de estudios de la población ≥ 25 años (01/01/2019);;;;;;;;;;;;;;;;;;;;
No sabe leer ni escribir o sin estudios;4,9%;123.025;2,5%;2.229;2,8%;295;1,6%;319;1,5%;188;4,2%;979;1,2%;51;1,5%;30;2,0%;367;;
Primaria incompleta;11,6%;291.746;7,5%;6.759;8,7%;923;5,2%;1.033;4,8%;601;12,8%;3.005;4,5%;187;4,3%;84;5,1%;926;;
Bachiller Elemental, Graduado Escolar, ESO, Formación profesional 1º grado;26,4%;666.553;17,3%;15.641;18,7%;1.990;14,8%;2.923;12,7%;1.593;26,5%;6.214;9,1%;380;11,9%;235;12,8%;2.306;;
Formación profesional 2º grado, Bachiller Superior o BUP;19,1%;482.262;17,7%;16.000;19,5%;2.077;17,0%;3.362;16,0%;2.020;20,4%;4.799;11,8%;494;16,8%;331;16,2%;2.917;;
Titulados medios, diplomados, arquitecto o ingeniero técnico;9,5%;240.302;10,8%;9.824;11,6%;1.230;11,1%;2.192;11,3%;1.428;9,6%;2.260;10,4%;435;10,8%;213;11,5%;2.066;;
Estudios superiores, licenciado, arquitecto o ingeniero superior, estudios superiores no universitarios, doctorado, estudios postgraduados;28,4%;717.868;44,1%;39.939;38,6%;4.102;49,9%;9.848;53,4%;6.724;26,3%;6.184;62,9%;2.631;54,8%;1.082;52,1%;9.368;;
Nivel de estudios desconocido y no consta;0,1%;3.253;0,2%;185;0,1%;14;0,3%;51;0,3%;32;0,2%;44;0,0%;2;0,1%;1;0,2%;41;;
1.5.4. Programa de prevención y control del absentismo escolar;;2.525.009;1;90.577;1;10.631;1;19.728;1;12.586;1;23.485;1;4.180;1;1.976;1;17.991;;
Casos trabajados por el programa de absentismo municipal (curso escolar 2018-2019);100,0%;4.025;1,3%;53;;;;;;;;;;;;;;;;
Casos trabajados HOMBRES;51,2%;2.060;54,7%;29;;;;;;;;;;;;;;;;
Casos trabajados MUJERES;48,8%;1.965;45,3%;24;;;;;;;;;;;;;;;;
1.6. SALUD;;;;;;;;;;;;;;;;;;;;
1.6.1. Hábitos y estilos de vida (2017-18. Estudio Madrid Salud);;;;;;;;;;;;;;;;;;;;
Sedentarismo;30,0%;;22,8%;;;;;;;;;;;;;;;;;
Sedentarismo HOMBRES ;25,2%;;;;;;;;;;;;;;;;;;;
Sedentarismo MUJERES ;34,0%;;;;;;;;;;;;;;;;;;;
Consumo de tabaco diario;18,9%;;17,5%;;;;;;;;;;;;;;;;;
Consumo de tabaco diario HOMBRES;20,2%;;;;;;;;;;;;;;;;;;;
Consumo de tabaco diario MUJERES ;17,9%;;;;;;;;;;;;;;;;;;;
Consumo de medicamentos ;66,3%;;67,2%;;;;;;;;;;;;;;;;;
Consumo de medicamentos HOMBRES  ;62,4%;;;;;;;;;;;;;;;;;;;
Consumo de medicamentos MUJERES ;69,7%;;;;;;;;;;;;;;;;;;;
1.6.2. Indicadores de nivel de salud (2017-18. Estudio Madrid Salud);;;;;;;;;;;;;;;;;;;;
Autopercepción de buen estado de salud  (% respuesta muy buena + buena);72,3%;;78,3%;;;;;;;;;;;;;;;;;
Autopercepción de buen estado de salud HOMBRES ;77,4%;;;;;;;;;;;;;;;;;;;
Autopercepción de buen estado de salud MUJERES ;68,0%;;;;;;;;;;;;;;;;;;;
Calidad de vida relacionada con la salud (CVRS) ;20,2%;;19,5%;;;;;;;;;;;;;;;;;
Calidad de vida relacionada con la salud (CVRS) HOMBRES;19,0%;;;;;;;;;;;;;;;;;;;
Calidad de vida relacionada con la salud (CVRS) MUJERES;21,1%;;;;;;;;;;;;;;;;;;;
Presencia de enfermedad crónica ;39,8%;;35,3%;;;;;;;;;;;;;;;;;
Presencia de enfermedad crónica HOMBRES ;36,6%;;;;;;;;;;;;;;;;;;;
Presencia de enfermedad crónica MUJERES;42,4%;;;;;;;;;;;;;;;;;;;
Hipertensión arterial;18,8%;;16,7%;;;;;;;;;;;;;;;;;
Hipertensión arterial HOMBRES;19,7%;;;;;;;;;;;;;;;;;;;
Hipertensión arterial MUJERES;18,1%;;;;;;;;;;;;;;;;;;;
Diabetes Mellitus;6,0%;;4,5%;;;;;;;;;;;;;;;;;
Diabetes Mellitus HOMBRES;6,9%;;;;;;;;;;;;;;;;;;;
Diabetes Mellitus MUJERES;5,3%;;;;;;;;;;;;;;;;;;;
Personas con obesidad ;12,2%;;6,1%;;;;;;;;;;;;;;;;;
Personas con obesidad HOMBRES ;13,3%;;;;;;;;;;;;;;;;;;;
Personas con obesidad MUJERES;11,2%;;;;;;;;;;;;;;;;;;;
Personas con sobrepeso;33,5%;;28,4%;;;;;;;;;;;;;;;;;
Personas con sobrepeso HOMBRES;41,1%;;;;;;;;;;;;;;;;;;;
Personas con sobrepeso MUJERES;27,0%;;;;;;;;;;;;;;;;;;;
Personas mayores de 65 años con alguna dependencia funcional;32,4%;;45,8%;;;;;;;;;;;;;;;;;
Alguna dependencia funcional HOMBRES ;39,1%;;;;;;;;;;;;;;;;;;;
Alguna dependencia funcional MUJERES;48,6%;;;;;;;;;;;;;;;;;;;
Probabilidad de padecer enfermedad mental (GHQ-12);21,1%;;19,4%;;;;;;;;;;;;;;;;;
Probabilidad de padecer enfermedad mental (GHQ-12) HOMBRES;16,6%;;;;;;;;;;;;;;;;;;;
Probabilidad de padecer enfermedad (GHQ-12) MUJERES;24,9%;;;;;;;;;;;;;;;;;;;
Prevalencia de obesidad en la población infantil (2017. Estudio Madrid Salud. UCM);15,8%;;11,5%;;;;;;;;;;;;;;;;;
1.6.3. Discapacidad reconocida (31/12/2018);;;;;;;;;;;;;;;;;;;;
Nº de personas con grado de discapacidad reconocido;6,1%;200.604;3,0%;5.992;;;;;;;;;;;;;;;;
Hombres;48,0%;96.322;47,2%;2.828;;;;;;;;;;;;;;;;
Mujeres;52,0%;104.282;52,8%;3.164;;;;;;;;;;;;;;;;
Mujeres por cada 100 hombres (Feminización de la discapacidad reconocida);;108,3;;111,88;;;;;;;;;;;;;;;;
1.7. CALIDAD DE VIDA  (2019.  Encuesta, más de 16 años);;;;;;;;;;;;;;;;;;;;
1.7.1. Calidad de vida y agenda pública (indicador sintético 0-100);;;;;;;;;;;;;;;;;;;;
Satisfacción de vivir en su barrio ;;72,0;;81,0;;;;;;;;;;;;;;;;
Calidad de vida actual en su barrio ;;71,3;;79,5;;;;;;;;;;;;;;;;
Convivencia vecinal;;69,5;;72,2;;;;;;;;;;;;;;;;
1.7.2. Satisfacción con los servicios públicos (escala 0-10);;;;;;;;;;;;;;;;;;;;
Espacios verdes;;6,9;;7,2;;;;;;;;;;;;;;;;
Parques infantiles ;;6,4;;6,7;;;;;;;;;;;;;;;;
Centros culturales;;7,0;;7,0;;;;;;;;;;;;;;;;
Organización de fiestas y eventos populares;;6,7;;6,7;;;;;;;;;;;;;;;;
Instalaciones deportivas;;6,7;;6,6;;;;;;;;;;;;;;;;
Servicios sociales municipales;;6,5;;6,9;;;;;;;;;;;;;;;;
Desigualdad en las dotaciones de los barrios (% respuesta muy alta + alta);78,4%;;0,8;;;;;;;;;;;;;;;;;
1.7.3. Principales problemas de la ciudadanía (% personas encuestadas);;;;;;;;;;;;;;;;;;;;
1º. Limpieza;29,1%;;0,2;;;;;;;;;;;;;;;;;
2º. Contaminación del aire;18,7%;;0,3;;;;;;;;;;;;;;;;;
3º. Tráfico / atascos;11,8%;;0,2;;;;;;;;;;;;;;;;;
1.7.4. Percepción de seguridad (indicador sintético 0-100);;;;;;;;;;;;;;;;;;;;
Percepción de seguridad en Madrid;;67,6;;70,8;;;;;;;;;;;;;;;;
Percepción de seguridad en el barrio por el día;;76,0;;83,5;;;;;;;;;;;;;;;;
Percepción de seguridad en el barrio por la noche;;60,2;;70,5;;;;;;;;;;;;;;;;
1.7.5. Problemas que afectan a la seguridad en los espacios públicos del distrito (escala 0-10);;;;;;;;;;;;;;;;;;;;
1º Excrementos animales domésticos;;6,6;;5,2;;;;;;;;;;;;;;;;
2º Grafitis;;4,1;;3,8;;;;;;;;;;;;;;;;
3º Conductas que ponen en riesgo la seguridad vial;;3,6;;3,6;;;;;;;;;;;;;;;;
1.7.6. Administración de la ciudad de Madrid (% de respuesta);;;;;;;;;;;;;;;;;;;;
Medio de información de la actividad del Ayuntamiento: REDES SOCIALES;20,9%;;16,8%;;;;;;;;;;;;;;;;;
Preferencia de contacto con el Ayuntamiento: EN PERSONA;46,0%;;36,3%;;;;;;;;;;;;;;;;;
Percepción sobre la administración del Ayto. en los últimos 5 años: HA MEJORADO;38,6%;;41,2%;;;;;;;;;;;;;;;;;
Percepción sobre la administración del Ayto. en los últimos 5 años: HA EMPEORADO;16,6%;;20,9%;;;;;;;;;;;;;;;;;
1.7.7. Amigabilidad de la ciudad de Madrid (% respuesta mucho + bastante);;;;;;;;;;;;;;;;;;;;
Madrid ciudad amigable con las personas lesbianas, gays, transexuales y bisexuales;76,9%;;75,6%;;;;;;;;;;;;;;;;;
1.8. INDICADORES DE VULNERABILIDAD;;;;;;;;;;;;;;;;;;;;
1.8.1. Índice de vulnerabilidad territorial (2019);;;;;;;;;;;;;;;;;;;;
Índice de vulnerabilidad territorial;;;;0,0060;;0,0065;;0,0061;;0,0059;;0,0069;;0,0054;;0,0053;;0,0056;;
Posición en el ranking de distritos y/o barrios de vulnerabilidad territorial;;;;4;;87;;101;;110;;82;;127;;131;;123;;
1.8.2. Tasa de riesgo de pobreza o exclusión social. Indicador AROPE (2018. Encuesta de Condiciones de Vida);;;;;;;;;;;;;;;;;;;;
Tasa de riesgo de pobreza o exclusión social;25,5%;;;;;;;;;;;;;;;;;;;
Tasa de riesgo de pobreza o exclusión social HOMBRES;24,0%;;;;;;;;;;;;;;;;;;;
Tasa de riesgo de pobreza o exclusión social MUJERES;26,7%;;;;;;;;;;;;;;;;;;;
Tasa de riesgo de pobreza o exclusión social N. ESPAÑOLA (>16 años);21,9%;;;;;;;;;;;;;;;;;;;
Tasa de riesgo de pobreza o exclusión social N. EXTRANJERA UNIÓN EUROPEA (>16 años);14,4%;;;;;;;;;;;;;;;;;;;
Tasa de riesgo de pobreza o exclusión social N. EXTRANJERA RESTO DEL MUNDO (>16 años);66,1%;;;;;;;;;;;;;;;;;;;
1.8.3. Tasa de riesgo de pobreza de los hogares (2016. Estudio de Necesidades Sociales. Hogares);;;;;;;;;;;;;;;;;;;;
Pareja o matrimonio con hijos;;35,7%;;;;;;;;;;;;;;;;;;
Hogar formado por madre con hijos a cargo;;41,1%;;;;;;;;;;;;;;;;;;
Nacido en España;;26,4%;;;;;;;;;;;;;;;;;;
Nacido en un país fuera de la Unión Europea;;39,2%;;;;;;;;;;;;;;;;;;
1.8.4. Situación económica de los hogares (2016. Estudio de Necesidades Sociales. Hogares);;;;;;;;;;;;;;;;;;;;
Dificultad para llegar a fin de mes (% respuesta mucha dificultad + dificultad);;20,0%;;;;;;;;;;;;;;;;;;
Imposibilidad de hacer frente a un gasto imprevisto de 650€;;38,7%;;;;;;;;;;;;;;;;;;
Dificultad para hacer frente a los gastos derivados del suministro energético;;9,5%;;;;;;;;;;;;;;;;;;
Entrevistados que han acudido a Servicios Sociales Municipales para solicitar atención social;;10,0%;;;;;;;;;;;;;;;;;;
1.9. SERVICIOS SOCIALES;;;;;;;;;;;;;;;;;;;;
1.9.1. Población en general (2019);;;;;;;;;;;;;;;;;;;;
Personas atendidas en la Unidad de Primera Atención en Centros de Servicios Sociales;;94.210 ;3,0%;2.782;;;;;;;;;;;;;;;;
Solicitudes tramitadas de Renta Mínima de Inserción;;5.474 ;1,9%;104;;;;;;;;;;;;;;;;
Perceptores de prestación de la Renta Mínima de Inserción;;17.877 ;1,4%;245;;;;;;;;;;;;;;;;
Beneficiarios de prestaciones sociales de carácter económico;;13.316 ;3,3%;444;;;;;;;;;;;;;;;;
Total prestaciones sociales de carácter económico (€);;7.698.372 €;2,9%;223.219;;;;;;;;;;;;;;;;
1.9.2. Personas Mayores (2019);;;;;;;;;;;;;;;;;;;;
Personas con Servicio de Ayuda a Domicilio (modalidad auxiliar de hogar);;80.375 ;2,8%;2.269;;;;;;;;;;;;;;;;
Hombres;;19.939 ;2,6%;518;;;;;;;;;;;;;;;;
Mujeres;;60.436 ;2,9%;1.751;;;;;;;;;;;;;;;;
Personas socias de los Centros Municipales de Mayores;;343.009 ;3,7%;12.618;;;;;;;;;;;;;;;;
Hombres;;128.807 ;3,5%;4.494;;;;;;;;;;;;;;;;
Mujeres ;;214.202 ;3,8%;8.124;;;;;;;;;;;;;;;;
1.9.3. Menores y Familia (2019);;;;;;;;;;;;;;;;;;;;
Familias atendidas por el Equipo de Trabajo con Menores y Familia (ETMF);;6.467;3,4%;223;;;;;;;;;;;;;;;;
Demandas de intervención en los Centros de Atención a la Infancia (CAI);;2.285;2,7%;61;;;;;;;;;;;;;;;;
Menores atendidos por el Servicio de Ayuda a domicilio a Menores y Familias (SAD) ;;1.356;6,0%;81;;;;;;;;;;;;;;;;
1.10. VIVIENDA;;;;;;;;;;;;;;;;;;;;
1.10.1. Estado de las viviendas;;;;;;;;;;;;;;;;;;;;
Nº Total de viviendas (Censo Edificios y Viviendas 2011);100,0%;1.530.955 ;100%;55.125;;;;;;;;;;;;;;;;
Viviendas anteriores a 1980;69,4%;1.061.825;69,6%;38.340;;;;;;;;;;;;;;;;
Estado ruinoso;0,2%;3.445;0,0%;25;;;;;;;;;;;;;;;;
Estado malo;0,8%;12.705;0,4%;215;;;;;;;;;;;;;;;;
Estado deficiente;4,4%;66.775;3,4%;1.865;;;;;;;;;;;;;;;;
Estado bueno;92,8%;1.420.265;94,8%;52.235;;;;;;;;;;;;;;;;
No consta;1,8%;27.770;1,4%;780;;;;;;;;;;;;;;;;
Valor catastral medio de los bienes inmuebles: personas físicas (2019) en miles de €;;90,9 €;156,8%;142,6;65%;93,0;141%;200,6;108%;153,8;57%;81,6;141%;201,1;231%;329,9;103%;147,2;;
Valor catastral medio de los bienes inmuebles: personas jurídicas (2019) en miles de €;;368,6 €;170,7%;629,4;148%;930,3;106%;666,5;277%;1744,6;38%;241,6;58%;362,8;62%;387,3;39%;244,5;;
Superficie media de la vivienda (m2) en transacción (2019);;83,4;141,0%;117,58;71,0%;83,48;91,2%;107,27;90,5%;106,42;76,6%;90,10;170,7%;200,71;163,4%;192,11;136,6%;160,61;;
Duración media del crédito (meses) en transacción de vivienda (2019);;257;116,7%;300;102,7%;308;88,7%;266;95,7%;287;100,3%;301;102,7%;308;101,3%;304;107,3%;322;;
1.10.2. Tipología de las viviendas ;;;;;;;;;;;;;;;;;;;;
Nº Total de viviendas familiares (Censo Edificios y Viviendas 2011);100%;1.378.931;100,0%;53.247;100,0%;6.372;100,0%;13.652;100,0%;7.591;100,0%;14.511;100,0%;1.106;100,0%;1.517;100,0%;8.498;1;4921
Principal;78,3%;1.080.306;73,0%;38.848;77,4%;4.934;70,2%;9.589;71,9%;5.459;81,0%;11.752;50,5%;558;39,6%;600;70,1%;5.956;0,83844747;4126
Secundaria;7,7%;106.192;13,1%;6.967;7,0%;446;16,2%;2.205;14,4%;1.090;8,2%;1.186;14,1%;156;50,8%;770;13,1%;1.114;0,04450315;219
Desocupada;12,9%;178.377;13,5%;7.190;14,6%;933;13,3%;1.815;13,5%;1.022;10,3%;1.492;35,1%;388;9,7%;147;16,4%;1.393;0,114407641;563
Otro tipo;1,0%;13.998;0,5%;242;0,9%;59;0,3%;43;0,3%;20;0,6%;81;0,4%;4;0,0%;0;0,4%;35;0,002641739;13
1.10.3. Lanzamientos judiciales (Consejo General del Poder Judicial);;;;;;;;;;;;;;;;;;;;
Lanzamientos judiciales practicados (2013);100%;5.020 ;;;;;;;;;;;;;;;;;;
Como consecuencia de ejecuciones hipotecarias;30%;1.501;;;;;;;;;;;;;;;;;;
Como consecuencia de la Ley de Arrendamientos Urbanos;62%;3.137;;;;;;;;;;;;;;;;;;
Lanzamientos judiciales practicados (2019);100,0%;2.832 ;;;;;;;;;;;;;;;;;;
Como consecuencia de ejecuciones hipotecarias;12,7%;360;;;;;;;;;;;;;;;;;;
Como consecuencia de la Ley de Arrendamientos Urbanos;84,2%;2.384;;;;;;;;;;;;;;;;;;
1.11. MEDIO AMBIENTE Y RESIDUOS;;;;;;;;;;;;;;;;;;;;
1.11.1. Contaminantes del aire (2018);;;;;;;;;;;;;;;;;;;;
Partículas suspensión PM2.5 (µgr/m3) -Valor límite: 25 µgr/m3-;;10,3;;;;;;;;;;;;;;;;;;
Partículas suspensión PM10 (µgr/m3) -Valor límite: 40 µgr/m3-;;18,5;;;;;;;;;;;;;;;;;;
Dióxido de azufre - SO2 (µgr/m3) -Valor límite: 125 µgr/m3-;;6,0;;;;;;;;;;;;;;;;;;
Monóxido de carbono - CO (mg/m3) -Valor límite: 10 µgr/m3-;;0,3;;;;;;;;;;;;;;;;;;
Ozono - O3 (µgr/m3) -Valor límite: 120 µgr/m3-;;51,0;;;;;;;;;;;;;;;;;;
Dióxido de nitrógeno - NO2 (µgr/m3) -Valor límite: 40 µgr/m3-;;37,0;;;;;;;;;;;;;;;;;;
Temperatura media anual (ºC);;15,2;;;;;;;;;;;;;;;;;;
Protocolo de contaminación: nº de episodios (2019);;3;;;;;;;;;;;;;;;;;;
"Protocolo de contaminación: nº de días ""Escenario 1"" (2019)";;12;;;;;;;;;;;;;;;;;;
1.11.2. Recogida domiciliaria de resíduos sólidos: envases y resto (2018);;;;;;;;;;;;;;;;;;;;
kg/habitante/año;;372;;524;;;;;;;;;;;;;;;;
kg/habitante/día;;1,019;;1,436;;;;;;;;;;;;;;;;
1.12. SEGURIDAD;;;;;;;;;;;;;;;;;;;;
Intervenciones de la Policía Municipal en materia de seguridad (2019);;;;;;;;;;;;;;;;;;;;
Relacionadas con las personas;;5.455;3,2%;174;;;;;;;;;;;;;;;;
Relacionadas con la tenencia de armas;;1.362;1,5%;20;;;;;;;;;;;;;;;;
Relacionadas con el patrimonio;;6.984;4,0%;276;;;;;;;;;;;;;;;;
Relacionadas con la tenencia y consumo de drogas;;7.668;3,9%;296;;;;;;;;;;;;;;;;
Expedientes instruidos por Agentes Tutores;;557;3,1%;17;;;;;;;;;;;;;;;;
Atestados/partes de accidentes de tráfico confeccionados;;21.791;5,4%;1.187;;;;;;;;;;;;;;;;
Detenidos e investigados de la Policía Municipal en materia de seguridad (2019);;;;;;;;;;;;;;;;;;;;
Total detenidos e investigados;100%;9.265;2,8%;264;;;;;;;;;;;;;;;;
Lesiones;4,7%;433;;;;;;;;;;;;;;;;;;
Violencia doméstica y de género;8,3%;773;;;;;;;;;;;;;;;;;;
Malos tratos a menores;1,1%;103;;;;;;;;;;;;;;;;;;
Abusos y agresiones sexuales;0,5%;49;;;;;;;;;;;;;;;;;;
Hurtos;12,9%;1.193;;;;;;;;;;;;;;;;;;
Robo con violencia e intimidación en personas;2,1%;198;;;;;;;;;;;;;;;;;;
Contra la salud pública;3,8%;356;;;;;;;;;;;;;;;;;;
Contra la seguridad vial;35,3%;3.275;;;;;;;;;;;;;;;;;;
1.13. RESULTADOS ELECCIONES LOCALES (2019);;;;;;;;;;;;;;;;;;;;
Censo electoral;100,0%;2.397.881;100%;90.595;100%;10.648;100%;19.127;100%;12.669;100%;23.044;100%;4.267;100,0%;1.989;100,0%;18.851;;
Abstención;31,8%;761.923;25,2%;22.810;25,6%;2.726;26,4%;5.053;22,8%;2.890;29,2%;6.735;21,3%;909;23,4%;465;21,4%;4.032;;
Votos en blanco;0,3%;6.945;0,3%;274;0,3%;33;0,3%;59;0,2%;31;0,4%;81;0,1%;3;0,2%;3;0,3%;64;;
Votos a candidaturas;68,2%;1.635.958;74,8%;67.785;74,4%;7.922;73,6%;14.074;77,2%;9.779;70,8%;16.309;78,7%;3.358;76,6%;1.524;78,6%;14.819;;
Más Madrid;21,1%;505.159;19,9%;18.006;28,1%;2.994;19,9%;3.807;18,1%;2.288;23,9%;5.505;4,9%;207;9,0%;180;16,0%;3.025;;
PP;16,5%;395.344;24,4%;22.102;17,9%;1.910;25,5%;4.882;28,3%;3.580;15,5%;3.577;41,6%;1.773;37,0%;735;29,9%;5.645;;
Ciudadanos;13,0%;312.536;14,9%;13.513;13,4%;1.425;13,7%;2.623;16,4%;2.081;13,2%;3.035;18,3%;781;14,8%;294;17,4%;3.274;;
PSOE;9,3%;224.074;6,5%;5.906;6,7%;718;5,0%;956;5,4%;680;10,3%;2.379;2,2%;93;3,3%;65;5,4%;1.015;;
VOX;5,2%;124.969;6,6%;5.946;5,1%;541;7,3%;1.394;6,7%;843;4,5%;1.032;10,9%;466;11,4%;227;7,7%;1.443;;
1.14. SERVICIOS Y EQUIPAMIENTOS MUNICIPALES;;;;;;;;;;;;;;;;;;;;
1.14.1. Servicios Sociales Municipales (2020);;;;;;;;;;;;;;;;;;;;
Centros de Servicios Sociales;;39;5,1%;2;;0;;1;;0;;1;;0;;0;;0;;
Centros Municipales de Mayores ;;90;4,4%;4;;1;;1;;0;;1;;0;;0;;1;;
Centros de Día de Alzheimer y Físicos;;97;4,1%;4;;1;;0;;0;;2;;0;;1;;0;;
Apartamentos Municipales para Mayores;;2;0,0%;0;;0;;0;;0;;0;;0;;0;;0;;
Residencias para personas Mayores ;;3;0,0%;0;;0;;0;;0;;0;;0;;0;;0;;
Centros de Apoyo a las Familias (CAF);;7;0,0%;0;;0;;0;;0;;0;;0;;0;;0;;
Centros de Atención a la Infancia (CAI);;13;0,0%;0;;0;;0;;0;;0;;0;;0;;0;;
Centro de Día de Atención a Niños y Niñas (de 3 a 12 años);;29;0,0%;0;;0;;0;;0;;0;;0;;0;;0;;
Espacios de Ocio para Adolescentes (El Enredadero);;6;0,0%;0;;0;;0;;0;;0;;0;;0;;0;;
Centros de Adolescentes y Jóvenes (ASPA) ;;8;0,0%;0;;0;;0;;0;;0;;0;;0;;0;;
Centros para personas sin hogar;;12;16,7%;2;;2;;0;;0;;0;;0;;0;;0;;
1.14.2. Género (2020);;;;;;;;;;;;;;;;;;;;
Espacios de Igualdad;;17;0,0%;0;;0;;0;;0;;0;;0;;0;;0;;
1.14.3. Salud (2020);;;;;;;;;;;;;;;;;;;;
Centros Municipales de Salud Comunitaria (CMSC);;16;0,0%;0;;0;;0;;0;;0;;0;;0;;0;;
Centros de Atención a las Adicciones (CAD y CCAD);;10;0,0%;0;;0;;0;;0;;0;;0;;0;;7;;
1.14.4. Cultura (2020);;;;;;;;;;;;;;;;;;;;
Nº de Bibliotecas Municipales;;34;0,0%;0;;0;;0;;0;;0;;0;;0;;0;;
Nº de Bibliotecas Comunidad Madrid;;16;6,3%;1;;0;;1;;0;;0;;0;;0;;0;;
Nº de Centros Culturales;;106;4,7%;5;;1;;1;;0;;2;;0;;0;;1;;
1.14.5. Deportes (2018);;;;;;;;;;;;;;;;;;;;
Centros deportivos Municipales;;72;%;9;55,6%;5;0,0%;0;11,1%;1;22,2%;2;0,0%;0;0,0%;0;11,1%;1;;
Superficie deportiva m2 ;;2.074.404;8,9%;184.475;;;;;;;;;;;;;;;;
Instalaciones deportivas básicas;;481;5,4%;26;;;;;;;;;;;;;;;;
Acceso controlado ;;98;4,1%;4;;;;;;;;;;;;;;;;
Campos de fútbol 11;;22;0,0%;0;;0;;0;;0;;0;;0;;0;;0;;
Pista de atletismo ;;7;0,0%;0;;0;;0;;0;;0;;0;;0;;0;;
Piscinas cubiertas;;49;8,2%;4;;2;;0;;0;;1;;0;;0;;1;;
Piscinas de verano;;23;13,0%;3;;2;;0;;1;;0;;0;;0;;0;;
1.14.6. Zonas verdes (2019);;;;;;;;;;;;;;;;;;;;
Superficie de zonas verdes y Parques de distrito (Ha);;3.322,9;5,8%;192,2;;;;;;;;;;;;;;;;
Superficie de zonas verdes y Parques de distrito (Ha) / nº de Habitantes *10.000;;10,2;158,2%;16,1;;;;;;;;;;;;;;;;
Superficie Parques Históricos, Singulares y Forestales por distrito  ;;2.501,0;64,1%;1603,0;;;;;;;;;;;;;;;;
Superficie Parques Históricos, Singulares y Forestales distrito / nº Habitantes *10.000;;7,7;1752,9%;134,2;;;;;;;;;;;;;;;;
1.14.7. Educación (Curso académico 2019-2020);;;;;;;;;;;;;;;;;;;;
Escuelas Infantiles Municipales (2019);;56;1,8%;1;;0;;0;;0;;0;;0;;0;;1;;
Escuelas Infantiles Públicas CAM;;150;4,0%;6;;;;;;;;;;;;;;;;
Escuelas Infantiles Privadas;;419;5,0%;21;;;;;;;;;;;;;;;;
Colegios Públicos Infantil y Primaria (+ 3 centros con Secundaria);;247;3,6%;9;;;;;;;;;;;;;;;;
Institutos Públicos de Educación Secundaria;;112;5,4%;6;;;;;;;;;;;;;;;;
Colegios Privados Inf. o Pri. o Inf. y Pri.;;88;8,0%;7;;;;;;;;;;;;;;;;
Colegios Privados Inf., Pri. y Sec. o Pri. y Sec. ;;274;6,6%;18;;;;;;;;;;;;;;;;
1.14.8. Empresa y Comercio (2020);;;;;;;;;;;;;;;;;;;;
Mercados Municipales;;45;4,4%;2;;0;;1;;0;;1;;0;;0;;0;;
1.15. PARTICIPACIÓN CIUDADANA ;;;;;;;;;;;;;;;;;;;;
1.15.1. Entidades de participación ciudadana (2019) ;;;;;;;;;;;;;;;;;;;;
Asociaciones (Sección 1ª);;2.412;4,0%;96;14,6%;14;20,8%;20;16,7%;16;29,2%;28;1,0%;1;1,0%;1;16,7%;16;;
Nº de asociaciones culturales y casas regionales;;489;3,5%;17;29,4%;5;23,5%;4;11,8%;2;17,6%;3;0,0%;0;0,0%;0;17,6%;3;;
Nº de asociaciones de mujeres;;75;4,0%;3;0,0%;0;66,7%;2;0,0%;0;33,3%;1;0,0%;0;0,0%;0;0,0%;0;;
Nº de asociaciones de vecinos;;221;4,5%;10;20,0%;2;0,0%;0;0,0%;0;60,0%;6;0,0%;0;10,0%;1;10,0%;1;;
Fundaciones (Sección 2ª);;24;8,3%;2;0,0%;0;100%;2;0,0%;0;0,0%;0;0,0%;0;0,0%;0;0,0%;0;;
;;;;;;;;;;;;;;;;;;;;
;;;;;;;;;;;;;;;;;;;;
1.16. PRESUPUESTO 2020; En base al Acuerdo de 23 de diciembre de 2019 del Pleno del Ayuntamiento de Madrid. Publicación: BOAM Nùm. 8.551, 30 de diciembre de 2019. ;;;;;;;;;;;;;;;;;;;
PROGRAMA;;CAPÍTULOS;;;;;;;;;;;;;;;;;;
;;1;;2;;3;;4;;5;;6;;7;;TOTAL;;;;
OTRAS ACTUACIONES EN VÍAS PÚBLICAS;153.22;;;3.998 €;;;;;;;;;;;;3.998 €;;;;
FAMILIA E INFANCIA;231.02;;;369.544 €;;;;179.000 €;;;;;;5.000 €;;553.544 €;;;;
PERSONAS MAYORES Y SERVICIOS SOCIALES;231.03;;;5.938.420 €;;;;41.000 €;;;;;;5.076 €;;5.984.496 €;;;;
INTEGRACIÓN COMUNITARIA Y EMERGENCIA SOCIAL;231.06;1.400.485 €;;454.102 €;;;;99.500 €;;;;;;5.000 €;;1.959.087 €;;;;
SALUBRIDAD PÚBLICA;311.01;367.409 €;;2.250 €;;;;;;;;;;;;369.659 €;;;;
CENTROS DOCENTES ENSEÑANZA INFANTIL Y PRIMARIA;323.01;;;2.653.782 €;;;;;;;;;;;;2.653.782 €;;;;
ABSENTISMO;325.01;;;82.253 €;;;;;;;;;;;;82.253 €;;;;
SERVICIOS COMPLEMENTARIOS EDUCACIÓN;326.01;;;318.345 €;;;;6.500 €;;;;;;;;324.845 €;;;;
ACTIVIDADES CULTURALES;334.01;496.825 €;;1.506.242 €;;;;22.000 €;;;;6.000 €;;;;2.031.067 €;;;;
ACTUACIONES DEPORTIVAS EN DISTRITOS;341.01;;;6.940 €;;;;;;;;;;;;6.940 €;;;;
INSTALACIONES DEPORTIVAS;342.01;11.967.511 €;;1.006.094 €;;;;;;;;;;;;12.973.605 €;;;;
CONSUMO;493.00;188.025 €;;;;;;;;;;;;;;188.025 €;;;;
CONCEJALÍA-PRESIDENCIA DEL DISTRITO;912.2;395.670 €;;910 €;;;;;;;;;;;;396.580 €;;;;
DIREC. Y GESTIÓN ADMTVA. DEL DISTRITO;920.01;5.215.442 €;;649.462 €;;;;;;;;13.900 €;;;;5.878.804 €;;;;
PARTICIPACIÓN CIUDADANA Y VOLUNTARIADO;924.01;;;40.100 €;;;;42.000 €;;;;;;;;82.100 €;;;;
EDIFICIOS;933.02;;;1.821.589 €;;;;;;;;;;;;1.821.589 €;;;;
CENTRO 001;;20.031.367 €;;14.854.031 €;;0 €;;390.000 €;;0 €;;19.900 €;;15.076 €;;35.310.374 €;;;;
SECCIÓN 209;;20.031.367 €;;14.854.031 €;;0 €;;390.000 €;;0 €;;19.900 €;;15.076 €;;35.310.374 €;;;;
;;;;;;;;;;;;;;;;;;;;
;;;;;;;;;;;;;;;;;;;;
;;;;;;;;;;;;;;;;;;;;
;;;;;;;;;;;;;;;;;;;;
;;;;;;;;;;;;;;;;;;;;
;;;;;;;;;;;;;;;;;;;;
;;;;;;;;;;;;;;;;;;;;
;;;;;;;;;;;;;;;;;;;;
;;;;;;;;;;;;;;;;;;;;
;;;;;;;;;;;;;;;;;;;;
;;;;;;;;;;;;;;;;;;;;
;;;;;;;;;;;;;;;;;;;;
;;;;;;;;;;;;;;;;;;;;
;;;;;;;;;;;;;;;;;;;;
;;;;;;;;;;;;;;;;;;;;
;;;;;;;;;;;;;;;;;;;;
;;;;;;;;;;;;;;;;;;;;
;;;;;;;;;;;;;;;;;;;;
;;;;;;;;;;;;;;;;;;;;
;;;;;;;;;;;;;;;;;;;;
;;;;;;;;;;;;;;;;;;;;
;;;;;;;;;;;;;;;;;;;;
;;;;;;;;;;;;;;;;;;;;
;;;;;;;;;;;;;;;;;;;;
;;;;;;;;;;;;;;;;;;;;
;;;;;;;;;;;;;;;;;;;;
;;;;;;;;;;;;;;;;;;;;
;;;;;;;;;;;;;;;;;;;;
;;;;;;;;;;;;;;;;;;;;
;;;;;;;;;;;;;;;;;;;;
;;;;;;;;;;;;;;;;;;;;
;;;;;;;;;;;;;;;;;;;;
;;;;;;;;;;;;;;;;;;;;
;;;;;;;;;;;;;;;;;;;;
;;;;;;;;;;;;;;;;;;;;
;;;;;;;;;;;;;;;;;;;;
;;;;;;;;;;;;;;;;;;;;
;;;;;;;;;;;;;;;;;;;;
;;;;;;;;;;;;;;;;;;;;
;;;;;;;;;;;;;;;;;;;;
;;;;;;;;;;;;;;;;;;;;
;;;;;;;;;;;;;;;;;;;;
;;;;;;;;;;;;;;;;;;;;
;;;;;;;;;;;;;;;;;;;;
;;;;;;;;;;;;;;;;;;;;
;;;;;;;;;;;;;;;;;;;;
;;;;;;;;;;;;;;;;;;;;
;;;;;;;;;;;;;;;;;;;;
;;;;;;;;;;;;;;;;;;;;
;;;;;;;;;;;;;;;;;;;;
;;;;;;;;;;;;;;;;;;;;
;;;;;;;;;;;;;;;;;;;;
;;;;;;;;;;;;;;;;;;;;
;;;;;;;;;;;;;;;;;;;;
;;;;;;;;;;;;;;;;;;;;
;;;;;;;;;;;;;;;;;;;;
;;;;;;;;;;;;;;;;;;;;
;;;;;;;;;;;;;;;;;;;;
;;;;;;;;;;;;;;;;;;;;
;;;;;;;;;;;;;;;;;;;;
;;;;;;;;;;;;;;;;;;;;
;;;;;;;;;;;;;;;;;;;;
;;;;;;;;;;;;;;;;;;;;
;;;;;;;;;;;;;;;;;;;;
;;;;;;;;;;;;;;;;;;;;
