01. CENTRO. INFORMACIÓN DE DISTRITO Y BARRIOS;;;;;;;;;;;;;;;;
 ;CIUDAD;;CENTRO;;Palacio;;Embajadores;;Cortes;;Justicia;;Universidad;;Sol;
1.1 CARACTERÍSTICAS GENERALES DEL DISTRITO-BARRIO;;;;;;;;;;;;;;;;
Superficie (Ha.) ;;60.445,52;522,82;;146,99;;103,37;;59,19;;73,94;;94,80;;44,53;
Densidad (hab./Ha.) ;;53,30;253,15;;153,17;;431,74;;177,93;;224,20;;325,91;;161,71;
1.2. LA POBLACIÓN DEL DISTRITO;;;;;;;;;;;;;;;;
1.2.1. Estructura de la población (01/01/2018);;;;;;;;;;;;;;;;
Sexo de la población;100%;3.221.824;4,1%;132.352;17,0%;22.515;33,7%;44.630;8,0%;10531;12,5%;16578;23,3%;30.897;5,4%;7201
Hombres;46,6%;1.500.340;50,1%;66.320;48,8%;10.978;51,6%;23.031;50,0%;5.265;50,3%;8.334;48,7%;15.040;51,0%;3.672
Mujeres;53,4%;1.721.484;49,9%;66.032;51,2%;11.537;48,4%;21.599;50,0%;5.266;49,7%;8.244;51,3%;15.857;49,0%;3.529
Edad media de la población;;44,12;;44,15;;45,77;;42,98;;45,23;;44,23;;44,13;;44,73
De 0 a 14 años;13,5%;435.302;8,0%;10.602;8,1%;1.821;8,6%;3.821;6,8%;716;8,2%;1.362;7,8%;2.401;6,7%;481
De 15 a 29;15,3%;492.310;15,6%;20.684;14,3%;3.212;15,8%;7.066;14,8%;1.560;15,8%;2.615;16,2%;5.000;17,1%;1.231
De 30 a 44;23,1%;745.852;32,0%;42.376;28,7%;6.452;34,4%;15.344;31,1%;3.277;30,8%;5.104;32,4%;9.997;30,6%;2.202
De 45 a 64;27,7%;891.569;28,1%;37.177;30,1%;6.771;26,8%;11.980;30,4%;3.201;28,8%;4.779;27,2%;8.395;28,5%;2.051
De 65 a 79;13,0%;419.069;10,5%;13.872;12,5%;2.809;9,0%;4.039;11,1%;1.171;10,5%;1.744;10,6%;3.267;11,7%;842
De 80 y + ;7,4%;237.722;5,8%;7.641;6,4%;1.450;5,3%;2.380;5,8%;606;5,9%;974;5,9%;1.837;5,5%;394
De 65 y +;20,4%;656.791;16,3%;21.513;18,9%;4.259;14,4%;6.419;16,9%;1.777;16,4%;2.718;16,5%;5.104;17,2%;1.236
Población en etapa educativa (De 3 a 16 años -16 no incluidos-);11,7%;375.923;6,5%;8.667;6,8%;1.541;7,0%;3.126;5,4%;568;6,6%;1091;6,3%;1.945;5,5%;396
Proporción de juventud (Población de 0-15 años/Población total);14,4%;;8,5%;;8,6%;;9,1%;;7,3%;;8,7%;;8,2%;;7,0%;
Proporción de envejecimiento (Población > 65 años/Población total);20,4%;;16,3%;;18,9%;;14,4%;;16,9%;;16,4%;;16,5%;;17,2%;
Proporción de sobreenvejecimiento (Población > 80 años/Población >65 años);36,2%;;35,5%;;34,0%;;37,1%;;34,1%;;35,8%;;36,0%;;31,9%;
Índice de envejecimiento activo (2017);;37,0;;;;;;;;;;;;;;
Hombres;;38,6;;;;;;;;;;;;;;
Mujeres;;35,8;;;;;;;;;;;;;;
Proporción de dependencia (Población de 0-15 + población 65 y + / Pob. 16-64) ;53,3%;;32,9%;;38,0%;;30,6%;;31,8%;;33,4%;;32,9%;;31,9%;
Personas con nacionalidad española;86,9%;2.799.105;78,0%;103.218;82,9%;18.660;74,7%;33.354;78,0%;8218;79,4%;13168;79,0%;24.422;74,9%;5396
Personas con nacionalidad española HOMBRES;46,6%;1.304.453;48,9%;50.447;48,2%;9.003;48,8%;16.283;50,1%;4.114;49,5%;6.519;48,2%;11.765;51,2%;2.763
Personas con nacionalidad española MUJERES;53,4%;1.494.652;51,1%;52.771;51,8%;9.657;51,2%;17.071;49,9%;4.104;50,5%;6.649;51,8%;12.657;48,8%;2.633
Personas con nacionalidad extranjera;13,1%;422.700;22,0%;29.132;17,1%;3.854;25,3%;11.275;22,0%;2313;20,6%;3410;21,0%;6.475;25,1%;1805
Personas con nacionalidad extranjera HOMBRES;46,3%;195.876;54,5%;15.872;51,2%;1.974;59,8%;6.748;49,8%;1.151;53,2%;1.815;50,6%;3.275;50,4%;909
Personas con nacionalidad extranjera MUJERES;53,7%;226.824;45,5%;13.260;48,8%;1.880;40,2%;4.527;50,2%;1.162;46,8%;1.595;49,4%;3.200;49,6%;896
Proporción de inmigrantes (Extranjeros menos UE y resto países de OCDE / Población total);9,0%;;12,0%;;7,7%;;16,4%;;9,3%;;9,7%;;11,2%;;11,8%;
1ª nacionalidad extranjera en el Distrito: ITALIA (% respecto total extranjeros del distrito);4,5%;18.840;10,0%;2.916;11,7%;449;8,6%;974;11,1%;256;9,9%;338;10,8%;697;11,2%;202
2ª nacionalidad extranjera en el Distrito: BANGLADESH (% respecto total extranjeros del distrito);1,3%;5.630;9,4%;2.738;0,3%;11;23,4%;2640;1,9%;44;0,4%;13;0,3%;18;0,7%;12
1.2.2. Estructura de los hogares (01-01-2018);;;;;;;;;;;;;;;;
Nº total de hogares;100%;1.278.258;5,2%;66.411;16,9%;11.196;33,0%;21.888;8,2%;5425;12,6%;8371;23,8%;15.803;5,6%;3728
Tamaño medio del hogar;;2,52  ;;1,99;;2,01;;2,04;;1,94;;1,98;;1,96;;1,93
Hogares con una mujer sola >65 años;9,8%;124.815;7,8%;5.173;9,1%;1.014;7,5%;1.640;7,2%;391;7,5%;626;7,8%;1.240;7,0%;262
Hogares con un hombre solo >65 años;2,8%;35.963;3,2%;2.142;3,8%;425;3,0%;648;3,7%;199;2,9%;240;3,1%;491;3,7%;139
Hogares monoparentales: una mujer adulta con uno o más menores;2,1%;27.460;1,5%;970;1,6%;182;1,5%;326;1,2%;67;1,4%;118;1,4%;227;1,3%;50
Hogares monoparentales: un hombre adulto con uno o más menores;0,4%;5.488;0,3%;191;0,3%;30;0,3%;56;0,4%;22;0,4%;33;0,3%;41;0,2%;9
1.2.3. Dinámica demográfica;;;;;;;;;;;;;;;;
Tasa bruta de natalidad 2017 (‰);;9,00;;7,32;;6,86;;7,55;;7,03;;7,83;;7,69;;4,95
Tasa de crecimiento demográfico 2017 (‰);;1,24;;0,32;;0,72;;0,00;;0,10;;1,24;;0,61;;-1,93
Esperanza de vida al nacer MUJERES (mortalidad del periodo 2009-2012);;85,9;;84,6;;82,5;;85,2;;83,6;;84,9;;86,3;;81,2
Esperanza de vida al nacer HOMBRES (mortalidad del periodo 2009-2012);;79,9;;77,7;;76,0;;78,3;;77,9;;77,2;;78,5;;76,5
Esperanza de vida al nacer MUJERES (2017);;87,1;;86,5;;;;;;;;;;;;
Esperanza de vida al nacer HOMBRES (2017);;82,0;;80,4;;;;;;;;;;;;
Esperanza de vida > 65 años MUJERES (2017);;24,3;;23,8;;;;;;;;;;;;
Esperanza de vida > 65 años HOMBRES (2017);;20,3;;19,2;;;;;;;;;;;;
1.2.4. Mujeres y hombres;;;;;;;;;;;;;;;;
Índice de desigualdad de género (2017);;0,816;;;;;;;;;;;;;;
Índice de desigualdad de género (2007);;0,738;;;;;;;;;;;;;;
1.3. INDICADORES ECONÓMICOS ;;;;;;;;;;;;;;;;
Renta neta media anual de los hogares (Urban Audit). 2015;;38.534,6 €;81%;31.377,8 €;111%;34.675,8 €;83%;25.999,8 €;111%;34.952,7 €;128%;40.314,9 €;98%;30.701,7 €;99%;30.935,8 €
Renta disponible Bruta Per Cápita 2014(a);;21.145,9 €;;23.767,5 €;;;;;;;;;;;;
Crecimiento/decrecimiento Renta Bruta Per Cápita 2014(a)-2008;-0,2%;-40,4 €;5,7%;1.276,9 €;;;;;;;;;;;;
Pensión media mensual del Distrito HOMBRES (2015);;1.376,2 €;;1.230,2 €;;;;;;;;;;;;
Pensión media mensual del Distrito MUJERES (2015);;858,8 €;;835,3 €;;;;;;;;;;;;
1.4. INDICADORES DE DESEMPLEO;;;;;;;;;;;;;;;;
Tasa de actividad global ciudad de Madrid (EPA. 3º trimestre 2018);61,2%;;;;;;;;;;;;;;;
Hombres ;66,4%;;;;;;;;;;;;;;;
Mujeres;56,8%;;;;;;;;;;;;;;;
Número de parados ciudad de Madrid (EPA. 3º trimestre 2018) (miles);;200,1;;;;;;;;;;;;;;
Hombres (miles);;97,3;;;;;;;;;;;;;;
Mujeres (miles);;102,8;;;;;;;;;;;;;;
Paro registrado (nº de personas registradas en SEPE en agosto 2018);;167.871;4,7%;7.807;16,3%;1.274;37,2%;2.907;6,6%;518;10,1%;785;19,9%;1.552;5,3%;410
Tasa absoluta de paro registrado (agosto 2018);7,9%;;7,9%;;8,2%;;8,9%;;6,9%;;6,6%;;7,1%;;7,9%;
Tasa absoluta de paro registrado MUJERES;8,6%;;8,3%;;8,3%;;9,8%;;7,3%;;6,8%;;7,4%;;7,8%;
De 16 a 24 años;4,6%;;3,3%;;2,3%;;5,6%;;2,5%;;1,4%;;2,7%;;1,7%;
De 25 a 44 años;8,3%;;7,4%;;7,5%;;8,9%;;6,3%;;6,0%;;6,5%;;7,0%;
De 45 a 64 años;10,1%;;10,6%;;10,4%;;12,1%;;9,5%;;9,1%;;9,9%;;10,6%;
Tasa absoluta de paro registrado HOMBRES ;7,1%;;7,5%;;8,2%;;8,2%;;6,5%;;6,5%;;6,7%;;8,0%;
De 16 a 24 años;4,5%;;3,6%;;3,3%;;4,4%;;0,8%;;1,8%;;5,0%;;1,7%;
De 25 a 44 años;6,1%;;5,8%;;6,4%;;6,6%;;5,7%;;4,7%;;4,9%;;5,8%;
De 45 a 64 años;9,1%;;10,8%;;11,1%;;11,9%;;8,6%;;9,7%;;9,9%;;12,2%;
Parados de larga duración (agosto 2018);41,0%;68.898;34,7%;2.707;;;;;;;;;;;;
Hombres;40,4%;27.816;51,7%;1.399;;;;;;;;;;;;
Mujeres ;59,6%;41.082;48,3%;1.308;;;;;;;;;;;;
Parados que SÍ perciben prestaciones (agosto 2018);37,3%;62.541;39,5%;3.085;;;;;;;;;;;;
Hombres;47,0%;29.412;49,4%;1.525;;;;;;;;;;;;
Mujeres ;53,0%;33.129;50,6%;1.560;;;;;;;;;;;;
Parados que NO perciben prestaciones (agosto 2018);62,7%;105.330;60,5%;4.722;;;;;;;;;;;;
Hombres;40,7%;42.906;50,6%;2.390;;;;;;;;;;;;
Mujeres ;59,3%;62.424;49,4%;2.332;;;;;;;;;;;;
1.5. EDUCACIÓN;;;;;;;;;;;;;;;;
1.5.1. Población en etapas educativas (01/01/2018);100,0%;463.011;100,0%;11.228;100,0%;1.942;100,0%;4.041;100,0%;765;100,0%;1.436;100,0%;2.538;100,0%;506
0 a 2 años;18,8%;87.088;22,8%;2.561;20,6%;401;22,6%;915;25,8%;197;24,0%;345;23,4%;593;21,7%;110
Infantil (3 a 5 años);18,7%;86.699;19,1%;2.142;19,0%;369;20,0%;809;18,4%;141;19,2%;276;17,4%;441;20,9%;106
Primaria (6 a 11 años);38,2%;176.730;36,1%;4.054;35,3%;685;36,8%;1.489;31,6%;242;34,8%;500;37,7%;957;35,8%;181
Secundaria (12 a 15 años);24,3%;112.494;22,0%;2.471;25,1%;487;20,5%;828;24,2%;185;21,9%;315;21,6%;547;21,5%;109
Etapas educativas. Total niños;51,2%;237.098;51,0%;5.724;49,3%;958;51,8%;2.094;52,4%;401;50,1%;719;51,1%;1.297;50,4%;255
0 a 2 años;18,8%;44.551;23,1%;1.324;23,2%;222;22,3%;466;25,2%;101;23,9%;172;24,0%;311;20,4%;52
Infantil (3 a 5 años);18,8%;44.489;18,8%;1.075;18,9%;181;19,4%;406;16,5%;66;20,0%;144;17,7%;229;19,2%;49
Primaria (6 a 11 años);38,2%;90.647;36,3%;2.079;35,4%;339;37,7%;789;32,2%;129;34,9%;251;36,7%;476;37,3%;95
Secundaria (12 a 15 años);24,2%;57.411;21,8%;1.246;22,5%;216;20,7%;433;26,2%;105;21,1%;152;21,7%;281;23,1%;59
Etapas educativas. Total niñas;48,8%;225.913;49,0%;5.504;50,7%;984;48,2%;1.947;47,6%;364;49,9%;717;48,9%;1.241;49,6%;251
0 a 2 años;18,8%;42.537;22,5%;1.237;18,2%;179;23,1%;449;26,4%;96;24,1%;173;22,7%;282;23,1%;58
Infantil (3 a 5 años);18,7%;42.210;19,4%;1.067;19,1%;188;20,7%;403;20,6%;75;18,4%;132;17,1%;212;22,7%;57
Primaria (6 a 11 años);38,1%;86.083;35,9%;1.975;35,2%;346;36,0%;700;31,0%;113;34,7%;249;38,8%;481;34,3%;86
Secundaria (12 a 15 años);24,4%;55.083;22,3%;1.225;27,5%;271;20,3%;395;22,0%;80;22,7%;163;21,4%;266;19,9%;50
1.5.2. Escolarización de alumnos por tipo de centro (año escolar 2016/17);100%;510.340;100%;15.880;;;;;;;;;;;;
En centros PRIVADOS CONCERTADOS;43,3%;220.761;35,1%;5.580;;;;;;;;;;;;
En centros PRIVADOS SIN CONCIERTO;17,5%;89.197;11,4%;1.816;;;;;;;;;;;;
En centros PÚBLICOS;39,3%;200.382;53,4%;8.484;;;;;;;;;;;;
Total alumnos extranjeros;10,3%;52.588;16,3%;2.592;;;;;;;;;;;;
En centros PRIVADOS CONCERTADOS;34,7%;18.249;48,7%;1.263;;;;;;;;;;;;
En centros PRIVADOS SIN CONCIERTO;8,6%;4.514;5,9%;152;;;;;;;;;;;;
En centros PÚBLICOS;56,7%;29.825;45,4%;1.177;;;;;;;;;;;;
Total alumnos con necesidades de apoyo educativo;3,9%;19.911;5,0%;797;;;;;;;;;;;;
En centros PRIVADOS CONCERTADOS;50,1%;9.977;76,3%;608;;;;;;;;;;;;
En centros PRIVADOS SIN CONCIERTO;3,8%;764;1,4%;11;;;;;;;;;;;;
En centros PÚBLICOS;46,1%;9.170;22,3%;178;;;;;;;;;;;;
1.5.3. Nivel de estudios de la población ≥ 25 años (01/01/2018);;;;;;;;;;;;;;;;
No sabe leer ni escribir o sin estudios;5,2%;129.614;3,3%;3.681;3,0%;572;4,9%;1.841;2,3%;213;1,8%;258;2,5%;657;2,3%;140
Primaria incompleta;12,1%;301.397;8,4%;9.491;7,8%;1.500;10,8%;4.080;6,9%;630;5,9%;833;7,6%;1.999;7,2%;449
Bachiller Elemental, Graduado Escolar, ESO, Formación profesional 1º grado;26,5%;659.083;19,4%;21.902;18,6%;3.569;22,2%;8.427;16,5%;1.512;15,9%;2.241;18,7%;4.941;19,5%;1.212
Formación profesional 2º grado, Bachiller Superior o BUP;19,1%;475.507;18,6%;21.053;18,9%;3.620;18,5%;7.018;19,1%;1.745;18,1%;2.546;18,4%;4.869;20,2%;1.255
Titulados medios, diplomados, arquitecto o ingeniero técnico;9,7%;240.663;10,0%;11.337;10,5%;2.007;9,2%;3.476;9,8%;895;10,0%;1.401;10,9%;2.890;10,7%;668
Estudios superiores, licenciado, arquitecto o ingeniero superior, estudios superiores no universitarios, doctorado, estudios postgraduados;27,3%;681.198;40,2%;45.338;41,1%;7.885;34,3%;13.006;45,4%;4.160;48,1%;6.769;41,8%;11.031;40,0%;2.487
Nivel de estudios desconocido y no consta;0,1%;3.467;0,1%;101;0,1%;16;0,1%;39;0,0%;2;0,1%;12;0,1%;27;0,1%;5
1.5.4. Programa de prevención y control del absentismo escolar;;;;;;;;;;;;;;;;
Casos trabajados por el programa de absentismo municipal (curso escolar 2017-2018);100,0%;3.901;2,6%;101;;;;;;;;;;;;
Casos trabajados HOMBRES;50,1%;1.955;44,6%;45;;;;;;;;;;;;
Casos trabajados MUJERES;49,9%;1.946;55,4%;56;;;;;;;;;;;;
1.6. SALUD;;;;;;;;;;;;;;;;
1.6.1. Hábitos y estilos de vida (2017. Estudio Madrid Salud);;;;;;;;;;;;;;;;
Sedentarismo;30,0%;;26,9%;;;;;;;;;;;;;
Sedentarismo HOMBRES ;25,2%;;;;;;;;;;;;;;;
Sedentarismo MUJERES ;34,0%;;;;;;;;;;;;;;;
Consumo de tabaco diario;18,9%;;22,6%;;;;;;;;;;;;;
Consumo de tabaco diario HOMBRES;20,2%;;;;;;;;;;;;;;;
Consumo de tabaco diario MUJERES ;17,9%;;;;;;;;;;;;;;;
Consumo de medicamentos ;66,3%;;62,6%;;;;;;;;;;;;;
Consumo de medicamentos HOMBRES  ;62,4%;;;;;;;;;;;;;;;
Consumo de medicamentos MUJERES ;69,7%;;;;;;;;;;;;;;;
1.6.2. Indicadores de nivel de salud (2017. Estudio Madrid Salud);;;;;;;;;;;;;;;;
Autopercepción de buen estado de salud  (% respuesta muy buena + buena);72,3%;;75,9%;;;;;;;;;;;;;
Autopercepción de buen estado de salud HOMBRES ;77,4%;;;;;;;;;;;;;;;
Autopercepción de buen estado de salud MUJERES ;68,0%;;;;;;;;;;;;;;;
Calidad de vida relacionada con la salud (CVRS) ;20,2%;;19,9%;;;;;;;;;;;;;
Calidad de vida relacionada con la salud (CVRS) HOMBRES;19,0%;;;;;;;;;;;;;;;
Calidad de vida relacionada con la salud (CVRS) MUJERES;21,1%;;;;;;;;;;;;;;;
Presencia de enfermedad crónica ;39,8%;;34,0%;;;;;;;;;;;;;
Presencia de enfermedad crónica HOMBRES ;36,6%;;;;;;;;;;;;;;;
Presencia de enfermedad crónica MUJERES;42,4%;;;;;;;;;;;;;;;
Hipertensión arterial;18,8%;;13,2%;;;;;;;;;;;;;
Hipertensión arterial HOMBRES;19,7%;;;;;;;;;;;;;;;
Hipertensión arterial MUJERES;18,1%;;;;;;;;;;;;;;;
Diabetes Mellitus;6,0%;;3,6%;;;;;;;;;;;;;
Diabetes Mellitus HOMBRES;6,9%;;;;;;;;;;;;;;;
Diabetes Mellitus MUJERES;5,3%;;;;;;;;;;;;;;;
Personas con obesidad ;12,2%;;9,3%;;;;;;;;;;;;;
Personas con obesidad HOMBRES ;13,3%;;;;;;;;;;;;;;;
Personas con obesidad MUJERES;11,2%;;;;;;;;;;;;;;;
Personas con sobrepeso;33,5%;;26,2%;;;;;;;;;;;;;
Personas con sobrepeso HOMBRES;41,1%;;;;;;;;;;;;;;;
Personas con sobrepeso MUJERES;27,0%;;;;;;;;;;;;;;;
Personas mayores de 65 años con alguna dependencia funcional;32,4%;;27,0%;;;;;;;;;;;;;
Alguna dependencia funcional HOMBRES ;39,1%;;;;;;;;;;;;;;;
Alguna dependencia funcional MUJERES;48,6%;;;;;;;;;;;;;;;
Probabilidad de padecer enfermedad mental (GHQ-12);21,1%;;21,8%;;;;;;;;;;;;;
Probabilidad de padecer enfermedad mental (GHQ-12) HOMBRES;16,6%;;;;;;;;;;;;;;;
Probabilidad de padecer enfermedad (GHQ-12) MUJERES;24,9%;;;;;;;;;;;;;;;
Prevalencia de obesidad en la población infantil (2017. Estudio Madrid Salud. UCM);15,8%;;17,1%;;;;;;;;;;;;;
1.6.3. Discapacidad reconocida (31/12/2015);;;;;;;;;;;;;;;;
Nº de personas con grado de discapacidad reconocido;5,6%;180.040;9,8%;13.002;;;;;;;;;;;;
Hombres;48,1%;86.609;51,0%;6.626;;;;;;;;;;;;
Mujeres;51,9%;93.431;49,0%;6.376;;;;;;;;;;;;
Mujeres por cada 100 hombres (Feminización de la discapacidad reconocida);;107,9;;96,2;;;;;;;;;;;;
1.7. CALIDAD DE VIDA  (2017. Estudio >16 años);;;;;;;;;;;;;;;;
1.7.1. Calidad de vida y agenda pública (indicador sintético 0-100);;;;;;;;;;;;;;;;
Satisfacción de vivir en su barrio ;;69,8;;68,0;;;;;;;;;;;;
Calidad de vida actual en su barrio ;;69,5;;69,2;;;;;;;;;;;;
Convivencia vecinal;;67,8;;62,8;;;;;;;;;;;;
1.7.2. Satisfacción con los servicios públicos (escala 0-10);;;;;;;;;;;;;;;;
Espacios verdes;;6,6;;5,7;;;;;;;;;;;;
Parques infantiles ;;6,3;;5,2;;;;;;;;;;;;
Centros culturales;;6,9;;6,6;;;;;;;;;;;;
Organización de fiestas y eventos populares;;6,7;;5,9;;;;;;;;;;;;
Instalaciones deportivas;;6,7;;5,7;;;;;;;;;;;;
Servicios sociales municipales;;6,6;;6,5;;;;;;;;;;;;
Desigualdad en las dotaciones de los barrios (% respuesta muy alta + alta);82,9%;;87,4%;;;;;;;;;;;;;
1.7.3. Principales problemas de la ciudadanía (% personas encuestadas);;;;;;;;;;;;;;;;
1º. Limpieza;41,1%;;47,2%;;;;;;;;;;;;;
2º. Contaminación del aire;15,0%;;21,7%;;;;;;;;;;;;;
3º. Tráfico / atascos;10,8%;;12,6%;;;;;;;;;;;;;
1.7.4. Percepción de seguridad (indicador sintético 0-100);;;;;;;;;;;;;;;;
Percepción de seguridad en Madrid;;69,0;;77,8;;;;;;;;;;;;
Percepción de seguridad en el barrio por el día;;75,4;;82,3;;;;;;;;;;;;
Percepción de seguridad en el barrio por la noche;;61,6;;79,4;;;;;;;;;;;;
1.7.5. Problemas que afectan a la seguridad en los espacios públicos del distrito (escala 0-10);;;;;;;;;;;;;;;;
1º. Personas orinando en la calle;;4,5;;7,8;;;;;;;;;;;;
2º. Molestias por ruido;;3,8;;6,5;;;;;;;;;;;;
3º. Botellón;;4,1;;5,9;;;;;;;;;;;;
1.7.6. Administración de la ciudad (% de respuesta);;;;;;;;;;;;;;;;
Medio de información de la actividad del Ayuntamiento: REDES SOCIALES;19,3%;;24,5%;;;;;;;;;;;;;
Preferencia de contacto con el Ayuntamiento: EN PERSONA;48,6%;;18,9%;;;;;;;;;;;;;
Percepción sobre la administración del Ayto. en los últimos 5 años: HA MEJORADO;35,3%;;47,6%;;;;;;;;;;;;;
Percepción sobre la administración del Ayto. en los últimos 5 años: HA EMPEORADO;14,5%;;10,5%;;;;;;;;;;;;;
1.7.7. Amigabilidad de la ciudad (% respuesta mucho + bastante);;;;;;;;;;;;;;;;
Madrid ciudad amigable con las personas lesbianas, gays, transexuales y bisexuales;70,8%;;87,4%;;;;;;;;;;;;;
1.8. INDICADORES DE VULNERABILIDAD;;;;;;;;;;;;;;;;
1.8.1. Índice de vulnerabilidad territorial (2018);;;;;;;;;;;;;;;;
Índice de vulnerabilidad territorial;;;;0,0079;;0,0078;;0,0086;;0,0078;;0,0075;;0,0079;;0,0079
Posición en el ranking de distritos y/o barrios de vulnerabilidad territorial;;;;10;;57;;42;;56;;68;;55;;53
1.8.2. Tasa de riesgo de pobleza o exclusión social. Indicador AROPE (2017. Encuesta de Condiciones de Vida);;;;;;;;;;;;;;;;
Tasa de riesgo de pobleza o exclusión social;26,0%;;;;;;;;;;;;;;;
Tasa de riesgo de pobleza o exclusión social HOMBRES;23,9%;;;;;;;;;;;;;;;
Tasa de riesgo de pobleza o exclusión social MUJERES;27,9%;;;;;;;;;;;;;;;
Tasa de riesgo de pobleza o exclusión social N. ESPAÑOLA (>16 años);22,0%;;;;;;;;;;;;;;;
Tasa de riesgo de pobleza o exclusión social N. EXTRANJERA UNIÓN EUROPEA (>16 años);18,1%;;;;;;;;;;;;;;;
Tasa de riesgo de pobleza o exclusión social N. EXTRANJERA RESTO DEL MUNDO (>16 años);63,2%;;;;;;;;;;;;;;;
1.8.3. Tasa de riesgo de pobreza de los hogares (2016. Estudio de Necesidades Sociales. Hogares);;;;;;;;;;;;;;;;
Pareja o matrimonio con hijos;;35,7%;;;;;;;;;;;;;;
Hogar formado por madre con hijos a cargo;;41,1%;;;;;;;;;;;;;;
Nacido en España;;26,4%;;;;;;;;;;;;;;
Nacido en un país fuera de la Unión Europea;;39,2%;;;;;;;;;;;;;;
1.8.4. Situación económica de los hogares (2016. Estudio de Necesidades Sociales. Hogares);;;;;;;;;;;;;;;;
Dificultad para llegar a fin de mes (% respuesta mucha dificultad + dificultad);;20,0%;;;;;;;;;;;;;;
Imposibilidad de hacer frente a un gasto imprevisto de 650€;;38,7%;;;;;;;;;;;;;;
Dificultad para hacer frente a los gastos derivados del suministro energético;;9,5%;;;;;;;;;;;;;;
Entrevistados que han acudido a Servicios Sociales Municipales para solicitar atención social;;10,0%;;;;;;;;;;;;;;
1.9. SERVICIOS SOCIALES;;;;;;;;;;;;;;;;
1.9.1. Población en general (2017);;;;;;;;;;;;;;;;
Personas atendidas en la Unidad de Primera Atención en Centros de Servicios Sociales;;129.281 ;3,5%;4.558;;;;;;;;;;;;
Solicitudes tramitadas de Renta Mínima de Inserción;;6.969 ;5,0%;351;;;;;;;;;;;;
Perceptores de prestación de la Renta Mínima de Inserción;;16.219 ;5,1%;832;;;;;;;;;;;;
Beneficiarios de prestaciones sociales de carácter económico;;13.632 ;7,0%;957;;;;;;;;;;;;
Total prestaciones sociales de carácter económico (€);;7.440.030 €;6,6%;490.292 €;;;;;;;;;;;;
1.9.2. Personas Mayores (2017);;;;;;;;;;;;;;;;
Personas con Servicio de Ayuda a Domicilio (modalidad auxiliar de hogar);;71.238 ;3,2%;2.291;;;;;;;;;;;;
Hombres;;16.914 ;3,0%;502;;;;;;;;;;;;
Mujeres;;54.324 ;3,3%;1.789;;;;;;;;;;;;
Personas socias de los Centros Municipales de Mayores;;325.924 ;2,4%;7.697;;;;;;;;;;;;
Hombres;;124.008 ;2,1%;2.658;;;;;;;;;;;;
Mujeres ;;201.916 ;2,5%;5.039;;;;;;;;;;;;
1.9.3. Menores y Familia (2017);;;;;;;;;;;;;;;;
Familias atendidas por el Equipo de Trabajo con Menores y Familia (ETMF);;7.519;3,9%;294;;;;;;;;;;;;
Demandas de intervención en los Centros de Atención a la Infancia (CAI);;2.130;4,1%;87;;;;;;;;;;;;
Menores atendidos por el Servicio de Ayuda a domicilio a Menores y Familias (SAD) ;;1.361;3,2%;44;;;;;;;;;;;;
1.10. VIVIENDA;;;;;;;;;;;;;;;;
1.10.1. PLAN MAD-RE: PLAN ESTRATÉGICO MADRID RECUPERA (Programa de actuaciones 2018-2030);;;;;;;;;;;;;;;;
Planes Integrales Territoriales de Barrios Apirus;;48;0,0%;0;;;;;;;;;;;;
Planes Integrales Territoriales de Ordenación y Gestión;;71;0,0%;0;;;;;;;;;;;;
Proyecto Estratégico Ambiental;;13;0,0%;0;;;;;;;;;;;;
Proyecto Estratégico de Espacio Público;;140;0,0%;0;;;;;;;;;;;;
Proyecto Estratégico de Movilidad;;103;0,0%;0;;;;;;;;;;;;
1.10.2. Estado de las viviendas;;;;;;;;;;;;;;;;
Nº Total de viviendas (Censo Edificios y Viviendas 2011);100%;1.530.955 ;100%;86.795;;;;;;;;;;;;
Viviendas anteriores a 1980;69,4%;1.061.825;85,7%;74.370;;;;;;;;;;;;
Estado ruinoso;0,2%;3.445;0,4%;330;;;;;;;;;;;;
Estado malo;0,8%;12.705;2,0%;1.725;;;;;;;;;;;;
Estado deficiente;4,4%;66.775;9,1%;7.895;;;;;;;;;;;;
Estado bueno;92,8%;1.420.265;86,4%;74.970;;;;;;;;;;;;
No consta;1,8%;27.770;2,2%;1.875;;;;;;;;;;;;
Valor catastral medio de los bienes inmuebles: personas físicas (2018);;91.159,1 €;129,6%;118.131,4 €;105,1%;124.122 €;73,5%;86.822 €;124,7%;147.345 €;134,5%;158.945 €;90,5%;106.883 €;145,3%;171.611 €
Valor catastral medio de los bienes inmuebles: personas jurídicas (2018);;370.572,5 €;162,2%;601.120,6 €;82,9%;498.127 €;43,6%;261.968 €;178,0%;1.069.696 €;103,6%;623.017 €;84,9%;510.577 €;175,6%;1.055.844 €
Superficie media de la vivienda (m2) en transacción (2017);;84;85,0%;71;99,5%;71;78,8%;56;129,2%;92;131,0%;93;93,0%;66;136,5%;97
Duración media del crédito (meses) en transacción de vivienda (2017);;296;85,5%;253;99,2%;251;102,8%;260;96,4%;244;92,9%;235;103,6%;262;94,1%;238
1.10.3. Tipología de las viviendas ;;;;;;;;;;;;;;;;
Nº Total de viviendas familiares (Censo Edificios y Viviendas 2001);100%;1.378.931;100%;91.186;100%;14.983;100%;28.818;100%;7.802;100%;11.687;100%;22.321;100%;5.575
Principal;78,3%;1.080.306;61,9%;56.424;65,9%;9.881;65,9%;18.991;57,3%;4.468;57,4%;6.707;59,6%;13.312;55,0%;3.065
Secundaria;7,7%;106.192;12,2%;11.144;11,6%;1.743;9,9%;2.858;11,5%;896;18,6%;2.173;11,8%;2.642;14,9%;832
Desocupada;12,9%;178.377;23,8%;21.747;20,1%;3.014;22,6%;6.527;29,6%;2.311;22,2%;2.592;26,0%;5.802;26,9%;1.501
Otro tipo;1,0%;13.998;2,1%;1.871;2,3%;345;1,5%;442;1,6%;127;1,8%;215;2,5%;565;3,2%;177
1.10.4. Lanzamientos judiciales (Consejo General del Poder Judicial);;;;;;;;;;;;;;;;
Lanzamientos judiciales practicados (2013);100%;5.020 ;;;;;;;;;;;;;;
Como consecuencia de ejecuciones hipotecarias;29,9%;1.501;;;;;;;;;;;;;;
Como consecuencia de la Ley de Arrendamientos Urbanos;62,5%;3.137;;;;;;;;;;;;;;
Lanzamientos judiciales practicados (2017);100%;3.416 ;;;;;;;;;;;;;;
Como consecuencia de ejecuciones hipotecarias;19,1%;654;;;;;;;;;;;;;;
Como consecuencia de la Ley de Arrendamientos Urbanos;79,4%;2.713;;;;;;;;;;;;;;
1.11. MEDIO AMBIENTE Y RESIDUOS;;;;;;;;;;;;;;;;
1.11.1. Contaminantes del aire (2017);;;;;;;;;;;;;;;;
Partículas suspensión PM2.5 (µgr/m3) -Valor límite: 25 µgr/m3-;;10,2;;;;;;;;;;;;;;
Partículas suspensión PM10 (µgr/m3) -Valor límite: 40 µgr/m3-;;20,1;;;;;;;;;;;;;;
Dióxido de azufre - SO2 (µgr/m3) -Valor límite: 125 µgr/m3-;;7,0;;;;;;;;;;;;;;
Monóxido de carbono - CO2 (mg/m3) -Valor límite: 10 µgr/m3-;;0,4;;;;;;;;;;;;;;
Ozono - O3 (µgr/m3) -Valor límite: 120 µgr/m3-;;48,0;;;;;;;;;;;;;;
Dióxido de nitrógeno - NO2 (µgr/m3) -Valor límite: 40 µgr/m3-;;42,0;;;;;;;;;;;;;;
Temperatura media anual (ºC);;16,6º;;;;;;;;;;;;;;
Protocolo de contaminación: nº de episodios (2018);;4;;;;;;;;;;;;;;
"Protocolo de contaminación: nº de días ""Escenario 1"" (2018)";;7;;;;;;;;;;;;;;
1.11.2. Recogida domiciliaria de resíduos sólidos: envases y resto (2017);;;;;;;;;;;;;;;;
kg/habitante/año;;357;;626;;;;;;;;;;;;
kg/habitante/día;;0,978;;1,715;;;;;;;;;;;;
1.12. SEGURIDAD;;;;;;;;;;;;;;;;
Intervenciones de la Policía Municipal en materia de seguridad (2018);;;;;;;;;;;;;;;;
Relacionadas con las personas;;5.402;7,4%;398;;;;;;;;;;;;
Relacionadas con la tenencia de armas;;805;35,7%;287;;;;;;;;;;;;
Relacionadas con el patrimonio;;6.525;9,2%;602;;;;;;;;;;;;
Relacionadas con la tenencia y consumo de drogas;;8.750;26,0%;2277;;;;;;;;;;;;
Expedientes instruidos por Agentes Tutores;;635;22,2%;141;;;;;;;;;;;;
Atestados/partes de accidentes de tráfico confeccionados;;16.229;6,5%;1.055;;;;;;;;;;;;
Detenidos e investigados de la Policía Municipal en materia de seguridad (2018);;;;;;;;;;;;;;;;
Total detenidos e investigados;100%;9.010;14,3%;1292;;;;;;;;;;;;
Lesiones;4,4%;396;;;;;;;;;;;;;;
Violencia doméstica y de género;8,8%;790;;;;;;;;;;;;;;
Malos tratos a menores;0,9%;80;;;;;;;;;;;;;;
Abusos y agresiones sexuales;0,9%;81;;;;;;;;;;;;;;
Hurtos;10,5%;945;;;;;;;;;;;;;;
Robo con violencia e intimidación en personas;1,6%;144;;;;;;;;;;;;;;
Contra la salud pública;2,9%;257;;;;;;;;;;;;;;
Contra la seguridad vial;41,7%;3.758;;;;;;;;;;;;;;
1.13. RESULTADOS ELECCIONES LOCALES (2015);;;;;;;;;;;;;;;;
Censo electoral;100,0%;2.388.047;100%;99.235;100%;17.550;100%;31.942;100%;8.203;100%;12.523;100%;23.579;100,0%;5.438
Abstención;31,2%;743.954;34,2%;33.986;31,1%;5.450;35,9%;11.454;34,2%;2.809;33,8%;4.237;33,6%;7.932;38,7%;2.104
Votos blancos;0,7%;15.825;0,4%;433;0,5%;89;0,4%;120;0,6%;48;0,5%;65;0,4%;95;0,3%;16
Votos a candidaturas;67,7%;1.616.217;65,0%;64.482;68,0%;11.941;63,4%;20.259;64,9%;5.323;65,3%;8.181;65,6%;15.478;60,7%;3.300
PP;23,6%;564.154;17,3%;17.208;19,6%;3.432;13,2%;4.225;19,5%;1.600;21,6%;2.700;17,8%;4.190;19,5%;1.061
PSOE;10,4%;249.286;7,0%;6.906;7,0%;1.232;7,4%;2.367;6,5%;530;6,3%;784;7,1%;1.669;6,0%;324
Ahora Madrid;21,8%;519.721;32,1%;31.900;32,2%;5.651;35,6%;11.385;29,9%;2.450;27,6%;3.462;31,8%;7.505;26,6%;1.447
Ciudadanos;7,8%;186.487;5,3%;5.275;5,9%;1.042;3,9%;1.255;6,0%;496;6,6%;831;5,8%;1.356;5,4%;295
1.14. SERVICIOS Y EQUIPAMIENTOS MUNICIPALES;;;;;;;;;;;;;;;;
1.14.1. Servicios Sociales Municipales (2019);;;;;;;;;;;;;;;;
Centros de Servicios Sociales;;39;7,7%;3;;1;;1;;0;;0;;1;;0
Centros Municipales de Mayores ;;90;4,4%;4;;1;;1;;0;;1;;1;;0
Centros de Día de Alzheimer y Físicos;;89;5,6%;5;;0;;3;;0;;1;;1;;0
Apartamentos Municipales para Mayores;;2;50,0%;1;;1;;0;;0;;0;;0;;0
Residencias para personas Mayores ;;3;0,0%;0;;0;;0;;0;;0;;0;;0
Centros de Apoyo a las Familias (CAF);;7;14,3%;1;;0;;0;;0;;1;;0;;0
Centros de Atención a la Infancia (CAI);;13;7,7%;1;;1;;0;;0;;0;;0;;0
Centro de Día de Atención a Niños y Niñas (de 3 a 12 años);;28;10,7%;3;;0;;2;;0;;0;;1;;0
Espacios de Ocio para Adolescentes (El Enredadero);;5;20,0%;1;;1;;0;;0;;0;;0;;0
Centros de Adolescentes y Jóvenes (ASPA) ;;9;0,0%;0;;0;;0;;0;;0;;0;;0
Centros para personas sin hogar;;12;8,3%;1;;0;;0;;0;;0;;1;;0
1.14.2. Género (2019);;;;;;;;;;;;;;;;
Espacios de Igualdad;;13;0,0%;0;;0;;0;;0;;0;;0;;0
1.14.3. Salud (2019);;;;;;;;;;;;;;;;
Centros Municipales de Salud Comunitaria (CMSC);;16;6,3%;1;;0;;0;;0;;0;;0;;1
Centros de Atención a las Adicciones (CAD y CCAD);;10;10,0%;1;;0;;0;;0;;1;;0;;0
1.14.4. Cultura (2019);;;;;;;;;;;;;;;;
Nº de Bibliotecas Municipales;;34;11,8%;4;;1;;1;;0;;1;;1;;0
Nº de Bibliotecas Comunidad Madrid;;16;6,3%;1;;0;;1;;0;;0;;0;;0
Nº de Centros Culturales;;108;5,6%;6;;1;;2;;1;;0;;2;;0
1.14.5. Deportes (2019);;;;;;;;;;;;;;;;
Centros deportivos Municipales;;72;2,8%;2;0,0%;0;0,0%;0;0,0%;0;100,0%;2;0,0%;0;0,0%;0
Superficie deportiva m2 (2017);;2.074.404;0,0%;0;;;;;;;;;;;;
Instalaciones deportivas básicas;;477;1,0%;5;40,0%;2;20,0%;1;0,0%;0;20,0%;1;20,0%;1;0,0%;0
Acceso controlado (2017);;97;1,0%;1;;;;;;;;;;;;
Campos de fútbol 11;;21;0,0%;0;;0;;0;;0;;0;;0;;0
Pista de atletismo ;;7;0,0%;0;;0;;0;;0;;0;;0;;0
Piscinas cubiertas;;49;2,0%;1;;0;;0;;0;;1;;0;;0
Piscinas de verano;;23;0,0%;0;;0;;0;;0;;0;;0;;0
1.14.6. Zonas verdes (2016);;;;;;;;;;;;;;;;
Zonas verdes (Ha);;6.219,15;0,7%;44,87;;;;;;;;;;;;
"Relación de zona verde (m2)/habitante (deseables 15m2/hab; mínimo 10m2/hab)";;19,30;;3,39;;;;;;;;;;;;
1.14.7. Educación (Curso académico 2018-2019);;;;;;;;;;;;;;;;
Escuelas Infantiles Municipales (2019);;56;8,9%;5;;1;;1;;0;;2;;1;;0
Escuelas Infantiles Públicas CAM;;150;4,0%;6;;;;;;;;;;;;
Escuelas Infantiles Privadas;;419;0,7%;3;;;;;;;;;;;;
Colegios Públicos Infantil y Primaria (+ 3 centros con Secundaria);;247;3,6%;9;;;;;;;;;;;;
Institutos Públicos de Educación Secundaria;;112;5,4%;6;;;;;;;;;;;;
Colegios Privados Inf. o Pri. o Inf. y Pri.;;88;5,7%;5;;;;;;;;;;;;
Colegios Privados Inf., Pri. y Sec. o Pri. y Sec. ;;274;2,6%;7;;;;;;;;;;;;
1.14.8. Empresa y Comercio (2019);;;;;;;;;;;;;;;;
Mercados Municipales;;45;13,3%;6;;1;;2;;0;;2;;1;;0
1.15. PARTICIPACIÓN CIUDADANA ;;;;;;;;;;;;;;;;
1.15.1. Entidades de participación ciudadana (2019) ;;;;;;;;;;;;;;;;
Asociaciones (Sección 1ª);;2.412;11,4%;276;19,2%;53;29,7%;82;9,1%;25;12,0%;33;12,7%;35;17,4%;48
Nº de asociaciones culturales y casas regionales;;489;20,2%;99;23,2%;23;25,3%;25;6,1%;6;11,1%;11;11,1%;11;23,2%;23
Nº de asociaciones de mujeres;;75;16,0%;12;16,7%;2;25,0%;3;8,3%;1;33,3%;4;8,3%;1;8,3%;1
Nº de asociaciones de vecinos;;221;7,7%;17;17,6%;3;58,8%;10;0,0%;0;5,9%;1;11,8%;2;5,9%;1
Fundaciones (Sección 2ª);;24;4,2%;1;0,0%;0;0,0%;0;0,0%;0;100,0%;1;0,0%;0;0,0%;0
1.15.2 Decide Madrid;;;;;;;;;;;;;;;;
Presupuestos participativos 2018: nº propuestas;;3.323;5,0%;167;;;;;;;;;;;;
Presupuestos participativos 2018: nº participantes;;115.594;3,7%;4.247;;;;;;;;;;;;
Votación ciudadana 2017: nº votaciones;;217.323;6,6%;14.249;;;;;;;;;;;;
;;;;;;;;;;;;;;;;
;;;;;;;;;;;;;;;;
1.16. PRESUPUESTO 2019;;;;;;;;;;;;;;;;
PROGRAMA;;CAPÍTULOS;;;;;;;;;;;;;;
;;1;;2;;3;;4;;5;;6;;7;;TOTAL
OTRAS ACTUACIONES EN VÍAS PÚBLICAS;153.22;;;30.747 €;;;;;;;;;;;;30.747 €
FAMILIA E INFANCIA;231.02;;;328.784 €;;;;188.411 €;;;;;;;;517.195 €
PERSONAS MAYORES Y SERVICIOS SOCIALES;231.03;;;9.888.991 €;;;;131.351 €;;;;;;14.329 €;;10.034.671 €
INTEGRACIÓN COMUNITARIA Y EMERGENCIA SOCIAL;231.06;2.585.826 €;;1.915.407 €;;;;142.882 €;;;;24.000 €;;11.000 €;;4.679.115 €
SALUBRIDAD PÚBLICA;311.01;1.112.901 €;;3.558 €;;;;;;;;;;;;1.116.459 €
CENTROS DOCENTES ENSEÑANZA INFANTIL Y PRIMARIA;323.01;;;2.316.594 €;;;;;;;;330.000 €;;;;2.646.594 €
ABSENTISMO;325.01;;;51.845 €;;;;;;;;;;;;51.845 €
SERVICIOS COMPLEMENTARIOS EDUCACIÓN;326.01;;;269.035 €;;;;;;;;;;;;269.035 €
ACTIVIDADES CULTURALES;334.01;386.581 €;;671.361 €;;;;;;;;;;;;1.057.942 €
ACTUACIONES DEPORTIVAS EN DISTRITOS;341.01;;;61.500 €;;;;;;;;;;;;61.500 €
INSTALACIONES DEPORTIVAS;342.01;86.134 €;;23.090 €;;;;150.257 €;;;;230.000 €;;;;489.481 €
CONSUMO;493.00;298.786 €;;132.925 €;;;;;;;;;;;;431.711 €
CONCEJALÍA-PRESIDENCIA DEL DISTRITO;912.2;337.974 €;;;;;;;;;;;;;;337.974 €
DIREC. Y GESTIÓN ADMTVA. DEL DISTRITO;920.01;4.906.840 €;;767.361 €;;;;;;;;;;;;5.674.201 €
PARTICIPACIÓN CIUDADANA Y VOLUNTARIADO;924.01;;;2.000 €;;;;173.960 €;;;;97.531 €;;5.000 €;;278.491 €
EDIFICIOS;933.02;;;1.707.600 €;;;;;;;;430.000 €;;;;2.137.600 €
CENTRO 001;;9.715.042 €;;18.170.798 €;;0 €;;786.861 €;;0 €;;1.111.531 €;;30.329 €;;29.814.561 €
SECCIÓN 201;;9.715.042 €;;18.170.798 €;;0 €;;786.861 €;;0 €;;1.111.531 €;;30.329 €;;29.814.561 €
