17. VILLAVERDE. INFORMACIÓN DE DISTRITO Y BARRIOS;;;;;;;;;;;;;;;;;
 ;CIUDAD;;VILLAVERDE;;Villaverde Alto, C.H. Villaverde;;San Cristóbal;;Butarque;;Los Rosales;;Los Ángeles;;;;
1.1 CARACTERÍSTICAS GENERALES DEL DISTRITO-BARRIO;;;;;;;;;;;;;;;;;
Superficie (Ha.) ;;60.445,52;2.018,76;;925,36;;108,25;;637,55;;154,07;;193,53;;;;
Densidad (hab./Ha.) ;;53,30;72,09;;47,87;;143,17;;28,65;;239,98;;157,51;;;;
1.2. LA POBLACIÓN DEL DISTRITO;;;;;;;;;;;;;;;;;
1.2.1. Estructura de la población (01/01/2018);;;;;;;;;;;;;;;;;
Sexo de la población;100%;3.221.824;4,5%;145.523;30,4%;44.299;10,6%;15.498;12,6%;18.268;25,4%;36.975;20,9%;30.483;;;
Hombres;46,6%;1.500.340;47,8%;69.552;47,7%;21.139;48,6%;7.527;48,5%;8.859;48,3%;17.874;46,4%;14.153;;;
Mujeres;53,4%;1.721.484;52,2%;75.971;52,3%;23.160;51,4%;7.971;51,5%;9.409;51,7%;19.101;53,6%;16.330;;;
Edad media de la población;;44,12;;42,18;;42,28;;39,13;;35,54;;42,17;;47,60;;;
De 0 a 14 años;13,5%;435.302;15,8%;22.968;15,3%;6.778;18,2%;2.828;24,1%;4.397;14,8%;5.458;11,5%;3.507;;;
De 15 a 29;15,3%;492.310;16,3%;23.772;17,0%;7.530;19,1%;2.961;13,4%;2.439;17,2%;6.342;14,8%;4.500;;;
De 30 a 44;23,1%;745.852;22,4%;32.527;21,6%;9.576;23,6%;3.663;30,6%;5.594;20,9%;7.745;19,5%;5.949;;;
De 45 a 64;27,7%;891.569;27,7%;40.366;28,7%;12.704;25,3%;3.916;23,4%;4.270;30,4%;11.238;27,0%;8.238;;;
De 65 a 79;13,0%;419.069;11,0%;16.046;10,6%;4.690;6,5%;1.013;6,5%;1.180;11,4%;4.208;16,3%;4.955;;;
De 80 y + ;7,4%;237.722;6,8%;9.844;6,8%;3.021;7,2%;1.117;2,1%;388;5,4%;1.984;10,9%;3.334;;;
De 65 y +;20,4%;656.791;17,8%;25.890;17,4%;7.711;13,7%;2.130;8,6%;1.568;16,7%;6.192;27,2%;8.289;;;
Población en etapa educativa (De 3 a 16 años -16 no incluidos-);11,7%;375.923;13,9%;20.170;13,3%;5.902;15,3%;2.369;21,3%;3.893;13,3%;4.930;10,1%;3.076;;;
Proporción de juventud (Población de 0-15 años/Población total);14,4%;;16,8%;;16,3%;;19,3%;;25,2%;;15,9%;;12,4%;;;;
Proporción de envejecimiento (Población > 65 años/Población total);20,4%;;17,8%;;17,4%;;13,7%;;8,6%;;16,7%;;27,2%;;;;
Proporción de sobreenvejecimiento (Población > 80 años/Población >65 años);36,2%;;38,0%;;39,2%;;52,4%;;24,7%;;32,0%;;40,2%;;;;
Índice de envejecimiento activo (2017);;37,0;;;;;;;;;;;;;;;
Hombres;;38,6;;;;;;;;;;;;;;;
Mujeres;;35,8;;;;;;;;;;;;;;;
Proporción de dependencia (Población de 0-15 + población 65 y + / Pob. 16-64) ;53,3%;;52,9%;;50,9%;;49,2%;;50,9%;;48,4%;;65,5%;;;;
Personas con nacionalidad española;86,9%;2.799.105;82,0%;119.276;81,7%;36.204;69,8%;10.815;86,7%;15.833;82,1%;30.356;85,5%;26.068;;;
Personas con nacionalidad española HOMBRES;46,6%;1.304.453;47,5%;56.683;47,3%;17.132;47,2%;5.108;49,0%;7.761;48,0%;14.580;46,4%;12.102;;;
Personas con nacionalidad española MUJERES;53,4%;1.494.652;52,5%;62.593;52,7%;19.072;52,8%;5.707;51,0%;8.072;52,0%;15.776;53,6%;13.966;;;
Personas con nacionalidad extranjera;13,1%;422.700;18,0%;26.244;18,3%;8.094;30,2%;4.682;13,3%;2.435;17,9%;6.618;14,5%;4.415;;;
Personas con nacionalidad extranjera HOMBRES;46,3%;195.876;49,0%;12.868;49,5%;4.007;51,6%;2.418;45,1%;1.098;49,8%;3.294;46,5%;2.051;;;
Personas con nacionalidad extranjera MUJERES;53,7%;226.824;51,0%;13.376;50,5%;4.087;48,4%;2.264;54,9%;1.337;50,2%;3.324;53,5%;2.364;;;
Proporción de inmigrantes (Extranjeros menos UE y resto países de OCDE / Población total);9,0%;;14,1%;;13,8%;;26,9%;;9,2%;;13,7%;;11,2%;;;;
1ª Nacionalidad Extranjera en el Distrito: RUMANIA (proporción respecto total extranjeros);10,8%;45.718;13,9%;3.638;16,9%;1.367;6,1%;286;16,3%;398;14,4%;950;14,4%;637;;;
2ª Nacionalidad Extranjera en el Distrito: MARRUECOS (proporción respecto total extranjeros);5,2%;21.781;12,5%;3.284;12,2%;989;21,9%;1.024;9,0%;220;11,0%;730;7,3%;321;;;
1.2.2. Estructura de los hogares (01-01-2018);;;;;;;;;;;;;;;;;
Nº total de hogares;100%;1.278.258;4,1%;52.596;30,8%;16.209;9,6%;5.063;12,1%;6.389;24,9%;13.100;22,5%;11.835;;;
Tamaño medio del hogar;;2,52;;2,77;;2,73;;3,06;;2,86;;2,82;;2,58;;;
Hogares con una mujer sola >65 años;9,8%;124.815;8,9%;4.697;8,9%;1.441;10,4%;526;3,4%;220;7,4%;968;13,0%;1.542;;;
Hogares con un hombre solo >65 años;2,8%;35.963;2,4%;1.278;2,3%;374;2,8%;143;1,1%;72;2,4%;310;3,2%;379;;;
Hogares monoparentales: una mujer adulta con uno o más menores;2,1%;27.460;2,6%;1.360;2,7%;435;2,4%;124;4,7%;298;2,2%;286;1,8%;217;;;
Hogares monoparentales: un hombre adulto con uno o más menores;0,4%;5.488;0,4%;227;0,4%;66;0,3%;17;0,8%;54;0,5%;60;0,3%;30;;;
1.2.3. Dinámica demográfica;;;;;;;;;;;;;;;;;
Tasa bruta de natalidad 2017 (‰);;9,00;;9,97;;10,37;;13,56;;12,67;;8,82;;7,38;;;
Tasa de crecimiento demográfico 2017 (‰);;1,24;;2,02;;1,94;;2,03;;5,76;;1,36;;0,76;;;
Esperanza de vida al nacer MUJERES (mortalidad del periodo 2009-2012);;85,9;;85,4;;85,1;;83,0;;84,3;;85,9;;86,7;;;
Esperanza de vida al nacer HOMBRES (mortalidad del periodo 2009-2012);;79,9;;79,5;;78,7;;79,2;;79,5;;80,4;;79,5;;;
Esperanza de vida al nacer MUJERES (2017);;87,1;;87,7;;;;;;;;;;;;;
Esperanza de vida al nacer HOMBRES (2017);;82,0;;81,6;;;;;;;;;;;;;
Esperanza de vida > 65 años MUJERES (2017);;24,3;;24,8;;;;;;;;;;;;;
Esperanza de vida > 65 años HOMBRES (2017);;20,3;;20,1;;;;;;;;;;;;;
1.2.4. Mujeres y hombres;;;;;;;;;;;;;;;;;
Índice de desigualdad de género (2017);;0,816;;;;;;;;;;;;;;;
Índice de desigualdad de género (2007);;0,738;;;;;;;;;;;;;;;
1.3. INDICADORES ECONÓMICOS ;;;;;;;;;;;;;;;;;
Renta neta media anual de los hogares (Urban Audit). 2015;;38.534,6 €;69%;26.599,0 €;94%;24.884,4 €;74%;19.587,1 €;113%;30.153,3 €;107%;28.416,1 €;106%;28.062,4 €;;;
Renta disponible Bruta Per Cápita 2014(a);;21.145,9 €;;15.926,0 €;;;;;;;;;;;;;
Crecimiento/decrecimiento Renta Bruta Per Cápita 2014(a)-2008;-0,2%;-40,4 €;-4,4%;-731,2 €;;;;;;;;;;;;;
Pensión media mensual del Distrito HOMBRES (2015);;1.376,2 €;;1.248,6 €;;;;;;;;;;;;;
Pensión media mensual del Distrito MUJERES (2015);;858,8 €;;712,5 €;;;;;;;;;;;;;
1.4. INDICADORES DE DESEMPLEO;;;;;;;;;;;;;;;;;
Tasa de actividad global ciudad de Madrid (EPA. 3º trimestre 2018);61,2%;;;;;;;;;;;;;;;;
Hombres ;66,4%;;;;;;;;;;;;;;;;
Mujeres;56,8%;;;;;;;;;;;;;;;;
Número de parados ciudad de Madrid (EPA. 3º trimestre 2018) (miles);;200,1;;;;;;;;;;;;;;;
Hombres (miles);;97,3;;;;;;;;;;;;;;;
Mujeres (miles);;102,8;;;;;;;;;;;;;;;
Paro registrado (nº de personas registradas en SEPE en agosto 2018);;167.871;6,4%;10.733;34,1%;3.657;13,5%;1.454;9,9%;1.061;22,8%;2.451;18,3%;1.966;;;
Tasa absoluta de paro registrado (agosto 2018);7,9%;;11,0%;;12,4%;;13,8%;;8,7%;;9,8%;;10,6%;;;;
Tasa absoluta de paro registrado MUJERES;8,6%;;12,3%;;13,6%;;15,4%;;10,5%;;11,0%;;11,7%;;;;
De 16 a 24 años;4,6%;;7,9%;;10,3%;;8,6%;;5,0%;;7,2%;;6,1%;;;;
De 25 a 44 años;8,3%;;12,6%;;14,1%;;15,9%;;10,6%;;11,4%;;11,4%;;;;
De 45 a 64 años;10,1%;;13,5%;;14,1%;;17,7%;;12,0%;;11,8%;;13,6%;;;;
Tasa absoluta de paro registrado HOMBRES ;7,1%;;9,7%;;11,2%;;12,2%;;6,6%;;8,6%;;9,5%;;;;
De 16 a 24 años;4,5%;;7,2%;;9,1%;;6,6%;;6,7%;;5,4%;;7,3%;;;;
De 25 a 44 años;6,1%;;8,5%;;10,1%;;10,5%;;5,1%;;7,9%;;8,4%;;;;
De 45 a 64 años;9,1%;;11,8%;;12,9%;;16,7%;;8,7%;;10,3%;;11,2%;;;;
Parados de larga duración (agosto 2018);41,0%;68.898;41,8%;4.489;;;;;;;;;;;;;
Hombres;40,4%;27.816;39,7%;1.784;;;;;;;;;;;;;
Mujeres ;59,6%;41.082;60,3%;2.705;;;;;;;;;;;;;
Parados que SÍ perciben prestaciones (agosto 2018);37,3%;62.541;30,5%;3.273;;;;;;;;;;;;;
Hombres;47,0%;29.412;49,8%;1.629;;;;;;;;;;;;;
Mujeres ;53,0%;33.129;50,2%;1.644;;;;;;;;;;;;;
Parados que NO perciben prestaciones (agosto 2018);62,7%;105.330;69,5%;7.460;;;;;;;;;;;;;
Hombres;40,7%;42.906;39,8%;2.969;;;;;;;;;;;;;
Mujeres ;59,3%;62.424;60,2%;4.491;;;;;;;;;;;;;
1.5. EDUCACIÓN;;;;;;;;;;;;;;;;;
1.5.1. Población en etapas educativas (01/01/2018);100,0%;463.011;100,0%;24.455;100,0%;7.230;100,0%;2.984;100,0%;4.596;100,0%;5.875;100,0%;3.770;;;
0 a 2 años;18,8%;87.088;17,5%;4.285;18,4%;1.328;20,6%;615;15,3%;703;16,1%;945;18,4%;694;;;
Infantil (3 a 5 años);18,7%;86.699;17,8%;4.343;17,7%;1.279;20,3%;607;18,1%;832;16,4%;962;17,6%;663;;;
Primaria (6 a 11 años);38,2%;176.730;40,2%;9.836;39,3%;2.838;37,6%;1.121;45,5%;2.093;39,4%;2.316;38,9%;1.468;;;
Secundaria (12 a 15 años);24,3%;112.494;24,5%;5.991;24,7%;1.785;21,5%;641;21,1%;968;28,1%;1.652;25,1%;945;;;
Etapas educativas. Total niños;51,2%;237.098;51,7%;12.641;51,1%;3.698;53,4%;1.594;51,7%;2.375;52,3%;3.070;50,5%;1.904;;;
0 a 2 años;18,8%;44.551;17,4%;2.194;18,7%;690;21,1%;337;14,5%;344;15,9%;487;17,6%;336;;;
Infantil (3 a 5 años);18,8%;44.489;17,7%;2.239;17,5%;646;21,6%;345;18,2%;432;15,8%;484;17,4%;332;;;
Primaria (6 a 11 años);38,2%;90.647;40,5%;5.114;39,3%;1.455;36,8%;587;45,9%;1091;39,5%;1.214;40,3%;767;;;
Secundaria (12 a 15 años);24,2%;57.411;24,5%;3.094;24,5%;907;20,4%;325;21,4%;508;28,8%;885;24,6%;469;;;
Etapas educativas. Total niñas;48,8%;225.913;48,3%;11.814;48,9%;3.532;46,6%;1.390;48,3%;2.221;47,7%;2.805;49,5%;1.866;;;
0 a 2 años;18,8%;42.537;17,7%;2.091;18,1%;638;20,0%;278;16,2%;359;16,3%;458;19,2%;358;;;
Infantil (3 a 5 años);18,7%;42.210;17,8%;2.104;17,9%;633;18,8%;262;18,0%;400;17,0%;478;17,7%;331;;;
Primaria (6 a 11 años);38,1%;86.083;40,0%;4.722;39,2%;1.383;38,4%;534;45,1%;1002;39,3%;1.102;37,6%;701;;;
Secundaria (12 a 15 años);24,4%;55.083;24,5%;2.897;24,9%;878;22,7%;316;20,7%;460;27,3%;767;25,5%;476;;;
1.5.2. Escolarización de alumnos por tipo de centro (año escolar 2016/17);100%;510.340;100%;23.041;;;;;;;;;;;;;
En centros PRIVADOS CONCERTADOS;43,3%;220.761;30,7%;7.084;;;;;;;;;;;;;
En centros PRIVADOS SIN CONCIERTO;17,5%;89.197;5,4%;1.246;;;;;;;;;;;;;
En centros PÚBLICOS;39,3%;200.382;63,8%;14.711;;;;;;;;;;;;;
Total alumnos extranjeros;10,3%;52.588;15,2%;3.509;;;;;;;;;;;;;
En centros PRIVADOS CONCERTADOS;34,7%;18.249;30,0%;1.053;;;;;;;;;;;;;
En centros PRIVADOS SIN CONCIERTO;8,6%;4.514;1,1%;37;;;;;;;;;;;;;
En centros PÚBLICOS;56,7%;29.825;68,9%;2.419;;;;;;;;;;;;;
Total alumnos con necesidades de apoyo educativo;3,9%;19.911;3,6%;823;;;;;;;;;;;;;
En centros PRIVADOS CONCERTADOS;50,1%;9.977;32,7%;269;;;;;;;;;;;;;
En centros PRIVADOS SIN CONCIERTO;3,8%;764;0,0%;0;;;;;;;;;;;;;
En centros PÚBLICOS;46,1%;9.170;67,3%;554;;;;;;;;;;;;;
1.5.3. Nivel de estudios de la población ≥ 25 años (01/01/2018);;;;;;;;;;;;;;;;;
No sabe leer ni escribir o sin estudios;5,2%;129.614;9,8%;10.508;11,9%;3.916;12,5%;1.355;5,7%;702;9,0%;2.461;8,6%;2.074;;;
Primaria incompleta;12,1%;301.397;18,2%;19.511;19,0%;6.233;21,6%;2.338;11,0%;1.357;17,1%;4.664;20,3%;4.919;;;
Bachiller Elemental, Graduado Escolar, ESO, Formación profesional 1º grado;26,5%;659.083;38,4%;41.229;39,1%;12.826;44,8%;4.854;37,3%;4.591;37,8%;10.299;35,8%;8.659;;;
Formación profesional 2º grado, Bachiller Superior o BUP;19,1%;475.507;18,5%;19.827;17,1%;5.618;13,4%;1.455;23,1%;2.848;19,5%;5.311;19,0%;4.595;;;
Titulados medios, diplomados, arquitecto o ingeniero técnico;9,7%;240.663;6,0%;6.494;5,0%;1.652;2,8%;302;9,7%;1.199;6,5%;1.778;6,5%;1.563;;;
Estudios superiores, licenciado, arquitecto o ingeniero superior, estudios superiores no universitarios, doctorado, estudios postgraduados;27,3%;681.198;9,1%;9.731;7,8%;2.546;4,8%;522;13,1%;1.612;9,9%;2.689;9,8%;2.362;;;
Nivel de estudios desconocido y no consta;0,1%;3.467;0,1%;135;0,1%;47;0,1%;10;0,1%;7;0,1%;31;0,2%;40;;;
1.5.4. Programa de prevención y control del absentismo escolar;;;;;;;;;;;;;;;;;
Casos trabajados por el programa de absentismo municipal (curso escolar 2017-2018);100,0%;3.901;9,1%;354;;;;;;;;;;;;;
Casos trabajados HOMBRES;50,1%;1.955;51,4%;182;;;;;;;;;;;;;
Casos trabajados MUJERES;49,9%;1.946;48,6%;172;;;;;;;;;;;;;
1.6. SALUD;;;;;;;;;;;;;;;;;
1.6.1. Hábitos y estilos de vida (2017. Estudio Madrid Salud);;;;;;;;;;;;;;;;;
Sedentarismo;30,0%;;33,4%;;;;;;;;;;;;;;
Sedentarismo HOMBRES ;25,2%;;;;;;;;;;;;;;;;
Sedentarismo MUJERES ;34,0%;;;;;;;;;;;;;;;;
Consumo de tabaco diario;18,9%;;19,5%;;;;;;;;;;;;;;
Consumo de tabaco diario HOMBRES;20,2%;;;;;;;;;;;;;;;;
Consumo de tabaco diario MUJERES ;17,9%;;;;;;;;;;;;;;;;
Consumo de medicamentos ;66,3%;;64,8%;;;;;;;;;;;;;;
Consumo de medicamentos HOMBRES  ;62,4%;;;;;;;;;;;;;;;;
Consumo de medicamentos MUJERES ;69,7%;;;;;;;;;;;;;;;;
1.6.2. Indicadores de nivel de salud (2017. Estudio Madrid Salud);;;;;;;;;;;;;;;;;
Autopercepción de buen estado de salud  (% respuesta muy buena + buena);72,3%;;65,2%;;;;;;;;;;;;;;
Autopercepción de buen estado de salud HOMBRES ;77,4%;;;;;;;;;;;;;;;;
Autopercepción de buen estado de salud MUJERES ;68,0%;;;;;;;;;;;;;;;;
Calidad de vida relacionada con la salud (CVRS) ;20,2%;;21,1%;;;;;;;;;;;;;;
Calidad de vida relacionada con la salud (CVRS) HOMBRES;19,0%;;;;;;;;;;;;;;;;
Calidad de vida relacionada con la salud (CVRS) MUJERES;21,1%;;;;;;;;;;;;;;;;
Presencia de enfermedad crónica ;39,8%;;42,5%;;;;;;;;;;;;;;
Presencia de enfermedad crónica HOMBRES ;36,6%;;;;;;;;;;;;;;;;
Presencia de enfermedad crónica MUJERES;42,4%;;;;;;;;;;;;;;;;
Hipertensión arterial;18,8%;;19,7%;;;;;;;;;;;;;;
Hipertensión arterial HOMBRES;19,7%;;;;;;;;;;;;;;;;
Hipertensión arterial MUJERES;18,1%;;;;;;;;;;;;;;;;
Diabetes Mellitus;6,0%;;6,0%;;;;;;;;;;;;;;
Diabetes Mellitus HOMBRES;6,9%;;;;;;;;;;;;;;;;
Diabetes Mellitus MUJERES;5,3%;;;;;;;;;;;;;;;;
Personas con obesidad ;12,2%;;15,3%;;;;;;;;;;;;;;
Personas con obesidad HOMBRES ;13,3%;;;;;;;;;;;;;;;;
Personas con obesidad MUJERES;11,2%;;;;;;;;;;;;;;;;
Personas con sobrepeso;33,5%;;34,3%;;;;;;;;;;;;;;
Personas con sobrepeso HOMBRES;41,1%;;;;;;;;;;;;;;;;
Personas con sobrepeso MUJERES;27,0%;;;;;;;;;;;;;;;;
Personas mayores de 65 años con alguna dependencia funcional;32,4%;;32,8%;;;;;;;;;;;;;;
Alguna dependencia funcional HOMBRES ;39,1%;;;;;;;;;;;;;;;;
Alguna dependencia funcional MUJERES;48,6%;;;;;;;;;;;;;;;;
Probabilidad de padecer enfermedad mental (GHQ-12);21,1%;;26,4%;;;;;;;;;;;;;;
Probabilidad de padecer enfermedad mental (GHQ-12) HOMBRES;16,6%;;;;;;;;;;;;;;;;
Probabilidad de padecer enfermedad (GHQ-12) MUJERES;24,9%;;;;;;;;;;;;;;;;
Prevalencia de obesidad en la población infantil (2017. Estudio Madrid Salud. UCM);15,8%;;21,0%;;;;;;;;;;;;;;
1.6.3. Discapacidad reconocida (31/12/2015);;;;;;;;;;;;;;;;;
Nº de personas con grado de discapacidad reconocido;5,6%;180.040;5,9%;8.584;;;;;;;;;;;;;
Hombres;48,1%;86.609;50,8%;4.360;;;;;;;;;;;;;
Mujeres;51,9%;93.431;49,2%;4.224;;;;;;;;;;;;;
Mujeres por cada 100 hombres (Feminización de la discapacidad reconocida);;107,9;;96,9;;;;;;;;;;;;;
1.7. CALIDAD DE VIDA  (2017. Estudio >16 años);;;;;;;;;;;;;;;;;
1.7.1. Calidad de vida y agenda pública (indicador sintético 0-100);;;;;;;;;;;;;;;;;
Satisfacción de vivir en su barrio ;;69,8;;44,2;;;;;;;;;;;;;
Calidad de vida actual en su barrio ;;69,5;;49,0;;;;;;;;;;;;;
Convivencia vecinal;;67,8;;59,6;;;;;;;;;;;;;
1.7.2. Satisfacción con los servicios públicos (escala 0-10);;;;;;;;;;;;;;;;;
Espacios verdes;;6,6;;4,6;;;;;;;;;;;;;
Parques infantiles ;;6,3;;4,3;;;;;;;;;;;;;
Centros culturales;;6,9;;6,3;;;;;;;;;;;;;
Organización de fiestas y eventos populares;;6,7;;6,3;;;;;;;;;;;;;
Instalaciones deportivas;;6,7;;6,0;;;;;;;;;;;;;
Servicios sociales municipales;;6,6;;6,4;;;;;;;;;;;;;
Desigualdad en las dotaciones de los barrios (% respuesta muy alta + alta);82,9%;;88,9%;;;;;;;;;;;;;;
1.7.3. Principales problemas de la ciudadanía (% personas encuestadas);;;;;;;;;;;;;;;;;
1º. Limpieza;41,1%;;76,2%;;;;;;;;;;;;;;
2º. Contaminación del aire;15,0%;;0,0%;;;;;;;;;;;;;;
3º. Tráfico / atascos;10,8%;;0,0%;;;;;;;;;;;;;;
1.7.4. Percepción de seguridad (indicador sintético 0-100);;;;;;;;;;;;;;;;;
Percepción de seguridad en Madrid;;69,0;;57,0;;;;;;;;;;;;;
Percepción de seguridad en el barrio por el día;;75,4;;60,1;;;;;;;;;;;;;
Percepción de seguridad en el barrio por la noche;;61,6;;27,6;;;;;;;;;;;;;
1.7.5. Problemas que afectan a la seguridad en los espacios públicos del distrito (escala 0-10);;;;;;;;;;;;;;;;;
1º. Residuos por excrementos de animales domésticos;;6,7;;8,9;;;;;;;;;;;;;
2º. Consumo o menudeo de drogas;;4,0;;8,5;;;;;;;;;;;;;
3º. Uso indebido de parques y espacios públicos;;4,2;;7,7;;;;;;;;;;;;;
1.7.6. Administración de la ciudad (% de respuesta);;;;;;;;;;;;;;;;;
Medio de información de la actividad del Ayuntamiento: REDES SOCIALES;19,3%;;14,0%;;;;;;;;;;;;;;
Preferencia de contacto con el Ayuntamiento: EN PERSONA;48,6%;;65,7%;;;;;;;;;;;;;;
Percepción sobre la administración del Ayto. en los últimos 5 años: HA MEJORADO;35,3%;;30,1%;;;;;;;;;;;;;;
Percepción sobre la administración del Ayto. en los últimos 5 años: HA EMPEORADO;14,5%;;18,2%;;;;;;;;;;;;;;
1.7.7. Amigabilidad de la ciudad (% respuesta mucho + bastante);;;;;;;;;;;;;;;;;
Madrid ciudad amigable con las personas lesbianas, gays, transexuales y bisexuales;70,8%;;51,1%;;;;;;;;;;;;;;
1.8. INDICADORES DE VULNERABILIDAD;;;;;;;;;;;;;;;;;
1.8.1. Índice de vulnerabilidad territorial (2018);;;;;;;;;;;;;;;;;
Índice de vulnerabilidad territorial;;;;0,0101;;0,0103;;0,0116;;0,0091;;0,0098;;0,0098;;;
Posición en el ranking de distritos y/o barrios de vulnerabilidad territorial;;;;2;;10;;4;;31;;23;;22;;;
1.8.2. Tasa de riesgo de pobleza o exclusión social. Indicador AROPE (2017. Encuesta de Condiciones de Vida);;;;;;;;;;;;;;;;;
Tasa de riesgo de pobleza o exclusión social;26,0%;;;;;;;;;;;;;;;;
Tasa de riesgo de pobleza o exclusión social HOMBRES;23,9%;;;;;;;;;;;;;;;;
Tasa de riesgo de pobleza o exclusión social MUJERES;27,9%;;;;;;;;;;;;;;;;
Tasa de riesgo de pobleza o exclusión social N. ESPAÑOLA (>16 años);22,0%;;;;;;;;;;;;;;;;
Tasa de riesgo de pobleza o exclusión social N. EXTRANJERA UNIÓN EUROPEA (>16 años);18,1%;;;;;;;;;;;;;;;;
Tasa de riesgo de pobleza o exclusión social N. EXTRANJERA RESTO DEL MUNDO (>16 años);63,2%;;;;;;;;;;;;;;;;
1.8.3. Tasa de riesgo de pobreza de los hogares (2016. Estudio de Necesidades Sociales. Hogares);;;;;;;;;;;;;;;;;
Pareja o matrimonio con hijos;;35,7%;;;;;;;;;;;;;;;
Hogar formado por madre con hijos a cargo;;41,1%;;;;;;;;;;;;;;;
Nacido en España;;26,4%;;;;;;;;;;;;;;;
Nacido en un país fuera de la Unión Europea;;39,2%;;;;;;;;;;;;;;;
1.8.4. Situación económica de los hogares (2016. Estudio de Necesidades Sociales. Hogares);;;;;;;;;;;;;;;;;
Dificultad para llegar a fin de mes (% respuesta mucha dificultad + dificultad);;20,0%;;;;;;;;;;;;;;;
Imposibilidad de hacer frente a un gasto imprevisto de 650€;;38,7%;;;;;;;;;;;;;;;
Dificultad para hacer frente a los gastos derivados del suministro energético;;9,5%;;;;;;;;;;;;;;;
Entrevistados que han acudido a Servicios Sociales Municipales para solicitar atención social;;10,0%;;;;;;;;;;;;;;;
1.9. SERVICIOS SOCIALES;;;;;;;;;;;;;;;;;
1.9.1. Población en general (2017);;;;;;;;;;;;;;;;;
Personas atendidas en la Unidad de Primera Atención en Centros de Servicios Sociales;;129.281;4,9%;6.367;;;;;;;;;;;;;
Solicitudes tramitadas de Renta Mínima de Inserción;;6.969;9,2%;638;;;;;;;;;;;;;
Perceptores de prestación de la Renta Mínima de Inserción;;16.219;8,8%;1.425;;;;;;;;;;;;;
Beneficiarios de prestaciones sociales de carácter económico;;13.632;5,5%;756;;;;;;;;;;;;;
Total prestaciones sociales de carácter económico (€);;7.440.030;5,7%;424.935;;;;;;;;;;;;;
1.9.2. Personas Mayores (2017);;;;;;;;;;;;;;;;;
Personas con Servicio de Ayuda a Domicilio (modalidad auxiliar de hogar);;71.238;5,7%;4.075;;;;;;;;;;;;;
Hombres;;16.914;5,9%;992;;;;;;;;;;;;;
Mujeres;;54.324;5,7%;3.083;;;;;;;;;;;;;
Personas socias de los Centros Municipales de Mayores;;325.924;5,3%;17.298;;;;;;;;;;;;;
Hombres;;124.008;5,6%;6.975;;;;;;;;;;;;;
Mujeres ;;201.916;5,1%;10.323;;;;;;;;;;;;;
1.9.3. Menores y Familia (2017);;;;;;;;;;;;;;;;;
Familias atendidas por el Equipo de Trabajo con Menores y Familia (ETMF);;7.519;4,6%;343;;;;;;;;;;;;;
Demandas de intervención en los Centros de Atención a la Infancia (CAI);;2.130;8,0%;170;;;;;;;;;;;;;
Menores atendidos por el Servicio de Ayuda a domicilio a Menores y Familias (SAD) ;;1.361;4,0%;54;;;;;;;;;;;;;
1.10. VIVIENDA;;;;;;;;;;;;;;;;;
1.10.1. PLAN MAD-RE: PLAN ESTRATÉGICO MADRID RECUPERA (Programa de actuaciones 2018-2030);;;;;;;;;;;;;;;;;
Planes Integrales Territoriales de Barrios Apirus;;48;10,4%;5;;;;;;;;;;;;;
Planes Integrales Territoriales de Ordenación y Gestión;;71;9,9%;7;;;;;;;;;;;;;
Proyecto Estratégico Ambiental;;13;7,7%;1;;;;;;;;;;;;;
Proyecto Estratégico de Espacio Público;;140;5,0%;7;;;;;;;;;;;;;
Proyecto Estratégico de Movilidad;;103;10,7%;11;;;;;;;;;;;;;
1.10.2. Estado de las viviendas;;;;;;;;;;;;;;;;;
Nº Total de viviendas (Censo Edificios y Viviendas 2011);100%;1.530.955;100%;61.920;;;;;;;;;;;;;
Viviendas anteriores a 1980;69,4%;1.061.825;65,4%;40.475;;;;;;;;;;;;;
Estado ruinoso;0,2%;3.445;0,2%;140;;;;;;;;;;;;;
Estado malo;0,8%;12.705;1,8%;1.145;;;;;;;;;;;;;
Estado deficiente;4,4%;66.775;5,9%;3.655;;;;;;;;;;;;;
Estado bueno;92,8%;1.420.265;89,5%;55.445;;;;;;;;;;;;;
No consta;1,8%;27.770;2,5%;1.535;;;;;;;;;;;;;
Valor catastral medio de los bienes inmuebles: personas físicas (2018);;91.159,1 €;57,6%;52.525,8 €;98,4%;51.666 €;51,2%;26.877 €;117,3%;61.604 €;99,4%;52.207 €;112,2%;58.943 €;;;
Valor catastral medio de los bienes inmuebles: personas jurídicas (2018);;370.572,5 €;38,3%;141.890,7 €;117,9%;167.226 €;75,9%;107.678 €;110,5%;156.811 €;112,2%;159.256 €;157,0%;222.752 €;;;
Superficie media de la vivienda (m2) en transacción (2017);;84;80,9%;68;97,4%;66;93,1%;63;111,4%;75;95,3%;65;109,7%;74;;;
Duración media del crédito (meses) en transacción de vivienda (2017);;296;104,1%;308;101,3%;312;96,1%;296;89,9%;277;96,1%;296;105,2%;324;;;
1.10.3. Tipología de las viviendas ;;;;;;;;;;;;;;;;;
Nº Total de viviendas familiares (Censo Edificios y Viviendas 2001);100,0%;1.378.931;100%;54.624;100%;17.884;100%;6.286;100%;3.295;100%;14.060;100%;13.099;;;
Principal;78,3%;1.080.306;81,5%;44.504;79,9%;14.296;80,3%;5.046;73,5%;2.421;79,7%;11.212;88,0%;11.529;;;
Secundaria;7,7%;106.192;4,0%;2.159;6,4%;1.143;1,6%;103;3,4%;111;4,5%;639;1,2%;163;;;
Desocupada;12,9%;178.377;14,5%;7.903;13,6%;2.425;18,1%;1.137;23,1%;762;15,6%;2.188;10,6%;1.391;;;
Otro tipo;1,0%;13.998;0,1%;58;0,1%;20;0,0%;0;0,0%;1;0,1%;21;0,1%;16;;;
1.10.4. Lanzamientos judiciales (Consejo General del Poder Judicial);;;;;;;;;;;;;;;;;
Lanzamientos judiciales practicados (2013);100%;5.020;;;;;;;;;;;;;;;
Como consecuencia de ejecuciones hipotecarias;29,9%;1.501;;;;;;;;;;;;;;;
Como consecuencia de la Ley de Arrendamientos Urbanos;62,5%;3.137;;;;;;;;;;;;;;;
Lanzamientos judiciales practicados (2017);100%;3.416;;;;;;;;;;;;;;;
Como consecuencia de ejecuciones hipotecarias;19,1%;654;;;;;;;;;;;;;;;
Como consecuencia de la Ley de Arrendamientos Urbanos;79,4%;2.713;;;;;;;;;;;;;;;
1.11. MEDIO AMBIENTE Y RESIDUOS;;;;;;;;;;;;;;;;;
1.11.1. Contaminantes del aire (2017);;;;;;;;;;;;;;;;;
Partículas suspensión PM2.5 (µgr/m3) -Valor límite: 25 µgr/m3-;;10,2;;;;;;;;;;;;;;;
Partículas suspensión PM10 (µgr/m3) -Valor límite: 40 µgr/m3-;;20,1;;;;;;;;;;;;;;;
Dióxido de azufre - SO2 (µgr/m3) -Valor límite: 125 µgr/m3-;;7,0;;;;;;;;;;;;;;;
Monóxido de carbono - CO2 (mg/m3) -Valor límite: 10 µgr/m3-;;0,4;;;;;;;;;;;;;;;
Ozono - O3 (µgr/m3) -Valor límite: 120 µgr/m3-;;48,0;;;;;;;;;;;;;;;
Dióxido de nitrógeno - NO2 (µgr/m3) -Valor límite: 40 µgr/m3-;;42,0;;;;;;;;;;;;;;;
Temperatura media anual (ºC);;16,6º;;;;;;;;;;;;;;;
Protocolo de contaminación: nº de episodios (2018);;4;;;;;;;;;;;;;;;
"Protocolo de contaminación: nº de días ""Escenario 1"" (2018)";;7;;;;;;;;;;;;;;;
1.11.2. Recogida domiciliaria de resíduos sólidos: envases y resto (2017);;;;;;;;;;;;;;;;;
kg/habitante/año;;357;;287;;;;;;;;;;;;;
kg/habitante/día;;0,978;;0,786;;;;;;;;;;;;;
1.12. SEGURIDAD;;;;;;;;;;;;;;;;;
Intervenciones de la Policía Municipal en materia de seguridad (2018);;;;;;;;;;;;;;;;;
Relacionadas con las personas;;5.402;3,1%;166;;;;;;;;;;;;;
Relacionadas con la tenencia de armas;;805;2,7%;22;;;;;;;;;;;;;
Relacionadas con el patrimonio;;6.525;3,2%;208;;;;;;;;;;;;;
Relacionadas con la tenencia y consumo de drogas;;8.750;4,5%;391;;;;;;;;;;;;;
Expedientes instruidos por Agentes Tutores;;635;0,5%;3;;;;;;;;;;;;;
Atestados/partes de accidentes de tráfico confeccionados;;16.229;2,3%;376;;;;;;;;;;;;;
Detenidos e investigados de la Policía Municipal en materia de seguridad (2018);;;;;;;;;;;;;;;;;
Total detenidos e investigados;100%;9.010;5,2%;470;;;;;;;;;;;;;
Lesiones;4,4%;396;;;;;;;;;;;;;;;
Violencia doméstica y de género;8,8%;790;;;;;;;;;;;;;;;
Malos tratos a menores;0,9%;80;;;;;;;;;;;;;;;
Abusos y agresiones sexuales;0,9%;81;;;;;;;;;;;;;;;
Hurtos;10,5%;945;;;;;;;;;;;;;;;
Robo con violencia e intimidación en personas;1,6%;144;;;;;;;;;;;;;;;
Contra la salud pública;2,9%;257;;;;;;;;;;;;;;;
Contra la seguridad vial;41,7%;3.758;;;;;;;;;;;;;;;
1.13. RESULTADOS ELECCIONES LOCALES (2015);;;;;;;;;;;;;;;;;
Censo electoral;100,0%;2.388.047;100%;98.514;100%;30.310;100%;8.959;100%;10.710;100%;25.151;100%;23.384;;;
Abstención;31,2%;743.954;35,9%;35.363;37,4%;11.335;49,9%;4.473;31,1%;3.326;35,1%;8.820;31,7%;7.409;;;
Votos blancos;0,7%;15.825;0,6%;592;0,6%;196;0,5%;41;0,7%;76;0,6%;146;0,6%;133;;;
Votos a candidaturas;67,7%;1.616.217;62,9%;61.941;61,4%;18.606;49,2%;4.404;67,4%;7.217;63,7%;16.015;67,1%;15.699;;;
PP;23,6%;564.154;14,6%;14.432;13,5%;4.092;10,3%;922;11,4%;1.219;13,8%;3.463;20,3%;4.736;;;
PSOE;10,4%;249.286;15,5%;15.288;16,8%;5.082;15,2%;1.358;13,7%;1.472;15,4%;3.878;15,0%;3.498;;;
Ahora Madrid;21,8%;519.721;22,1%;21.820;21,2%;6.427;16,7%;1.500;27,1%;2.906;23,2%;5.836;22,0%;5.151;;;
Ciudadanos;7,8%;186.487;5,7%;5.578;5,0%;1.515;2,4%;212;9,2%;986;6,4%;1.599;5,4%;1.266;;;
1.14. SERVICIOS Y EQUIPAMIENTOS MUNICIPALES;;;;;;;;;;;;;;;;;
1.14.1. Servicios Sociales Municipales (2019);;;;;;;;;;;;;;;;;
Centros de Servicios Sociales;;39;5,1%;2;;1;;0;;0;;1;;0;;;
Centros Municipales de Mayores ;;90;8,9%;8;;2;;1;;1;;2;;2;;;
Centros de Día de Alzheimer y Físicos;;89;4,5%;4;;2;;0;;1;;1;;0;;;
Apartamentos Municipales para Mayores;;2;0,0%;0;;0;;0;;0;;0;;0;;;
Residencias para personas Mayores ;;3;0,0%;0;;0;;0;;0;;0;;0;;;
Centros de Apoyo a las Familias (CAF);;7;0,0%;0;;0;;0;;0;;0;;0;;;
Centros de Atención a la Infancia (CAI);;13;7,7%;1;;1;;0;;0;;0;;0;;;
Centro de Día de Atención a Niños y Niñas (de 3 a 12 años);;28;7,1%;2;;1;;1;;0;;0;;0;;;
Espacios de Ocio para Adolescentes (El Enredadero);;5;20,0%;1;;0;;0;;0;;1;;0;;;
Centros de Adolescentes y Jóvenes (ASPA) ;;9;11,1%;1;;1;;0;;0;;0;;0;;;
Centros para personas sin hogar;;12;0,0%;0;;0;;0;;0;;0;;0;;;
1.14.2. Género (2019);;;;;;;;;;;;;;;;;
Espacios de Igualdad;;13;15,4%;2;;1;;0;;0;;1;;0;;;
1.14.3. Salud (2019);;;;;;;;;;;;;;;;;
Centros Municipales de Salud Comunitaria (CMSC);;16;6,3%;1;;0;;0;;0;;1;;0;;;
Centros de Atención a las Adicciones (CAD y CCAD);;10;10,0%;1;;1;;0;;0;;0;;0;;;
1.14.4. Cultura (2019);;;;;;;;;;;;;;;;;
Nº de Bibliotecas Municipales;;34;2,9%;1;;0;;1;;0;;0;;0;;;
Nº de Bibliotecas Comunidad Madrid;;16;6,3%;1;;1;;0;;0;;0;;0;;;
Nº de Centros Culturales;;108;5,6%;6;;2;;1;;1;;1;;1;;;
1.14.5. Deportes (2019);;;;;;;;;;;;;;;;;
Centros deportivos Municipales;;72;6,9%;5;20,0%;1;40,0%;2;0,0%;0;40,0%;2;0,0%;0;;;
Superficie deportiva m2 (2017);;2.074.404;4,7%;98.139;;;;;;;;;;;;;
Instalaciones deportivas básicas;;477;4,6%;22;22,7%;5;13,6%;3;18,2%;4;22,7%;5;22,7%;5;;;
Acceso controlado (2017);;97;3,1%;3;;;;;;;;;;;;;
Campos de fútbol 11;;21;9,5%;2;;1;;0;;0;;1;;0;;;
Pista de atletismo ;;7;0,0%;0;;0;;0;;0;;0;;0;;;
Piscinas cubiertas;;49;6,1%;3;;1;;1;;0;;1;;0;;;
Piscinas de verano;;23;4,3%;1;;1;;0;;0;;0;;0;;;
1.14.6. Zonas verdes (2016);;;;;;;;;;;;;;;;;
Zonas verdes (Ha);;6.219,15;3,5%;216,96;;;;;;;;;;;;;
"Relación de zona verde (m2)/habitante (deseables 15m2/hab; mínimo 10m2/hab)";;19,30;;14,91;;;;;;;;;;;;;
1.14.7. Educación (Curso académico 2018-2019);;;;;;;;;;;;;;;;;
Escuelas Infantiles Municipales (2019);;56;5,4%;3;;1;;2;;0;;0;;0;;;
Escuelas Infantiles Públicas CAM;;150;5,3%;8;;;;;;;;;;;;;
Escuelas Infantiles Privadas;;419;3,1%;13;;;;;;;;;;;;;
Colegios Públicos Infantil y Primaria (+ 3 centros con Secundaria);;247;8,1%;20;;;;;;;;;;;;;
Institutos Públicos de Educación Secundaria;;112;5,4%;6;;;;;;;;;;;;;
Colegios Privados Inf. o Pri. o Inf. y Pri.;;88;4,5%;4;;;;;;;;;;;;;
Colegios Privados Inf., Pri. y Sec. o Pri. y Sec. ;;274;3,6%;10;;;;;;;;;;;;;
1.14.8. Empresa y Comercio (2019);;;;;;;;;;;;;;;;;
Mercados Municipales;;45;2,2%;1;;1;;0;;0;;0;;0;;;
1.15. PARTICIPACIÓN CIUDADANA ;;;;;;;;;;;;;;;;;
1.15.1. Entidades de participación ciudadana (2019) ;;;;;;;;;;;;;;;;;
Asociaciones (Sección 1ª);;2.412;4,6%;110;42,7%;47;7,3%;8;12,7%;14;15,5%;17;21,8%;24;;;
Nº de asociaciones culturales y casas regionales;;489;4,3%;21;52,4%;11;0,0%;0;4,8%;1;19,0%;4;23,8%;5;;;
Nº de asociaciones de mujeres;;75;5,3%;4;25,0%;1;0,0%;0;0,0%;0;25,0%;1;50,0%;2;;;
Nº de asociaciones de vecinos;;221;5,4%;12;25,0%;3;8,3%;1;16,7%;2;16,7%;2;33,3%;4;;;
Fundaciones (Sección 2ª);;24;4,2%;1;100,0%;1;0,0%;0;0,0%;0;0,0%;0;0,0%;0;;;
1.15.2 Decide Madrid;;;;;;;;;;;;;;;;;
Presupuestos participativos 2018: nº propuestas;;3.323;3,3%;109;;;;;;;;;;;;;
Presupuestos participativos 2018: nº participantes;;115.594;3,2%;3717;;;;;;;;;;;;;
Votación ciudadana 2017: nº votaciones;;217.323;3,5%;7.513;;;;;;;;;;;;;
;;;;;;;;;;;;;;;;;
;;;;;;;;;;;;;;;;;
1.16. PRESUPUESTO 2019;;;;;;;;;;;;;;;;;
PROGRAMA;;CAPÍTULOS;;;;;;;;;;;;;;;
;;1;;2;;3;;4;;5;;6;;7;;TOTAL;
OTRAS ACTUACIONES EN VÍAS PÚBLICAS;153.22;;;5.000 €;;;;;;;;52.000 €;;;;57.000 €;
FAMILIA E INFANCIA;231.02;;;1.212.845 €;;;;535.000 €;;;;;;15.000 €;;1.762.845 €;
PERSONAS MAYORES Y SERVICIOS SOCIALES;231.03;;;9.383.977 €;;;;20.000 €;;;;;;14.000 €;;9.417.977 €;
INTEGRACIÓN COMUNITARIA Y EMERGENCIA SOCIAL;231.06;2.287.183 €;;335.883 €;;;;10.000 €;;;;16.000 €;;;;2.649.066 €;
SALUBRIDAD PÚBLICA;311.01;549.988 €;;13.573 €;;;;;;;;;;;;563.561 €;
CENTROS DOCENTES ENSEÑANZA INFANTIL Y PRIMARIA;323.01;;;4.950.699 €;;;;;;;;;;;;4.950.699 €;
ABSENTISMO;325.01;;;466.182 €;;;;;;;;;;;;466.182 €;
SERVICIOS COMPLEMENTARIOS EDUCACIÓN;326.01;;;2.055.501 €;;;;100.000 €;;;;;;;;2.155.501 €;
ACTIVIDADES CULTURALES;334.01;664.892 €;;1.637.600 €;;;;;;;;;;;;2.302.492 €;
ACTUACIONES DEPORTIVAS EN DISTRITOS;341.01;;;155.000 €;;;;;;;;;;;;155.000 €;
INSTALACIONES DEPORTIVAS;342.01;7.582.969 €;;1.402.538 €;;;;;;;;150.000 €;;;;9.135.507 €;
CONSUMO;493.00;195.034 €;;;;;;;;;;;;;;195.034 €;
CONCEJALÍA-PRESIDENCIA DEL DISTRITO;912.2;227.890 €;;3.257 €;;;;;;;;;;;;231.147 €;
DIREC. Y GESTIÓN ADMTVA. DEL DISTRITO;920.01;3.529.071 €;;293.337 €;;;;;;;;;;;;3.822.408 €;
PARTICIPACIÓN CIUDADANA Y VOLUNTARIADO;924.01;;;254.000 €;;;;234.500 €;;;;;;10.000 €;;498.500 €;
EDIFICIOS;933.02;;;2.583.029 €;;;;;;;;;;;;2.583.029 €;
CENTRO 001;;15.037.027 €;;24.752.421 €;;0 €;;899.500 €;;0 €;;218.000 €;;39.000 €;;40.945.948 €;
SECCIÓN 217;;15.037.027 €;;24.752.421 €;;0 €;;899.500 €;;0 €;;218.000 €;;39.000 €;;40.945.948 €;
