20. SAN BLAS-CANILLEJAS. INFORMACIÓN DE DISTRITO Y BARRIOS;;;;;;;;;;;;;;;;;;;;;;;;;;;;
 ;CIUDAD;;SAN BLAS-CANILLEJAS;;Simancas;;Hellín;;Amposta;;Arcos;;Rosas;;Rejas;;Canillejas;;El Salvador;;;;;;;;;
1.1 CARACTERÍSTICAS GENERALES DEL DISTRITO-BARRIO;;;;;;;;;;;;;;;;;;;;;;;;;;;;
Superficie (Ha.) ;;60.445,52;2.229;;227,63;;55,06;;37,03;;130,52;;929,65;;501,57;;159,77;;188,01;;;;;;;;;
Densidad (hab./Ha.) ;;54,03;70,95;;122,64;;166,32;;231,60;;185,50;;34,07;;33,28;;178,91;;60,37;;;;;;;;;
1.2. LA POBLACIÓN DEL DISTRITO;;;;;;;;;;;;;;;;;;;;;;;;;;;;
1.2.1. Estructura de la población (01/01/2019);;;;;;;;;;;;;;;;;;;;;;;;;;;;
Sexo de la población;100%;3.266.126;4,8%;158.166;17,7%;27.918;5,8%;9.157;5,4%;8.575;15,3%;24.211;20,0%;31.677;10,6%;16.693;18,1%;28.584;7,2%;11.351;;;;;;;;
Hombres;46,6%;1.521.178;47,3%;74.743;47,1%;13.142;45,7%;4.181;46,3%;3.968;46,8%;11.327;48,0%;15.213;48,8%;8.142;46,9%;13.404;47,3%;5.366;;;;;;;;
Mujeres;53,4%;1.744.948;52,7%;83.423;52,9%;14.776;54,3%;4.976;53,7%;4.607;53,2%;12.884;52,0%;16.464;51,2%;8.551;53,1%;15.180;52,7%;5.985;;;;;;;;
Edad media de la población;;44,14;;43,22;;42,60;;47,32;;43,94;;43,46;;41,36;;38,65;;45,84;;45,74;;;;;;;;
De 0 a 14 años;13,3%;435.675;14,4%;22.724;14,6%;4.088;11,5%;1.051;14,3%;1.230;14,2%;3.448;15,8%;5.001;19,4%;3.235;12,1%;3.456;10,7%;1.215;;;;;;;;
De 15 a 29;15,7%;512.070;16,3%;25.859;15,7%;4.392;15,8%;1.443;16,8%;1.439;16,6%;4.028;18,1%;5.720;14,0%;2.332;15,1%;4.306;19,4%;2.199;;;;;;;;
De 30 a 44;22,8%;744.312;20,5%;32.396;23,6%;6.601;20,0%;1.835;20,8%;1.782;19,7%;4.773;15,2%;4.808;28,9%;4.821;21,3%;6.076;15,0%;1.700;;;;;;;;
De 45 a 64;27,9%;912.424;31,2%;49.400;30,1%;8.392;29,0%;2.660;28,7%;2.463;31,4%;7.593;37,5%;11.873;26,5%;4.430;28,4%;8.104;34,2%;3.885;;;;;;;;
De 65 a 79;13,0%;423.670;10,5%;16.581;8,6%;2.409;9,3%;849;9,1%;778;9,9%;2.396;9,7%;3.084;6,6%;1.102;15,4%;4.403;13,7%;1.560;;;;;;;;
De 80 y + ;7,3%;237.975;7,1%;11.206;7,3%;2.036;14,4%;1.319;10,3%;883;8,1%;1.973;3,8%;1.191;4,6%;773;7,8%;2.239;7,0%;792;;;;;;;;
De 65 y +;20,3%;661.645;17,6%;27.787;15,9%;4.445;23,7%;2.168;19,4%;1.661;18,0%;4.369;13,5%;4.275;11,2%;1.875;23,2%;6.642;20,7%;2.352;;;;;;;;
Población en etapa educativa (De 3 a 16 años -16 no incluidos-);11,6%;379.646;13,2%;20.802;13,1%;3.660;10,1%;921;12,3%;1.058;13,3%;3.218;15,8%;4.996;16,7%;2.788;10,6%;3.030;10,0%;1.131;;;;;;;;
Proporción de juventud (Población de 0-15 años/Población total);14,2%;;15,5%;;15,6%;;12,3%;;15,2%;;15,6%;;17,7%;;20,3%;;12,9%;;11,8%;;;;;;;;;
Proporción de envejecimiento (Población > 65 años/Población total);20,3%;;17,6%;;15,9%;;23,7%;;19,4%;;18,1%;;13,5%;;11,2%;;23,2%;;20,7%;;;;;;;;;
Proporción de sobreenvejecimiento (Población > 80 años/Población >65 años);36,0%;;40,3%;;45,8%;;60,8%;;53,2%;;45,2%;;27,9%;;41,2%;;33,7%;;33,7%;;;;;;;;;
Índice de envejecimiento activo (2017);;37,0;;;;;;;;;;;;;;;;;;;;;;;;;;
Hombres;;38,6;;;;;;;;;;;;;;;;;;;;;;;;;;
Mujeres;;35,8;;;;;;;;;;;;;;;;;;;;;;;;;;
Proporción de dependencia (Población de 0-15 + población 65 y + / Pob. 16-64) ;52,6%;;49,48;;46,08;;56,26;;52,77;;50,69;;45,25;;46,05;;56,54;;48,19;;;;;;;;;
Personas con nacionalidad española;85,9%;2.805.478;87,7%;138.733;83,1%;23.213;87,5%;8.010;83,9%;7.197;90,3%;21.855;94,5%;29.947;82,7%;13.797;84,9%;24.262;92,1%;10.452;;;;;;;;
Personas con nacionalidad española HOMBRES;46,6%;1.308.240;47,4%;65.788;46,8%;10.853;45,9%;3.680;46,5%;3.348;46,8%;10.237;48,3%;14.478;49,3%;6.798;47,1%;11.425;47,5%;4.969;;;;;;;;
Personas con nacionalidad española MUJERES;53,4%;1.497.238;52,6%;72.945;53,2%;12.360;54,1%;4.330;53,5%;3.849;53,2%;11.618;51,7%;15.469;50,7%;6.999;52,9%;12.837;52,5%;5.483;;;;;;;;
Personas con nacionalidad extranjera;14,1%;460.623;12,3%;19.432;16,9%;4.705;12,5%;1.147;16,1%;1.378;9,7%;2.356;5,5%;1.729;17,3%;2.896;15,1%;4.322;7,9%;899;;;;;;;;
Personas con nacionalidad extranjera HOMBRES;46,2%;212.925;46,1%;8.954;48,7%;2.289;43,7%;501;45,0%;620;46,3%;1.090;42,5%;734;46,4%;1.344;45,8%;1.979;44,2%;397;;;;;;;;
Personas con nacionalidad extranjera MUJERES;53,8%;247.698;53,9%;10.478;51,3%;2.416;56,3%;646;55,0%;758;53,7%;1.266;57,5%;995;53,6%;1.552;54,2%;2.343;55,8%;502;;;;;;;;
Proporción de inmigrantes (Extranjeros menos UE y resto países de OCDE / Población total);9,8%;;8,1%;;11,7%;;9,4%;;12,5%;;6,8%;;3,0%;;10,6%;;9,5%;;4,2%;;;;;;;;;
1ª nacionalidad extranjera en el Distrito: Rumanía (% respecto total extranjeros del distrito);9,7%;44.738;15,1%;2927;11,5%;543;13,3%;152;12,2%;168;16,6%;392;21,8%;377;9,9%;287;21,5%;930;8,7%;78;;;;;;;;
2ª nacionalidad extranjera en el Distrito: Venezuela (% respecto total extranjeros del distrito);6,1%;28.129;9,2%;1.797;7,8%;369;8,0%;92;9,9%;137;6,7%;159;9,2%;159;17,6%;511;7,0%;303;7,5%;67;;;;;;;;
1.2.2. Estructura de los hogares (01-01-2019);;;;;;;;;;;;;;;;;;;;;;;;;;;;
Nº total de hogares;100%;1.290.164;4,6%;59.896;18,2%;10.877;6,2%;3.694;5,6%;3.361;15,0%;8.976;18,5%;11.061;11,2%;6.689;18,3%;10.944;7,2%;4.294;;;;;;;;
Tamaño medio del hogar;;2,53  ;;2,64;;2,57;;2,48;;2,55;;2,70;;2,86;;2,50;;2,61;;2,64;;;;;;;;
Hogares con una mujer sola >65 años;9,8%;126.044;8,8%;5.266;10,0%;1.090;15,0%;553;11,8%;398;9,8%;878;4,7%;522;5,4%;361;10,1%;1.108;8,3%;356;;;;;;;;
Hogares con un hombre solo >65 años;2,8%;36.720;2,6%;1.537;2,6%;287;3,4%;124;3,3%;112;2,5%;224;1,6%;179;2,1%;142;3,2%;348;2,8%;121;;;;;;;;
Hogares monoparentales: una mujer adulta con uno o más menores;21,1%;27.460;2,5%;1.470;2,9%;315;1,7%;64;2,7%;90;2,2%;197;2,7%;294;3,3%;220;1,9%;205;2,0%;85;;;;;;;;
Hogares monoparentales: un hombre adulto con uno o más menores;0,4%;5.491;0,4%;267;0,5%;52;0,2%;6;0,2%;6;0,3%;30;0,5%;58;0,9%;57;0,3%;35;0,5%;23;;;;;;;;
1.2.3. Dinámica demográfica;;;;;;;;;;;;;;;;;;;;;;;;;;;;
Tasa bruta de natalidad 2018 (‰);;8,57;;7,6;;8,6;;9,1;;10,6;;7,0;;5,8;;10,4;;7,3;;5,1;;;;;;;;
Tasa de crecimiento demográfico 2018 (%);;1,37;;1,3;;2,5;;2,4;;2,7;;1,1;;0,4;;2,3;;0,2;;0,6;;;;;;;;
Esperanza de vida al nacer MUJERES *(mortalidad del periodo 2013-2016);;87,5;;87,2;;86,2;;87,1;;84,8;;87,0;;87,9;;89,4;;87,2;;87,1;;;;;;;;
Esperanza de vida al nacer HOMBRES *(mortalidad del periodo 2013-2016);;81,9;;81,2;;79,4;;78,7;;78,9;;78,9;;83,2;;88,0;;81,4;;84,1;;;;;;;;
Esperanza de vida al nacer MUJERES (2018);;87,6;;86,9;;;;;;;;;;;;;;;;;;;;;;;;
Esperanza de vida al nacer HOMBRES (2018);;82,2;;82,0;;;;;;;;;;;;;;;;;;;;;;;;
Esperanza de vida > 65 años MUJERES (2018);;24,6;;24,2;;;;;;;;;;;;;;;;;;;;;;;;
Esperanza de vida > 65 años HOMBRES (2018);;20,6;;19,8;;;;;;;;;;;;;;;;;;;;;;;;
1.2.4. Mujeres y hombres;;;;;;;;;;;;;;;;;;;;;;;;;;;;
Índice de desigualdad de género IDG (2018);;0,8308;;;;;;;;;;;;;;;;;;;;;;;;;;
Índice de desigualdad de género IDG (2008);;0,7462;;;;;;;;;;;;;;;;;;;;;;;;;;
1.3. INDICADORES ECONÓMICOS ;;;;;;;;;;;;;;;;;;;;;;;;;;;;
Renta neta media anual de los hogares (Urban Audit). 2016;;39.613,0 €;89%;35.077;22.504;24.039;21.962;28.801;44.106;38.875;31.834;54.991;91%;31.866,0 €;90%;31.684,0 €;89%;31.306,0 €;155%;54.441,1 €;;;;;;;;
Renta disponible Bruta Per Cápita 2016(a);;21.755;;19.587,5 €;;;;;;;;;;;;;;;;;;;;;;;;
Crecimiento/decrecimiento Renta Bruta Per Cápita 2016(a)-2008;3,1%;658;2,0%;378,7 €;;;;;;;;;;;;;;;;;;;;;;;;
Pensión media mensual del Distrito HOMBRES (2018);;1.456,2 €;;1382,39;;;;;;;;;;;;;;;;;;;;;;;;
Pensión media mensual del Distrito MUJERES (2018);;954,0 €;;846,95;;;;;;;;;;;;;;;;;;;;;;;;
1.4. INDICADORES DE DESEMPLEO;;;;2,0%;;;;;;;;;;;;;;;;;;;;;;;;
Tasa de actividad global ciudad de Madrid (EPA. 1º trimestre 2020);61,2%;;;;;;;;;;;;;;;;;;;;;;;;;;;
Hombres ;66,4%;;;;;;;;;;;;;;;;;;;;;;;;;;;
Mujeres;57,0%;;;;;;;;;;;;;;;;;;;;;;;;;;;
Número de parados ciudad de Madrid (EPA. 1º trimestre 2020) (miles);;176,6;;;;;;;;;;;;;;;;;;;;;;;;;;
Hombres (miles);;83,9;;;;;;;;;;;;;;;;;;;;;;;;;;
Mujeres (miles);;92,7;;;;;;;;;;;;;;;;;;;;;;;;;;
Paro registrado (nº de personas registradas en SEPE en febrero 2020);;167.188;5,2%;8.747;18,8%;1.644;7,9%;691;8,7%;759;17,7%;1.547;14,4%;1.261;7,6%;668;17,2%;1.504;5,1%;444;;;;;;;;
Tasa absoluta de paro registrado (febrero 2020);7,6%;;8,0%;;8,4%;;11,7%;;13,1%;;9,5%;;5,8%;;5,7%;;8,2%;;5,9%;;;;;;;;;
Tasa absoluta de paro registrado MUJERES;8,1%;;8,6%;;8,7%;;12,2%;;12,8%;;9,9%;;7,0%;;6,6%;;9,0%;;6,7%;;;;;;;;;
De 16 a 24 años;4,2%;;4,2%;;5,6%;;6,7%;;9,8%;;4,9%;;2,7%;;2,1%;;3,7%;;2,0%;;;;;;;;;
De 25 a 44 años;7,5%;;8,1%;;7,6%;;11,2%;;13,2%;;10,1%;;6,7%;;5,6%;;8,0%;;6,7%;;;;;;;;;
De 45 a 64 años;9,8%;;10,4%;;10,6%;;14,8%;;13,3%;;11,3%;;8,5%;;9,2%;;11,4%;;8,0%;;;;;;;;;
Tasa absoluta de paro registrado HOMBRES ;7,0%;;7,3%;;8,2%;;11,0%;;13,4%;;9,1%;;4,6%;;4,8%;;7,5%;;5,0%;;;;;;;;;
De 16 a 24 años;4,4%;;4,5%;;4,7%;;5,8%;;11,3%;;6,3%;;3,1%;;3,0%;;4,2%;;1,8%;;;;;;;;;
De 25 a 44 años;6,0%;;6,6%;;7,0%;;10,4%;;11,4%;;8,0%;;4,6%;;3,8%;;6,6%;;3,5%;;;;;;;;;
De 45 a 64 años;8,9%;;9,0%;;10,6%;;13,3%;;16,3%;;10,9%;;5,1%;;6,6%;;9,4%;;7,3%;;;;;;;;;
Parados de larga duración (febrero 2020);38,2%;63.943;39,8%;3.477;;;;;;;;;;;;;;;;;;;;;;;;
Hombres;39,7%;25.381;40,1%;1.396;;;;;;;;;;;;;;;;;;;;;;;;
Mujeres ;60,3%;38.562;59,9%;2.081;;;;;;;;;;;;;;;;;;;;;;;;
Parados que SÍ perciben prestaciones (febrero 2020);43,4%;72.603;44,9%;3.926;;;;;;;;;;;;;;;;;;;;;;;;
Hombres;48,2%;34.979;48,7%;1.912;;;;;;;;;;;;;;;;;;;;;;;;
Mujeres ;51,8%;37.624;51,3%;2.014;;;;;;;;;;;;;;;;;;;;;;;;
Parados que NO perciben prestaciones (febrero 2020);56,6%;94.585;55,1%;4.821;;;;;;;;;;;;;;;;;;;;;;;;
Hombres;41,3%;39.063;41,1%;1.982;;;;;;;;;;;;;;;;;;;;;;;;
Mujeres ;58,7%;55.522;58,9%;2.839;;;;;;;;;;;;;;;;;;;;;;;;
1.5. EDUCACIÓN;;;;;;;;;;;;;;;;;;;;;;;;;;;;
1.5.1. Población en etapas educativas (01/01/2018);100,0%;464338;100,0%;24.569;100,0%;4.361;100,0%;1.129;100,0%;1.301;100,0%;3.775;100,0%;5.594;100,0%;3.388;100,0%;3.682;100,0%;1.339;;;;;;;;
0 a 2 años;18,2%;84.692;15,3%;3.767;16,1%;701;18,4%;208;18,7%;243;14,8%;557;10,7%;598;17,7%;600;17,7%;652;15,5%;208;;;;;;;;
Infantil (3 a 5 años);18,7%;86.684;16,3%;4.015;16,7%;729;17,8%;201;18,1%;235;14,9%;561;13,6%;761;19,4%;657;17,4%;641;17,2%;230;;;;;;;;
Primaria (6 a 11 años);38,4%;178.445;38,6%;9.482;40,9%;1.785;38,6%;436;39,4%;513;37,3%;1.408;36,5%;2.043;42,3%;1.433;38,5%;1.419;33,2%;445;;;;;;;;
Secundaria (12 a 15 años);24,7%;114.517;29,7%;7.305;26,3%;1.146;25,2%;284;23,8%;310;33,1%;1.249;39,2%;2.192;20,6%;698;26,3%;970;34,1%;456;;;;;;;;
Etapas educativas. Total niños;51,2%;237557;50,9%;12.515;50,5%;2.202;50,6%;571;52,1%;678;50,2%;1.894;50,8%;2.840;52,1%;1.764;51,1%;1.882;51,1%;684;;;;;;;;
0 a 2 años;18,2%;43.261;15,5%;1.939;17,3%;382;18,2%;104;18,1%;123;13,9%;263;10,5%;299;17,7%;313;9,2%;340;8,6%;115;;;;;;;;
Infantil (3 a 5 años);18,7%;44.354;16,6%;2.074;17,0%;374;18,7%;107;19,2%;130;15,2%;287;14,5%;411;19,3%;340;8,8%;325;7,5%;100;;;;;;;;
Primaria (6 a 11 años);38,5%;91.575;38,3%;4.799;39,5%;870;38,5%;220;39,5%;268;37,4%;708;35,7%;1.015;42,2%;745;20,2%;743;17,2%;230;;;;;;;;
Secundaria (12 a 15 años);24,6%;58.367;29,6%;3.703;26,2%;576;24,5%;140;23,2%;157;33,6%;636;39,3%;1.115;20,7%;366;12,9%;474;17,8%;239;;;;;;;;
Etapas educativas. Total niñas;48,8%;226.781;49,1%;12.054;49,5%;2.159;49,4%;558;47,9%;623;49,8%;1.881;49,2%;2.754;47,9%;1.624;48,9%;1.800;48,9%;655;;;;;;;;
0 a 2 años;18,3%;41.431;15,2%;1.828;14,8%;319;18,6%;104;19,3%;120;15,6%;294;10,9%;299;17,7%;287;17,3%;312;14,2%;93;;;;;;;;
Infantil (3 a 5 años);18,7%;42.330;16,1%;1.941;16,4%;355;16,8%;94;16,9%;105;14,6%;274;12,7%;350;19,5%;317;17,6%;316;19,8%;130;;;;;;;;
Primaria (6 a 11 años);38,3%;86.870;38,9%;4.683;42,4%;915;38,7%;216;39,3%;245;37,2%;700;37,3%;1.028;42,4%;688;37,6%;676;32,8%;215;;;;;;;;
Secundaria (12 a 15 años);24,8%;56.150;29,9%;3.602;26,4%;570;25,8%;144;24,6%;153;32,6%;613;39,1%;1.077;20,4%;332;27,6%;496;33,1%;217;;;;;;;;
1.5.2. Escolarización de alumnos por tipo de centro (año escolar 2017/18);100,0%;519.294;100%;25.315;;;;;;;;;;;;;;;;;;;;;;;;
En centros PRIVADOS CONCERTADOS;43,1%;223.703;35,4%;8.955;;;;;;;;;;;;;;;;;;;;;;;;
En centros PRIVADOS SIN CONCIERTO;17,9%;92.853;13,9%;3.528;;;;;;;;;;;;;;;;;;;;;;;;
En centros PÚBLICOS;39,0%;202.738;50,7%;12.832;;;;;;;;;;;;;;;;;;;;;;;;
Total alumnos extranjeros;10,6%;54.812;9,5%;2.407;;;;;;;;;;;;;;;;;;;;;;;;
En centros PRIVADOS CONCERTADOS;34,9%;19.103;25,5%;614;;;;;;;;;;;;;;;;;;;;;;;;
En centros PRIVADOS SIN CONCIERTO;9,1%;4.965;5,1%;122;;;;;;;;;;;;;;;;;;;;;;;;
En centros PÚBLICOS;56,1%;30.744;69,4%;1.671;;;;;;;;;;;;;;;;;;;;;;;;
Total alumnos con necesidades de apoyo educativo;4,0%;20.898;5,4%;1.358;;;;;;;;;;;;;;;;;;;;;;;;
En centros PRIVADOS CONCERTADOS;49,2%;10.285;34,8%;473;;;;;;;;;;;;;;;;;;;;;;;;
En centros PRIVADOS SIN CONCIERTO;4,6%;963;1,1%;15;;;;;;;;;;;;;;;;;;;;;;;;
En centros PÚBLICOS;46,2%;9.650;64,1%;870;;;;;;;;;;;;;;;;;;;;;;;;
1.5.3. Nivel de estudios de la población ≥ 25 años (01/01/2019);;;;;;;;;;;;;;;;;;;;;;;;;;;;
No sabe leer ni escribir o sin estudios;4,9%;123.025;6,0%;7.089;6,0%;1.271;10,4%;750;10,0%;650;9,7%;1.746;2,6%;586;2,8%;342;6,8%;1.536;2,4%;208;;;;;;;;
Primaria incompleta;11,6%;291.746;13,5%;16.041;13,6%;2.884;20,5%;1.484;20,9%;1.355;16,8%;3.035;9,2%;2.046;6,6%;806;16,9%;3.802;7,2%;629;;;;;;;;
Bachiller Elemental, Graduado Escolar, ESO, Formación profesional 1º grado;26,4%;666.553;30,9%;36.653;32,8%;6.956;39,2%;2.837;42,0%;2.717;35,3%;6.372;24,9%;5.541;22,5%;2.743;34,8%;7.845;18,9%;1.642;;;;;;;;
Formación profesional 2º grado, Bachiller Superior o BUP;19,1%;482.262;20,3%;24.074;19,0%;4.017;17,1%;1.237;15,4%;998;18,6%;3.355;25,4%;5.638;21,0%;2.555;19,0%;4.290;22,8%;1.984;;;;;;;;
Titulados medios, diplomados, arquitecto o ingeniero técnico;9,5%;240.302;9,2%;10.908;8,8%;1.870;4,6%;333;4,3%;280;6,9%;1.241;12,6%;2.794;13,8%;1.673;7,5%;1.689;11,8%;1.028;;;;;;;;
Estudios superiores, licenciado, arquitecto o ingeniero superior, estudios superiores no universitarios, doctorado, estudios postgraduados;28,4%;717.868;20,0%;23.699;19,7%;4.165;8,1%;585;7,2%;464;12,7%;2.285;25,2%;5.609;33,2%;4.036;14,9%;3.359;36,7%;3.196;;;;;;;;
Nivel de estudios desconocido y no consta;0,1%;3.253;0,1%;122;0,1%;15;0,2%;15;0,1%;9;0,1%;22;0,0%;9;0,1%;11;0,1%;27;0,2%;14;;;;;;;;
1.5.4. Programa de prevención y control del absentismo escolar;;2.525.009;1;118.586;1;21.178;1;7.241;1;6.473;1;18.056;1;22.223;1;12.166;1;22.548;1;8.701;;;;;;;;
Casos trabajados por el programa de absentismo municipal (curso escolar 2018-2019);100,0%;4.025;4,3%;175;;;;;;;;;;;;;;;;;;;;;;;;
Casos trabajados HOMBRES;51,2%;2.060;46,3%;81;;;;;;;;;;;;;;;;;;;;;;;;
Casos trabajados MUJERES;48,8%;1.965;53,7%;94;;;;;;;;;;;;;;;;;;;;;;;;
1.6. SALUD;;;;;;;;;;;;;;;;;;;;;;;;;;;;
1.6.1. Hábitos y estilos de vida (2017-18. Estudio Madrid Salud);;;;;;;;;;;;;;;;;;;;;;;;;;;;
Sedentarismo;30,0%;;31,1%;;;;;;;;;;;;;;;;;;;;;;;;;
Sedentarismo HOMBRES ;25,2%;;;;;;;;;;;;;;;;;;;;;;;;;;;
Sedentarismo MUJERES ;34,0%;;;;;;;;;;;;;;;;;;;;;;;;;;;
Consumo de tabaco diario;18,9%;;20,6%;;;;;;;;;;;;;;;;;;;;;;;;;
Consumo de tabaco diario HOMBRES;20,2%;;;;;;;;;;;;;;;;;;;;;;;;;;;
Consumo de tabaco diario MUJERES ;17,9%;;;;;;;;;;;;;;;;;;;;;;;;;;;
Consumo de medicamentos ;66,3%;;66,3%;;;;;;;;;;;;;;;;;;;;;;;;;
Consumo de medicamentos HOMBRES  ;62,4%;;;;;;;;;;;;;;;;;;;;;;;;;;;
Consumo de medicamentos MUJERES ;69,7%;;;;;;;;;;;;;;;;;;;;;;;;;;;
1.6.2. Indicadores de nivel de salud (2017-18. Estudio Madrid Salud);;;;;;;;;;;;;;;;;;;;;;;;;;;;
Autopercepción de buen estado de salud  (% respuesta muy buena + buena);72,3%;;73,5%;;;;;;;;;;;;;;;;;;;;;;;;;
Autopercepción de buen estado de salud HOMBRES ;77,4%;;;;;;;;;;;;;;;;;;;;;;;;;;;
Autopercepción de buen estado de salud MUJERES ;68,0%;;;;;;;;;;;;;;;;;;;;;;;;;;;
Calidad de vida relacionada con la salud (CVRS) ;20,2%;;20,4%;;;;;;;;;;;;;;;;;;;;;;;;;
Calidad de vida relacionada con la salud (CVRS) HOMBRES;19,0%;;;;;;;;;;;;;;;;;;;;;;;;;;;
Calidad de vida relacionada con la salud (CVRS) MUJERES;21,1%;;;;;;;;;;;;;;;;;;;;;;;;;;;
Presencia de enfermedad crónica ;39,8%;;40,7%;;;;;;;;;;;;;;;;;;;;;;;;;
Presencia de enfermedad crónica HOMBRES ;36,6%;;;;;;;;;;;;;;;;;;;;;;;;;;;
Presencia de enfermedad crónica MUJERES;42,4%;;;;;;;;;;;;;;;;;;;;;;;;;;;
Hipertensión arterial;18,8%;;21,0%;;;;;;;;;;;;;;;;;;;;;;;;;
Hipertensión arterial HOMBRES;19,7%;;;;;;;;;;;;;;;;;;;;;;;;;;;
Hipertensión arterial MUJERES;18,1%;;;;;;;;;;;;;;;;;;;;;;;;;;;
Diabetes Mellitus;6,0%;;5,2%;;;;;;;;;;;;;;;;;;;;;;;;;
Diabetes Mellitus HOMBRES;6,9%;;;;;;;;;;;;;;;;;;;;;;;;;;;
Diabetes Mellitus MUJERES;5,3%;;;;;;;;;;;;;;;;;;;;;;;;;;;
Personas con obesidad ;12,2%;;13,1%;;;;;;;;;;;;;;;;;;;;;;;;;
Personas con obesidad HOMBRES ;13,3%;;;;;;;;;;;;;;;;;;;;;;;;;;;
Personas con obesidad MUJERES;11,2%;;;;;;;;;;;;;;;;;;;;;;;;;;;
Personas con sobrepeso;33,5%;;36,0%;;;;;;;;;;;;;;;;;;;;;;;;;
Personas con sobrepeso HOMBRES;41,1%;;;;;;;;;;;;;;;;;;;;;;;;;;;
Personas con sobrepeso MUJERES;27,0%;;;;;;;;;;;;;;;;;;;;;;;;;;;
Personas mayores de 65 años con alguna dependencia funcional;32,4%;;40,3%;;;;;;;;;;;;;;;;;;;;;;;;;
Alguna dependencia funcional HOMBRES ;39,1%;;;;;;;;;;;;;;;;;;;;;;;;;;;
Alguna dependencia funcional MUJERES;48,6%;;;;;;;;;;;;;;;;;;;;;;;;;;;
Probabilidad de padecer enfermedad mental (GHQ-12);21,1%;;22,9%;;;;;;;;;;;;;;;;;;;;;;;;;
Probabilidad de padecer enfermedad mental (GHQ-12) HOMBRES;16,6%;;;;;;;;;;;;;;;;;;;;;;;;;;;
Probabilidad de padecer enfermedad (GHQ-12) MUJERES;24,9%;;;;;;;;;;;;;;;;;;;;;;;;;;;
Prevalencia de obesidad en la población infantil (2017. Estudio Madrid Salud. UCM);15,8%;;17,1%;;;;;;;;;;;;;;;;;;;;;;;;;
1.6.3. Discapacidad reconocida (31/12/2018);;;;;;;;;;;;;;;;;;;;;;;;;;;;
Nº de personas con grado de discapacidad reconocido;6,1%;200.604;4,6%;9.177;;;;;;;;;;;;;;;;;;;;;;;;
Hombres;48,0%;96.322;51,3%;4.710;;;;;;;;;;;;;;;;;;;;;;;;
Mujeres;52,0%;104.282;48,7%;4.467;;;;;;;;;;;;;;;;;;;;;;;;
Mujeres por cada 100 hombres (Feminización de la discapacidad reconocida);;108,3;;94,84;;;;;;;;;;;;;;;;;;;;;;;;
1.7. CALIDAD DE VIDA  (2019. Encuesta, más de 16 años);;;;;;;;;;;;;;;;;;;;;;;;;;;;
1.7.1. Calidad de vida y agenda pública (indicador sintético 0-100);;;;;;;;;;;;;;;;;;;;;;;;;;;;
Satisfacción de vivir en su barrio ;;72,0;;67,8;;;;;;;;;;;;;;;;;;;;;;;;
Calidad de vida actual en su barrio ;;71,3;;70,3;;;;;;;;;;;;;;;;;;;;;;;;
Convivencia vecinal;;69,5;;69,9;;;;;;;;;;;;;;;;;;;;;;;;
1.7.2. Satisfacción con los servicios públicos (escala 0-10);;;;;;;;;;;;;;;;;;;;;;;;;;;;
Espacios verdes;;6,9;;6,9;;;;;;;;;;;;;;;;;;;;;;;;
Parques infantiles ;;6,4;;6,4;;;;;;;;;;;;;;;;;;;;;;;;
Centros culturales;;7,0;;6,9;;;;;;;;;;;;;;;;;;;;;;;;
Organización de fiestas y eventos populares;;6,7;;6,7;;;;;;;;;;;;;;;;;;;;;;;;
Instalaciones deportivas;;6,7;;6,9;;;;;;;;;;;;;;;;;;;;;;;;
Servicios sociales municipales;;6,5;;6,6;;;;;;;;;;;;;;;;;;;;;;;;
Desigualdad en las dotaciones de los barrios (% respuesta muy alta + alta);78,4%;;87,1%;;;;;;;;;;;;;;;;;;;;;;;;;
1.7.3. Principales problemas de la ciudadanía (% personas encuestadas);;;;;;;;;;;;;;;;;;;;;;;;;;;;
1º. Limpieza;29,1%;;32,9%;;;;;;;;;;;;;;;;;;;;;;;;;
2º. Contaminación del aire;18,7%;;12,9%;;;;;;;;;;;;;;;;;;;;;;;;;
3º. Tráfico / atascos;11,8%;;12,1%;;;;;;;;;;;;;;;;;;;;;;;;;
1.7.4. Percepción de seguridad (indicador sintético 0-100);;;;;;;;;;;;;;;;;;;;;;;;;;;;
Percepción de seguridad en Madrid;;67,6;;68,4;;;;;;;;;;;;;;;;;;;;;;;;
Percepción de seguridad en el barrio por el día;;76,0;;76,0;;;;;;;;;;;;;;;;;;;;;;;;
Percepción de seguridad en el barrio por la noche;;60,2;;66,0;;;;;;;;;;;;;;;;;;;;;;;;
1.7.5. Problemas que afectan a la seguridad en los espacios públicos del distrito (escala 0-10);;;;;;;;;;;;;;;;;;;;;;;;;;;;
1º Excrementos animales domésticos;;6,6;;7,7;;;;;;;;;;;;;;;;;;;;;;;;
2º Consumo o menudeo de drogas;;4,3;;5,3;;;;;;;;;;;;;;;;;;;;;;;;
3º Estacionamientos indebidos;;4,0;;5,1;;;;;;;;;;;;;;;;;;;;;;;;
1.7.6. Administración de la ciudad de Madrid (% de respuesta);;;;;;;;;;;;;;;;;;;;;;;;;;;;
Medio de información de la actividad del Ayuntamiento: REDES SOCIALES;20,9%;;12,9%;;;;;;;;;;;;;;;;;;;;;;;;;
Preferencia de contacto con el Ayuntamiento: EN PERSONA;46,0%;;55,2%;;;;;;;;;;;;;;;;;;;;;;;;;
Percepción sobre la administración del Ayto. en los últimos 5 años: HA MEJORADO;38,6%;;36,4%;;;;;;;;;;;;;;;;;;;;;;;;;
Percepción sobre la administración del Ayto. en los últimos 5 años: HA EMPEORADO;16,6%;;15,6%;;;;;;;;;;;;;;;;;;;;;;;;;
1.7.7. Amigabilidad de la ciudad de Madrid (% respuesta mucho + bastante);;;;;;;;;;;;;;;;;;;;;;;;;;;;
Madrid ciudad amigable con las personas lesbianas, gays, transexuales y bisexuales;76,9%;;76,2%;;;;;;;;;;;;;;;;;;;;;;;;;
1.8. INDICADORES DE VULNERABILIDAD;;;;;;;;;;;;;;;;;;;;;;;;;;;;
1.8.1. Índice de vulnerabilidad territorial (2019);;;;;;;;;;;;;;;;;;;;;;;;;;;;
Índice de vulnerabilidad territorial;;;;0,0083;;0,0085;;0,0093;;0,0097;;0,0086;;0,0071;;0,0074;;0,0085;;0,0071;;;;;;;;
Posición en el ranking de distritos y/o barrios de vulnerabilidad territorial;;;;15;;39;;26;;22;;37;;76;;63;;38;;74;;;;;;;;
1.8.2. Tasa de riesgo de pobreza o exclusión social. Indicador AROPE (2018. Encuesta de Condiciones de Vida);;;;;;;;;;;;;;;;;;;;;;;;;;;;
Tasa de riesgo de pobreza o exclusión social;25,5%;;;;;;;;;;;;;;;;;;;;;;;;;;;
Tasa de riesgo de pobreza o exclusión social HOMBRES;24,0%;;;;;;;;;;;;;;;;;;;;;;;;;;;
Tasa de riesgo de pobreza o exclusión social MUJERES;26,7%;;;;;;;;;;;;;;;;;;;;;;;;;;;
Tasa de riesgo de pobreza o exclusión social N. ESPAÑOLA (>16 años);21,9%;;;;;;;;;;;;;;;;;;;;;;;;;;;
Tasa de riesgo de pobreza o exclusión social N. EXTRANJERA UNIÓN EUROPEA (>16 años);14,4%;;;;;;;;;;;;;;;;;;;;;;;;;;;
Tasa de riesgo de pobreza o exclusión social N. EXTRANJERA RESTO DEL MUNDO (>16 años);66,1%;;;;;;;;;;;;;;;;;;;;;;;;;;;
1.8.3. Tasa de riesgo de pobreza de los hogares (2016. Estudio de Necesidades Sociales. Hogares);;;;;;;;;;;;;;;;;;;;;;;;;;;;
Pareja o matrimonio con hijos;;35,7%;;;;;;;;;;;;;;;;;;;;;;;;;;
Hogar formado por madre con hijos a cargo;;41,1%;;;;;;;;;;;;;;;;;;;;;;;;;;
Nacido en España;;26,4%;;;;;;;;;;;;;;;;;;;;;;;;;;
Nacido en un país fuera de la Unión Europea;;39,2%;;;;;;;;;;;;;;;;;;;;;;;;;;
1.8.4. Situación económica de los hogares (2016. Estudio de Necesidades Sociales. Hogares);;;;;;;;;;;;;;;;;;;;;;;;;;;;
Dificultad para llegar a fin de mes (% respuesta mucha dificultad + dificultad);;20,0%;;;;;;;;;;;;;;;;;;;;;;;;;;
Imposibilidad de hacer frente a un gasto imprevisto de 650€;;38,7%;;;;;;;;;;;;;;;;;;;;;;;;;;
Dificultad para hacer frente a los gastos derivados del suministro energético;;9,5%;;;;;;;;;;;;;;;;;;;;;;;;;;
Entrevistados que han acudido a Servicios Sociales Municipales para solicitar atención social;;10,0%;;;;;;;;;;;;;;;;;;;;;;;;;;
1.9. SERVICIOS SOCIALES;;;;;;;;;;;;;;;;;;;;;;;;;;;;
1.9.1. Población en general (2019);;;;;;;;;;;;;;;;;;;;;;;;;;;;
Personas atendidas en la Unidad de Primera Atención en Centros de Servicios Sociales;;94.210 ;6,8%;6.399;;;;;;;;;;;;;;;;;;;;;;;;
Solicitudes tramitadas de Renta Mínima de Inserción;;5.474 ;4,9%;269;;;;;;;;;;;;;;;;;;;;;;;;
Perceptores de prestación de la Renta Mínima de Inserción;;17.877 ;4,6%;826;;;;;;;;;;;;;;;;;;;;;;;;
Beneficiarios de prestaciones sociales de carácter económico;;13.316 ;5,5%;738;;;;;;;;;;;;;;;;;;;;;;;;
Total prestaciones sociales de carácter económico (€);;7.698.372 €;5,7%;439.581;;;;;;;;;;;;;;;;;;;;;;;;
1.9.2. Personas Mayores (2019);;;;;;;;;;;;;;;;;;;;;;;;;;;;
Personas con Servicio de Ayuda a Domicilio (modalidad auxiliar de hogar);;80.375 ;6,2%;4.958;;;;;;;;;;;;;;;;;;;;;;;;
Hombres;;19.939 ;6,5%;1.289;;;;;;;;;;;;;;;;;;;;;;;;
Mujeres;;60.436 ;6,1%;3.669;;;;;;;;;;;;;;;;;;;;;;;;
Personas socias de los Centros Municipales de Mayores;;343.009 ;4,6%;15.632;;;;;;;;;;;;;;;;;;;;;;;;
Hombres;;128.807 ;4,5%;5.853;;;;;;;;;;;;;;;;;;;;;;;;
Mujeres ;;214.202 ;4,6%;9.779;;;;;;;;;;;;;;;;;;;;;;;;
1.9.3. Menores y Familia (2019);;;;;;;;;;;;;;;;;;;;;;;;;;;;
Familias atendidas por el Equipo de Trabajo con Menores y Familia (ETMF);;6.467;2,7%;175;;;;;;;;;;;;;;;;;;;;;;;;
Demandas de intervención en los Centros de Atención a la Infancia (CAI);;2.285;6,4%;147;;;;;;;;;;;;;;;;;;;;;;;;
Menores atendidos por el Servicio de Ayuda a domicilio a Menores y Familias (SAD) ;;1.356;3,4%;46;;;;;;;;;;;;;;;;;;;;;;;;
1.10. VIVIENDA;;;;;;;;;;;;;;;;;;;;;;;;;;;;
1.10.1. Estado de las viviendas;;;;;;;;;;;;;;;;;;;;;;;;;;;;
Nº Total de viviendas (Censo Edificios y Viviendas 2011);100,0%;1.530.955 ;100%;67.450;;;;;;;;;;;;;;;;;;;;;;;;
Viviendas anteriores a 1980;69,4%;1.061.825;55,3%;37.290;;;;;;;;;;;;;;;;;;;;;;;;
Estado ruinoso;0,2%;3.445;0,2%;120;;;;;;;;;;;;;;;;;;;;;;;;
Estado malo;0,8%;12.705;0,1%;45;;;;;;;;;;;;;;;;;;;;;;;;
Estado deficiente;4,4%;66.775;4,1%;2.750;;;;;;;;;;;;;;;;;;;;;;;;
Estado bueno;92,8%;1.420.265;94,4%;63.645;;;;;;;;;;;;;;;;;;;;;;;;
No consta;1,8%;27.770;1,3%;890;;;;;;;;;;;;;;;;;;;;;;;;
Valor catastral medio de los bienes inmuebles: personas físicas (2019) en miles de €;;90,9 €;78,4%;71,3;94,4%;67,3;88,4%;63,0;65,8%;46,9;103,0%;73,4;113,4%;80,9;84,1%;60,0;87,9%;62,7;172,6%;123,1;;;;;;;;
Valor catastral medio de los bienes inmuebles: personas jurídicas (2019) en miles de €;;368,6 €;85,7%;315,9;95,0%;300,1;49,1%;155,2;25,5%;80,5;106,3%;335,7;140,0%;442,1;105,5%;333,1;77,5%;244,8;308,9%;975,6;;;;;;;;
Superficie media de la vivienda (m2) en transacción (2019);;83,4;88,1%;73,44;91,9%;67,49;111,3%;81,75;79,4%;58,29;94,1%;69,09;117,7%;86,45;90,1%;66,19;109,7%;80,56;145,3%;106,73;;;;;;;;
Duración media del crédito (meses) en transacción de vivienda (2019);;257;113,2%;291;98,3%;286;117,2%;341;105,5%;307;112,0%;326;98,3%;286;79,7%;232;107,9%;314;101,0%;294;;;;;;;;
1.10.2. Tipología de las viviendas ;;;;;;;;;;;;;;;;;;;;;;;;;;;;
Nº Total de viviendas familiares (Censo Edificios y Viviendas 2011);100%;1.378.931;100,0%;59.920;100,0%;10.131;100,0%;4.170;100,0%;3.906;100,0%;9.666;100,0%;10.964;100,0%;4.072;100,0%;12.090;100,0%;4.921;;;;;;;;
Principal;78,3%;1.080.306;82,6%;49.496;80,1%;8.112;93,1%;3.883;89,5%;3.497;87,5%;8.456;81,8%;8.966;52,8%;2.151;85,2%;10.305;85,2%;4.126;;;;;;;;
Secundaria;7,7%;106.192;2,9%;1.756;1,9%;191;1,7%;72;1,9%;74;1,2%;114;3,5%;380;9,6%;389;2,6%;317;2,6%;219;;;;;;;;
Desocupada;12,9%;178.377;13,9%;8.303;15,4%;1.559;5,1%;214;8,5%;331;11,3%;1.090;14,3%;1.565;37,6%;1.531;12,0%;1.450;12,0%;563;;;;;;;;
Otro tipo;1,0%;13.998;0,6%;365;2,7%;269;0,0%;1;0,1%;4;0,1%;6;0,5%;53;0,0%;1;0,1%;18;0,1%;13;;;;;;;;
1.10.3. Lanzamientos judiciales (Consejo General del Poder Judicial);1;;1;;;;;;;;;;;;;;;;;;;;;;;;;
Lanzamientos judiciales practicados (2013);100%;5.020 ;;;;;;;;;;;;;;;;;;;;;;;;;;
Como consecuencia de ejecuciones hipotecarias;30%;1.501;;;;;;;;;;;;;;;;;;;;;;;;;;
Como consecuencia de la Ley de Arrendamientos Urbanos;62%;3.137;;;;;;;;;;;;;;;;;;;;;;;;;;
Lanzamientos judiciales practicados (2019);100,0%;2.832 ;;;;;;;;;;;;;;;;;;;;;;;;;;
Como consecuencia de ejecuciones hipotecarias;12,7%;360;;;;;;;;;;;;;;;;;;;;;;;;;;
Como consecuencia de la Ley de Arrendamientos Urbanos;84,2%;2.384;;;;;;;;;;;;;;;;;;;;;;;;;;
1.11. MEDIO AMBIENTE Y RESIDUOS;;;;;;;;;;;;;;;;;;;;;;;;;;;;
1.11.1. Contaminantes del aire (2018);;;;;;;;;;;;;;;;;;;;;;;;;;;;
Partículas suspensión PM2.5 (µgr/m3) -Valor límite: 25 µgr/m3-;;10,3;;;;;;;;;;;;;;;;;;;;;;;;;;
Partículas suspensión PM10 (µgr/m3) -Valor límite: 40 µgr/m3-;;18,5;;;;;;;;;;;;;;;;;;;;;;;;;;
Dióxido de azufre - SO2 (µgr/m3) -Valor límite: 125 µgr/m3-;;6,0;;;;;;;;;;;;;;;;;;;;;;;;;;
Monóxido de carbono - CO (mg/m3) -Valor límite: 10 µgr/m3-;;0,3;;;;;;;;;;;;;;;;;;;;;;;;;;
Ozono - O3 (µgr/m3) -Valor límite: 120 µgr/m3-;;51,0;;;;;;;;;;;;;;;;;;;;;;;;;;
Dióxido de nitrógeno - NO2 (µgr/m3) -Valor límite: 40 µgr/m3-;;37,0;;;;;;;;;;;;;;;;;;;;;;;;;;
Temperatura media anual (ºC);;15,2;;;;;;;;;;;;;;;;;;;;;;;;;;
Protocolo de contaminación: nº de episodios (2019);;3;;;;;;;;;;;;;;;;;;;;;;;;;;
"Protocolo de contaminación: nº de días ""Escenario 1"" (2019)";;12;;;;;;;;;;;;;;;;;;;;;;;;;;
1.11.2. Recogida domiciliaria de resíduos sólidos: envases y resto (2018);;;;;;;;;;;;;;;;;;;;;;;;;;;;
kg/habitante/año;;372;;400;;;;;;;;;;;;;;;;;;;;;;;;
kg/habitante/día;;1,019;;1,096;;;;;;;;;;;;;;;;;;;;;;;;
1.12. SEGURIDAD;;;;;;;;;;;;;;;;;;;;;;;;;;;;
Intervenciones de la Policía Municipal en materia de seguridad (2019);;;;;;;;;;;;;;;;;;;;;;;;;;;;
Relacionadas con las personas;;5.455;4,1%;223;;;;;;;;;;;;;;;;;;;;;;;;
Relacionadas con la tenencia de armas;;1.362;2,2%;30;;;;;;;;;;;;;;;;;;;;;;;;
Relacionadas con el patrimonio;;6.984;4,1%;288;;;;;;;;;;;;;;;;;;;;;;;;
Relacionadas con la tenencia y consumo de drogas;;7.668;4,1%;318;;;;;;;;;;;;;;;;;;;;;;;;
Expedientes instruidos por Agentes Tutores;;557;12,0%;67;;;;;;;;;;;;;;;;;;;;;;;;
Atestados/partes de accidentes de tráfico confeccionados;;21.791;5,1%;1.107;;;;;;;;;;;;;;;;;;;;;;;;
Detenidos e investigados de la Policía Municipal en materia de seguridad (2019);;;;;;;;;;;;;;;;;;;;;;;;;;;;
Total detenidos e investigados;100%;9.265;4,3%;396;;;;;;;;;;;;;;;;;;;;;;;;
Lesiones;4,7%;433;;;;;;;;;;;;;;;;;;;;;;;;;;
Violencia doméstica y de género;8,3%;773;;;;;;;;;;;;;;;;;;;;;;;;;;
Malos tratos a menores;1,1%;103;;;;;;;;;;;;;;;;;;;;;;;;;;
Abusos y agresiones sexuales;0,5%;49;;;;;;;;;;;;;;;;;;;;;;;;;;
Hurtos;12,9%;1.193;;;;;;;;;;;;;;;;;;;;;;;;;;
Robo con violencia e intimidación en personas;2,1%;198;;;;;;;;;;;;;;;;;;;;;;;;;;
Contra la salud pública;3,8%;356;;;;;;;;;;;;;;;;;;;;;;;;;;
Contra la seguridad vial;35,3%;3.275;;;;;;;;;;;;;;;;;;;;;;;;;;
1.13. RESULTADOS ELECCIONES LOCALES (2019);;;;;;;;;;;;;;;;;;;;;;;;;;;;
Censo electoral;100,0%;2.397.881;100%;115.712;100%;19.350;100%;7.004;100%;6.106;100%;18.162;100%;23.927;100,0%;10.776;100,0%;21.247;100,0%;9.140;;;;;;;;
Abstención;31,8%;761.923;34,2%;39.551;38,5%;7.449;42,1%;2.950;49,9%;3.048;38,7%;7.028;22,9%;5.491;34,7%;3.735;36,0%;7.655;24,0%;2.195;;;;;;;;
Votos en blanco;0,3%;6.945;0,3%;335;0,3%;54;0,2%;16;0,2%;12;0,3%;55;0,4%;95;0,2%;25;0,2%;51;0,3%;27;;;;;;;;
Votos a candidaturas;68,2%;1.635.958;65,8%;76.161;61,5%;11.901;57,9%;4.054;50,1%;3.058;61,3%;11.134;77,1%;18.436;65,3%;7.041;64,0%;13.592;76,0%;6.945;;;;;;;;
Más Madrid;21,1%;505.159;21,7%;25.109;19,5%;3.767;20,4%;1.426;15,8%;967;21,7%;3.947;28,1%;6.727;19,6%;2.116;19,2%;4.086;22,7%;2.073;;;;;;;;
PP;16,5%;395.344;11,5%;13.339;10,4%;2.016;8,1%;566;7,3%;443;8,7%;1.575;12,3%;2.942;11,6%;1.249;13,4%;2.856;18,5%;1.692;;;;;;;;
Ciudadanos;13,0%;312.536;13,4%;15.543;12,4%;2.392;7,4%;520;7,0%;427;10,3%;1.873;17,6%;4.205;18,4%;1.985;11,8%;2.513;17,8%;1.628;;;;;;;;
PSOE;9,3%;224.074;11,4%;13.213;11,8%;2.287;14,5%;1.018;14,1%;859;13,1%;2.381;11,0%;2.625;7,4%;794;11,9%;2.524;7,9%;725;;;;;;;;
VOX;5,2%;124.969;4,6%;5.311;4,3%;824;3,4%;241;3,0%;183;4,2%;760;4,6%;1.111;6,1%;655;4,5%;965;6,3%;572;;;;;;;;
1.14. SERVICIOS Y EQUIPAMIENTOS MUNICIPALES;;;;;;;;;;;;;;;;;;;;;;;;;;;;
1.14.1. Servicios Sociales Municipales (2020);;;;;;;;;;;;;;;;;;;;;;;;;;;;
Centros de Servicios Sociales;;39;5,1%;2;;0;;0;;1;;0;;0;;0;;1;;0;;;;;;;;
Centros Municipales de Mayores ;;90;5,6%;5;;1;;0;;1;;1;;0;;1;;1;;0;;;;;;;;
Centros de Día de Alzheimer y Físicos;;97;8,2%;8;;1;;0;;2;;0;;0;;2;;3;;0;;;;;;;;
Apartamentos Municipales para Mayores;;2;0,0%;0;;0;;0;;0;;0;;0;;0;;0;;0;;;;;;;;
Residencias para personas Mayores ;;3;0,0%;0;;0;;0;;0;;0;;0;;0;;0;;0;;;;;;;;
Centros de Apoyo a las Familias (CAF);;7;0,0%;0;;0;;0;;0;;0;;0;;0;;0;;0;;;;;;;;
Centros de Atención a la Infancia (CAI);;13;7,7%;1;;0;;0;;0;;0;;1;;0;;0;;0;;;;;;;;
Centro de Día de Atención a Niños y Niñas (de 3 a 12 años);;29;6,9%;2;;1;;0;;0;;0;;0;;0;;1;;0;;;;;;;;
Espacios de Ocio para Adolescentes (El Enredadero);;6;0,0%;0;;0;;0;;0;;0;;0;;0;;0;;0;;;;;;;;
Centros de Adolescentes y Jóvenes (ASPA) ;;8;0,0%;0;;0;;0;;0;;0;;0;;0;;0;;0;;;;;;;;
Centros para personas sin hogar;;12;0,0%;0;;0;;0;;0;;0;;0;;0;;0;;0;;;;;;;;
1.14.2. Género (2020);;;;;;;;;;;;;;;;;;;;;;;;;;;;
Espacios de Igualdad;;17;5,9%;1;;0;;0;;0;;0;;0;;0;;1;;0;;;;;;;;
1.14.3. Salud (2020);;;;;;;;;;;;;;;;;;;;;;;;;;;;
Centros Municipales de Salud Comunitaria (CMSC);;16;6,3%;1;;0;;0;;1;;0;;0;;0;;0;;0;;;;;;;;
Centros de Atención a las Adicciones (CAD y CCAD);;10;10,0%;1;;0;;0;;0;;0;;0;;0;;0;;1;;;;;;;;
1.14.4. Cultura (2020);;;;;;;;;;;;;;;;;;;;;;;;;;;;
Nº de Bibliotecas Municipales;;34;8,8%;3;;0;;0;;0;;1;;1;;0;;1;;0;;;;;;;;
Nº de Bibliotecas Comunidad Madrid;;16;6,3%;1;;0;;0;;0;;0;;0;;0;;1;;0;;;;;;;;
Nº de Centros Culturales;;106;5,7%;6;;0;;1;;0;;1;;0;;2;;2;;0;;;;;;;;
1.14.5. Deportes (2018);;;;;;;;;;;;;;;;;;;;;;;;;;;;
Centros deportivos Municipales;;72;4,2%;3;0,0%;0;33,3%;1;0,0%;0;0,0%;0;33,3%;1;33,3%;1;0,0%;0;0,0%;0;;;;;;;;
Superficie deportiva m2 ;;2.074.404;2,7%;56.366;;;;;;;;;;;;;;;;;;;;;;;;
Instalaciones deportivas básicas;;481;4,6%;22;;;;;;;;;;;;;;;;;;;;;;;;
Acceso controlado ;;98;4,1%;4;;;;;;;;;;;;;;;;;;;;;;;;
Campos de fútbol 11;;22;4,5%;1;;0;;0;;0;;0;;1;;0;;0;;0;;;;;;;;
Pista de atletismo ;;7;0,0%;0;;0;;0;;0;;0;;0;;0;;0;;0;;;;;;;;
Piscinas cubiertas;;49;4,1%;2;;0;;1;;0;;0;;0;;1;;0;;0;;;;;;;;
Piscinas de verano;;23;4,3%;1;;0;;1;;0;;0;;0;;0;;0;;0;;;;;;;;
1.14.6. Zonas verdes (2019);;;;;;;;;;;;;;;;;;;;;;;;;;;;
Superficie de zonas verdes y Parques de distrito (Ha);;3.322,9;4,9%;161,2;;;;;;;;;;;;;;;;;;;;;;;;
Superficie de zonas verdes y Parques de distrito (Ha) / nº de Habitantes *10.000;;10,2;100,2%;10,2;;;;;;;;;;;;;;;;;;;;;;;;
Superficie Parques Históricos, Singulares y Forestales por distrito  ;;2.501,0;0,9%;21,3;;;;;;;;;;;;;;;;;;;;;;;;
Superficie Parques Históricos, Singulares y Forestales distrito / nº Habitantes *10.000;;7,7;17,6%;1,3;;;;;;;;;;;;;;;;;;;;;;;;
1.14.7. Educación (Curso académico 2019-2020);;;;;;;;;;;;;;;;;;;;;;;;;;;;
Escuelas Infantiles Municipales (2019);;56;8,9%;5;;0;;0;;0;;2;;1;;2;;0;;0;;;;;;;;
Escuelas Infantiles Públicas CAM;;150;5,3%;8;;;;;;;;;;;;;;;;;;;;;;;;
Escuelas Infantiles Privadas;;419;5,3%;22;;;;;;;;;;;;;;;;;;;;;;;;
Colegios Públicos Infantil y Primaria (+ 3 centros con Secundaria);;247;5,7%;14;;;;;;;;;;;;;;;;;;;;;;;;
Institutos Públicos de Educación Secundaria;;112;8,0%;9;;;;;;;;;;;;;;;;;;;;;;;;
Colegios Privados Inf. o Pri. o Inf. y Pri.;;88;3,4%;3;;;;;;;;;;;;;;;;;;;;;;;;
Colegios Privados Inf., Pri. y Sec. o Pri. y Sec. ;;274;4,4%;12;;;;;;;;;;;;;;;;;;;;;;;;
1.14.8. Empresa y Comercio (2020);;;;;;;;;;;;;;;;;;;;;;;;;;;;
Mercados Municipales;;45;0,0%;0;;0;;0;;0;;0;;0;;0;;0;;0;;;;;;;;
1.15. PARTICIPACIÓN CIUDADANA ;;;;;;;;;;;;;;;;;;;;;;;;;;;;
1.15.1. Entidades de participación ciudadana (2019) ;;;;;;;;;;;;;;;;;;;;;;;;;;;;
Asociaciones (Sección 1ª);;2.412;4,2%;102;18,6%;19;8,8%;9;8,8%;9;12,7%;13;16,7%;17;8,8%;9;19,6%;20;19,6%;6;;;;;;;;
Nº de asociaciones culturales y casas regionales;;489;3,7%;18;22,2%;4;0,0%;0;16,7%;3;11,1%;2;27,8%;5;0,0%;0;16,7%;3;16,7%;1;;;;;;;;
Nº de asociaciones de mujeres;;75;1,3%;1;0,0%;0;0,0%;0;0,0%;0;0,0%;0;0,0%;0;0,0%;0;100,0%;1;100,0%;0;;;;;;;;
Nº de asociaciones de vecinos;;221;7,2%;16;6,3%;1;12,5%;2;0,0%;0;6,3%;1;12,5%;2;31,3%;5;18,8%;3;18,8%;2;;;;;;;;
Fundaciones (Sección 2ª);;24;4,2%;1;0,0%;0;0,0%;0;0,0%;0;100,0%;1;0,0%;0;0,0%;0;0,0%;0;0,0%;0;;;;;;;;
;;;;;;;;;;;;;;;;;;;;;;;;;;;;
;;;;;;;;;;;;;;;;;;;;;;;;;;;;
;;;;;;;;;;;;;;;;;;;;;;;;;;;;
1.16. PRESUPUESTO 2020; En base al Acuerdo de 23 de diciembre de 2019 del Pleno del Ayuntamiento de Madrid. Publicación: BOAM Nùm. 8.551, 30 de diciembre de 2019. ;;;;;;;;;;;;;;;;;;;;;;;;;;;
PROGRAMA;;CAPÍTULOS;;;;;;;;;;;;;;;;;;;;;;;;;;
;;1;;2;;3;;4;;5;;6;;7;;TOTAL;;;;;;;;;;;;
OTRAS ACTUACIONES EN VÍAS PÚBLICAS;153.22;;;301.418 €;;;;;;;;200 €;;;;301.618 €;;;;;;;;;;;;
FAMILIA E INFANCIA;231.02;;;68.905 €;;;;229.000 €;;;;3.000 €;;;;300.905 €;;;;;;;;;;;;
PERSONAS MAYORES Y SERVICIOS SOCIALES;231.03;;;12.243.314 €;;;;23.297 €;;;;23.000 €;;25.000 €;;12.314.611 €;;;;;;;;;;;;
INTEGRACIÓN COMUNITARIA Y EMERGENCIA SOCIAL;231.06;2.171.205 €;;256.047 €;;;;196.010 €;;;;16.000 €;;20.655 €;;2.659.917 €;;;;;;;;;;;;
SALUBRIDAD PÚBLICA;311.01;415.388 €;;3.540 €;;;;;;;;;;;;418.928 €;;;;;;;;;;;;
CENTROS DOCENTES ENSEÑANZA INFANTIL Y PRIMARIA;323.01;;;5.388.966 €;;;;;;;;426.795 €;;;;5.815.761 €;;;;;;;;;;;;
SERVICIOS COMPLEMENTARIOS EDUCACIÓN;326.01;;;663.734 €;;;;;;;;;;;;663.734 €;;;;;;;;;;;;
ACTIVIDADES CULTURALES;334.01;495.066 €;;1.128.296 €;;;;;;;;51.000 €;;;;1.674.362 €;;;;;;;;;;;;
ACTUACIONES DEPORTIVAS EN DISTRITOS;341.01;;;42.836 €;;;;;;;;;;;;42.836 €;;;;;;;;;;;;
INSTALACIONES DEPORTIVAS;342.01;3.078.546 €;;408.944 €;;;;300.572 €;;;;183.328 €;;;;3.971.390 €;;;;;;;;;;;;
CONSUMO;493.00;167.380 €;;500 €;;;;;;;;;;;;167.880 €;;;;;;;;;;;;
CONCEJALÍA-PRESIDENCIA DEL DISTRITO;912.2;237.584 €;;3.000 €;;;;;;;;;;;;240.584 €;;;;;;;;;;;;
DIREC. Y GESTIÓN ADMTVA. DEL DISTRITO;920.01;4.192.038 €;;354.650 €;;;;;;;;23.000 €;;;;4.569.688 €;;;;;;;;;;;;
PARTICIPACIÓN CIUDADANA Y VOLUNTARIADO;924.01;;;;;;;50.592 €;;;;;;;;50.592 €;;;;;;;;;;;;
EDIFICIOS;933.02;;;2.149.535 €;;;;;;;;190.326 €;;;;2.339.861 €;;;;;;;;;;;;
CENTRO 001;;10.757.207 €;;23.013.685 €;;0 €;;799.471 €;;0 €;;916.649 €;;45.655 €;;35.532.667 €;;;;;;;;;;;;
SECCIÓN 220;;10.757.207 €;;23.013.685 €;;0 €;;799.471 €;;0 €;;916.649 €;;45.655 €;;35.532.667 €;;;;;;;;;;;;
