18. VILLA DE VALLECAS. INFORMACIÓN DE DISTRITO Y BARRIOS;;;;;;;;;;;;;;;;;;;;;;;;;;;;;;;
 ;CIUDAD;;VILLA DE VALLECAS;;Casco Histórico de Vallecas;;Santa Eugenia;;Ensanche de Vallecas;;;;;;;;;;;;;;;;;;;;;;
1.1 CARACTERÍSTICAS GENERALES DEL DISTRITO-BARRIO;;;;;;;;;;;;;;;;;;;;;;;;;;;;;;;
Superficie (Ha.) ;60.445,52;;5.146,72;;4.304,59;;208,02;;634,11;;;;;;;;;;;;;;;;;;;;;;
Densidad (hab./Ha.) ;54,37;;22,31;;9,19;;115,90;;80,63;;;;;;;;;;;;;;;;;;;;;;
1.2. LA POBLACIÓN DEL DISTRITO;;;;;;;;;;;;;;;;;;;;;;;;;;;;;;;
1.2.1. Estructura de la población (01/01/2022);;;;;;;;;;;;;;;;;;;;;;;;;;;;;;;
Sexo de la población;100%;3.286.662;3,5%;114.817;34,5%;39.578;21,0%;24.110;44,5%;51.129;;;;;;;;;;;;;;;;;;;;;
Hombres;46,7%;1.534.824;48,4%;55.580;47,9%;18.971;47,8%;11.515;49,1%;25.094;;;;;;;;;;;;;;;;;;;;;
Mujeres;53,3%;1.751.838;51,6%;59.237;52,1%;20.607;52,2%;12.595;50,9%;26.035;;;;;;;;;;;;;;;;;;;;;
Edad media de la población;;44,44;;39,73;;42,09;;46,58;;34,66;;;;;;;;;;;;;;;;;;;;;
De 0 a 14 años;12,7%;416.413;17,7%;20.329;14,7%;5.829;10,8%;2.604;23,3%;11.896;;;;;;;;;;;;;;;;;;;;;
De 15 a 29;16,2%;533.423;14,9%;17.151;17,7%;6.998;15,6%;3.763;12,5%;6.390;;;;;;;;;;;;;;;;;;;;;
De 30 a 44;21,7%;713.650;26,1%;30.005;21,4%;8.451;19,3%;4.645;33,1%;16.909;;;;;;;;;;;;;;;;;;;;;
De 45 a 64;29,1%;956.577;28,2%;32.342;29,4%;11.629;30,6%;7.384;26,1%;13.329;;;;;;;;;;;;;;;;;;;;;
De 65 a 79;13,2%;433.244;9,5%;10.926;11,4%;4.507;18,2%;4.390;4,0%;2.029;;;;;;;;;;;;;;;;;;;;;
De 80 y + ;7,1%;233.355;3,5%;4.064;5,5%;2.164;5,5%;1.324;1,1%;576;;;;;;;;;;;;;;;;;;;;;
De 65 y +;20,3%;666.599;13,1%;14.990;16,9%;6.671;23,7%;5.714;5,1%;2.605;;;;;;;;;;;;;;;;;;;;;
"Población en etapa educativa (De 3 a 16 años, 16 no incluidos; 2021)";13,9%;455.915;18,9%;21.691;16,4%;6.509;11,8%;2.844;24,1%;12.338;;;;;;;;;;;;;;;;;;;;;
"Proporción de juventud (Población de 0-15 años/Población total; 2021) ";13,8%;;18,91%;;16,18%;;11,71%;;24,58%;;;;;;;;;;;;;;;;;;;;;;
"Proporción de envejecimiento (Población > 65 años/Población total; 2021)";20,0%;;12,66%;;16,47%;;22,82%;;4,69%;;;;;;;;;;;;;;;;;;;;;;
"Proporción de sobreenvejecimiento (Población>80 años/Población>65 años; 2021)";35,4%;;28,11%;;33,72%;;23,54%;;23,07%;;;;;;;;;;;;;;;;;;;;;;
Índice de envejecimiento activo (2018);;37,0;;;;;;;;;;;;;;;;;;;;;;;;;;;;;
Hombres;;38,6;;;;;;;;;;;;;;;;;;;;;;;;;;;;;
Mujeres;;35,8;;;;;;;;;;;;;;;;;;;;;;;;;;;;;
Proporción de dependencia (Población de 0-15 + población 65 y + / Pob. 16-64) (01/01/2021);51,0%;;46,1%;;48,5%;;52,8%;;41,4%;;;;;;;;;;;;;;;;;;;;;;
Personas con nacionalidad española (01/01/2021);83,3%;2.788.297;85,6%;98.611;79,8%;32.834;87,6%;21.671;89,5%;44.106;;;;;;;;;;;;;;;;;;;;;
Personas con nacionalidad española HOMBRES;46,7%;1.301.434;48,7%;47.986;47,8%;15.707;48,0%;10.397;49,6%;21.882;;;;;;;;;;;;;;;;;;;;;
Personas con nacionalidad española MUJERES;53,3%;1.486.863;51,3%;50.625;52,2%;17.127;52,0%;11.274;50,4%;22.224;;;;;;;;;;;;;;;;;;;;;
Personas con nacionalidad extranjera (01/01/2021);14,1%;523.994;14,0%;16.122;18,0%;7.407;10,6%;2.617;12,4%;6.098;;;;;;;;;;;;;;;;;;;;;
Personas con nacionalidad extranjera HOMBRES;46,5%;243.712;47,3%;7.620;48,3%;3.577;47,3%;1.238;46,0%;2.805;;;;;;;;;;;;;;;;;;;;;
Personas con nacionalidad extranjera MUJERES;53,5%;280.282;52,7%;8.502;51,7%;3.830;52,7%;1.379;54,0%;3.293;;;;;;;;;;;;;;;;;;;;;
Proporción de personas migrantes (Personas extranjeras menos UE y resto países de OCDE / Población total) (01/01/2021);11,2%;;9,3%;;13,7%;;4,4%;;8,1%;;;;;;;;;;;;;;;;;;;;;;
1ª nacionalidad extranjera en el Distrito: RUMANÍA (% respecto total de población extranjera del distrito);8,2%;42.708;19,4%;3.132;17,8%;1.316;46,9%;1.227;9,6%;588;;;;;;;;;;;;;;;;;;;;;
2ª nacionalidad extranjera en el Distrito: VENEZUELA (% respecto total de población extranjera del distrito);8,0%;41.761;11,9%;1.911;7,2%;531;6,7%;175;19,8%;1205;;;;;;;;;;;;;;;;;;;;;
1.2.2. Estructura de los hogares (01-01-2021);;;;;;;;;;;;;;;;;;;;;;;;;;;;;;;
Nº total de hogares;100%;1.306.612;3,3%;43.733;34,0%;14.886;20,7%;9.050;45,3%;19.797;;;;;;;;;;;;;;;;;;;;;
Tamaño medio del hogar;;2,54  ;;2,62;;2,70;;2,68;;2,54;;;;;;;;;;;;;;;;;;;;;
Hogares con una mujer sola >65 años;9,9%;129.292;5,6%;2.433;8,7%;1.298;9,3%;845;1,5%;290;;;;;;;;;;;;;;;;;;;;;
Hogares con un hombre solo >65 años;2,9%;38.397;1,9%;818;2,6%;391;2,5%;229;1,0%;198;;;;;;;;;;;;;;;;;;;;;
Hogares monoparentales: una mujer adulta con uno o más menores;2,0%;26.000;3,3%;1.439;2,6%;381;1,5%;133;4,7%;925;;;;;;;;;;;;;;;;;;;;;
Hogares monoparentales: un hombre adulto con uno o más menores;0,4%;5.236;0,6%;276;0,3%;52;0,3%;25;1,0%;199;;;;;;;;;;;;;;;;;;;;;
1.2.3. Dinámica demográfica;;;;;;;;;;;;;;;;;;;;;;;;;;;;;;;
Tasa bruta de natalidad 2020 (‰);;7,8;;10,3;;7,7;;5,4;;14,9;;;;;;;;;;;;;;;;;;;;;
Tasa de crecimiento demográfico 2020 (%);;-0,7;;0,2;;-1,8;;-1,6;;2,7;;;;;;;;;;;;;;;;;;;;;
Esperanza de vida al nacer MUJERES (mortalidad del periodo 2013-2016);;87,5;;87,7;;87,8;;87,4;;87,6;;;;;;;;;;;;;;;;;;;;;
Esperanza de vida al nacer HOMBRES (mortalidad del periodo 2013-2016);;81,9;;81,8;;81,9;;81,2;;81,5;;;;;;;;;;;;;;;;;;;;;
Esperanza de vida al nacer MUJERES (2020);;85,2;;83,5;;;;;;;;;;;;;;;;;;;;;;;;;;;
Esperanza de vida al nacer HOMBRES (2020);;79,3;;77,7;;;;;;;;;;;;;;;;;;;;;;;;;;;
Esperanza de vida > 65 años MUJERES (2020);;22,4;;20,7;;;;;;;;;;;;;;;;;;;;;;;;;;;
Esperanza de vida > 65 años HOMBRES (2020);;17,7;;15,8;;;;;;;;;;;;;;;;;;;;;;;;;;;
1.2.4. Mujeres y hombres;;;;;;;;;;;;;;;;;;;;;;;;;;;;;;;
Índice de desigualdad de género (2019);;0,842;;;;;;;;;;;;;;;;;;;;;;;;;;;;;
Índice de desigualdad de género (2009);;0,795;;;;;;;;;;;;;;;;;;;;;;;;;;;;;
1.3. INDICADORES ECONÓMICOS ;;;;;;;;;;;;;;;;;;;;;;;;;;;;;;;
Renta neta media anual de los hogares (Urban Audit). 2018;;42.283,0 €;77%;32.765,0 €;80%;26.309,2 €;118%;38.641 €;107,02%;35.065 €;;;;;;;;;;;;;;;;;;;;;
Renta disponible Bruta Per Cápita 2019 ;;21.638,0 €;;15.615,0 €;;;;;;;;;;;;;;;;;;;;;;;;;;;
Pensión media mensual del Distrito HOMBRES (2020);;1.521,8 €;94%;1.427,0 €;91%;1.293,6 €;115%;1.637,1 €;93%;1.322,8 €;;;;;;;;;;;;;;;;;;;;;
Pensión media mensual del Distrito MUJERES (2020);;1.146,5 €;88%;1.013,5 €;89%;906,2 €;116%;1.180,6 €;93%;938,9 €;;;;;;;;;;;;;;;;;;;;;
1.4. INDICADORES DE DESEMPLEO;;;;;;;;;;;;;;;;;;;;;;;;;;;;;;;
Tasa de actividad global ciudad de Madrid (EPA. 4º trimestre 2021);62,9;;;;;;;;;;;;;;;;;;;;;;;;;;;;;;
Hombres ;67,9;;;;;;;;;;;;;;;;;;;;;;;;;;;;;;
Mujeres;58,5;;;;;;;;;;;;;;;;;;;;;;;;;;;;;;
Número de personas paradas en la ciudad de Madrid (EPA. 4º trimestre 2021) (miles);;175,6;;;;;;;;;;;;;;;;;;;;;;;;;;;;;
Hombres (miles);;79,7;;;;;;;;;;;;;;;;;;;;;;;;;;;;;
Mujeres (miles);;95,8;;;;;;;;;;;;;;;;;;;;;;;;;;;;;
Paro registrado (nº de personas registradas en SEPE en febrero 2022);;160.316;4,3%;6.971;44,9%;3.132;19,0%;1.324;35,5%;2.474;;;;;;;;;;;;;;;;;;;;;
Tasa absoluta de paro registrado (febrero 2022);7,33;;8,83;;11,75;;8,52;;6,81;;;;;;;;;;;;;;;;;;;;;;
Tasa absoluta de paro registrado HOMBRES ;6,52;;7,19;;10,31;;6,99;;4,96;;;;;;;;;;;;;;;;;;;;;;
De 16 a 24 años;3,33;;5,56;;6,75;;3,63;;5,26;;;;;;;;;;;;;;;;;;;;;;
De 25 a 44 años;5,45;;6,37;;10,52;;5,89;;4,15;;;;;;;;;;;;;;;;;;;;;;
De 45 a 64 años;8,63;;8,63;;11,48;;9,06;;6,01;;;;;;;;;;;;;;;;;;;;;;
Tasa absoluta de paro registrado MUJERES ;8,08;;10,39;;13,14;;10,00;;8,57;;;;;;;;;;;;;;;;;;;;;;
De 16 a 24 años;3,34;;6,48;;9,14;;3,60;;5,03;;;;;;;;;;;;;;;;;;;;;;
De 25 a 44 años;7,30;;9,76;;13,52;;9,51;;7,80;;;;;;;;;;;;;;;;;;;;;;
De 45 a 64 años;10,17;;12,17;;14,11;;11,98;;10,58;;;;;;;;;;;;;;;;;;;;;;
Personas paradas de larga duración (febrero 2022);51,9%;83.245;54,1%;3.771;;;;;;;;;;;;;;;;;;;;;;;;;;;
Hombres;38,9%;32.359;35,2%;1.329;;;;;;;;;;;;;;;;;;;;;;;;;;;
Mujeres ;61,1%;50.886;64,8%;2.442;;;;;;;;;;;;;;;;;;;;;;;;;;;
Personas paradas que SI perciben prestaciones (febrero 2022);42,4%;68.028;38,3%;2.672;;;;;;;;;;;;;;;;;;;;;;;;;;;
Hombres;47,3%;32.178;44,6%;1.191;;;;;;;;;;;;;;;;;;;;;;;;;;;
Mujeres ;52,7%;35.850;55,4%;1.481;;;;;;;;;;;;;;;;;;;;;;;;;;;
Personas paradas que NO perciben prestaciones (febrero 2022);57,6%;92.288;61,7%;4.299;;;;;;;;;;;;;;;;;;;;;;;;;;;
Hombres;39,5%;36.473;36,8%;1.583;;;;;;;;;;;;;;;;;;;;;;;;;;;
Mujeres ;60,5%;55.815;63,2%;2.716;;;;;;;;;;;;;;;;;;;;;;;;;;;
1.5. EDUCACIÓN;;;;;;;;;;;;;;;;;;;;;;;;;;;;;;;
1.5.1. Población en etapas educativas (01/01/2021);100,0%;455.915;100,0%;21.691;100,0%;6.509;100,0%;2.844;100,0%;12.338;;;;;;;;;;;;;;;;;;;;;
0 a 2 años;17,2%;78.328;17,5%;3.792;15,5%;1.009;16,1%;459;18,8%;2.324;;;;;;;;;;;;;;;;;;;;;
Infantil (3 a 5 años);18,5%;84.424;20,9%;4.524;17,9%;1.165;19,0%;541;22,8%;2.818;;;;;;;;;;;;;;;;;;;;;
Primaria (6 a 11 años);38,4%;175.023;40,5%;8.790;38,7%;2.522;37,5%;1.066;42,2%;5.202;;;;;;;;;;;;;;;;;;;;;
Secundaria (12 a 15 años);25,9%;118.140;21,1%;4.585;27,9%;1.813;27,4%;778;16,2%;1.994;;;;;;;;;;;;;;;;;;;;;
Etapas educativas. Total niños;51,1%;233.089;51,9%;11.247;50,9%;3.316;53,2%;1.513;52,0%;6.418;;;;;;;;;;;;;;;;;;;;;
0 a 2 años;17,1%;39.956;17,1%;1.921;15,6%;516;16,9%;256;17,9%;1.149;;;;;;;;;;;;;;;;;;;;;
Infantil (3 a 5 años);18,6%;43.338;20,8%;2.342;17,9%;594;18,3%;277;22,9%;1.471;;;;;;;;;;;;;;;;;;;;;
Primaria (6 a 11 años);38,4%;89.462;40,3%;4.532;38,0%;1.259;36,9%;558;42,3%;2.715;;;;;;;;;;;;;;;;;;;;;
Secundaria (12 a 15 años);25,9%;60.333;21,8%;2.452;28,6%;947;27,9%;422;16,9%;1.083;;;;;;;;;;;;;;;;;;;;;
Etapas educativas. Total niñas;48,9%;222.826;48,1%;10.444;49,1%;3.193;46,8%;1.331;48,0%;5.920;;;;;;;;;;;;;;;;;;;;;
0 a 2 años;17,2%;38.372;17,9%;1.871;15,4%;493;15,3%;203;19,8%;1.175;;;;;;;;;;;;;;;;;;;;;
Infantil (3 a 5 años);18,4%;41.086;20,9%;2.182;17,9%;571;19,8%;264;22,8%;1.347;;;;;;;;;;;;;;;;;;;;;
Primaria (6 a 11 años);38,4%;85.561;40,8%;4.258;39,6%;1.263;38,2%;508;42,0%;2.487;;;;;;;;;;;;;;;;;;;;;
Secundaria (12 a 15 años);25,9%;57.807;20,4%;2.133;27,1%;866;26,7%;356;15,4%;911;;;;;;;;;;;;;;;;;;;;;
1.5.2. Escolarización del alumnado por tipo de centro (año escolar 2019/20);100,0%;531.839;100%;19.201;;;;;;;;;;;;;;;;;;;;;;;;;;;
En centros PRIVADOS CONCERTADOS;42,4%;225.516;42,9%;8.245;;;;;;;;;;;;;;;;;;;;;;;;;;;
En centros PRIVADOS SIN CONCIERTO;18,4%;97.728;9,2%;1.775;;;;;;;;;;;;;;;;;;;;;;;;;;;
En centros PÚBLICOS;39,2%;208.595;47,8%;9.181;;;;;;;;;;;;;;;;;;;;;;;;;;;
Total alumnos extranjeros;11,7%;62.112;10,1%;1.933;;;;;;;;;;;;;;;;;;;;;;;;;;;
En centros PRIVADOS CONCERTADOS;34,0%;21.142;24,0%;464;;;;;;;;;;;;;;;;;;;;;;;;;;;
En centros PRIVADOS SIN CONCIERTO;9,9%;6.167;2,0%;38;;;;;;;;;;;;;;;;;;;;;;;;;;;
En centros PÚBLICOS;56,0%;34.803;74,0%;1.431;;;;;;;;;;;;;;;;;;;;;;;;;;;
Total alumnos con necesidades de apoyo educativo;4,7%;25.160;5,6%;1.073;;;;;;;;;;;;;;;;;;;;;;;;;;;
En centros PRIVADOS CONCERTADOS;44,4%;11.161;22,5%;241;;;;;;;;;;;;;;;;;;;;;;;;;;;
En centros PRIVADOS SIN CONCIERTO;4,3%;1.082;0,6%;6;;;;;;;;;;;;;;;;;;;;;;;;;;;
En centros PÚBLICOS;51,3%;12.917;77,0%;826;;;;;;;;;;;;;;;;;;;;;;;;;;;
1.5.3. Nivel de estudios de la población ≥ 25 años (01/01/2021);;;;;;;;;;;;;;;;;;;;;;;;;;;;;;;
No sabe leer ni escribir o sin estudios;4,2%;108.764;5,8%;4.861;10,5%;3.100;5,5%;1.053;2,0%;708;;;;;;;;;;;;;;;;;;;;;
Primaria incompleta;10,5%;270.260;10,7%;8.988;17,3%;5.107;10,9%;2.100;5,1%;1.781;;;;;;;;;;;;;;;;;;;;;
Bachiller Elemental, Graduado Escolar, ESO, Formación profesional 1º grado;26,4%;676.508;32,9%;27.522;40,7%;12.044;32,1%;6.194;26,7%;9.284;;;;;;;;;;;;;;;;;;;;;
Formación profesional 2º grado, Bachiller Superior o BUP;19,4%;497.456;21,6%;18.056;17,6%;5.206;24,3%;4.688;23,4%;8.162;;;;;;;;;;;;;;;;;;;;;
Titulaciones medias, diplomatura, arquitectura o ingeniería técnica;9,2%;236.829;9,9%;8.244;5,2%;1.529;9,5%;1.841;14,0%;4.874;;;;;;;;;;;;;;;;;;;;;
Estudios superiores, licenciatura, arquitectura superior, estudios superiores no universitarios, docturado, estudios de posgrado;30,2%;774.430;19,1%;15.998;8,7%;2.560;17,8%;3.431;28,7%;10.007;;;;;;;;;;;;;;;;;;;;;
Nivel de estudios desconocido y no consta;0,1%;2.829;0,0%;20;0,0%;10;0,1%;10;0,0%;0;;;;;;;;;;;;;;;;;;;;;
1.5.4. Programa de prevención y control del absentismo escolar;;2.567.076;1;83.689;1;29.556;1;19.317;1;34.816;;;;;;;;;;;;;;;;;;;;;
Casos trabajados por el programa de absentismo municipal (curso escolar 2020-2021);100,0%;5.307;10,3%;544;;;;;;;;;;;;;;;;;;;;;;;;;;;
Casos trabajados HOMBRES;52,2%;2.772;52,6%;286;;;;;;;;;;;;;;;;;;;;;;;;;;;
Casos trabajados MUJERES;47,8%;2.535;47,4%;258;;;;;;;;;;;;;;;;;;;;;;;;;;;
1.6. SALUD;;;;;;;;;;;;;;;;;;;;;;;;;;;;;;;
1.6.1. Hábitos y estilos de vida (2018. Estudio Madrid Salud);;;;;;;;;;;;;;;;;;;;;;;;;;;;;;;
Sedentarismo;30,0%;;36,1%;;;;;;;;;;;;;;;;;;;;;;;;;;;;
Sedentarismo HOMBRES ;25,2%;;;;;;;;;;;;;;;;;;;;;;;;;;;;;;
Sedentarismo MUJERES ;34,0%;;;;;;;;;;;;;;;;;;;;;;;;;;;;;;
Consumo de tabaco diario;18,9%;;22,4%;;;;;;;;;;;;;;;;;;;;;;;;;;;;
Consumo de tabaco diario HOMBRES;20,2%;;;;;;;;;;;;;;;;;;;;;;;;;;;;;;
Consumo de tabaco diario MUJERES ;17,9%;;;;;;;;;;;;;;;;;;;;;;;;;;;;;;
Consumo de medicamentos ;66,3%;;65,9%;;;;;;;;;;;;;;;;;;;;;;;;;;;;
Consumo de medicamentos HOMBRES  ;62,4%;;;;;;;;;;;;;;;;;;;;;;;;;;;;;;
Consumo de medicamentos MUJERES ;69,7%;;;;;;;;;;;;;;;;;;;;;;;;;;;;;;
1.6.2. Indicadores de nivel de salud (2018. Estudio Madrid Salud);;;;;;;;;;;;;;;;;;;;;;;;;;;;;;;
Autopercepción de buen estado de salud  (% respuesta muy buena + buena);72,3%;;69,8%;;;;;;;;;;;;;;;;;;;;;;;;;;;;
Autopercepción de buen estado de salud HOMBRES ;77,4%;;;;;;;;;;;;;;;;;;;;;;;;;;;;;;
Autopercepción de buen estado de salud MUJERES ;68,0%;;;;;;;;;;;;;;;;;;;;;;;;;;;;;;
Calidad de vida relacionada con la salud (CVRS) ;20,2%;;20,7%;;;;;;;;;;;;;;;;;;;;;;;;;;;;
Calidad de vida relacionada con la salud (CVRS) HOMBRES;19,0%;;;;;;;;;;;;;;;;;;;;;;;;;;;;;;
Calidad de vida relacionada con la salud (CVRS) MUJERES;21,1%;;;;;;;;;;;;;;;;;;;;;;;;;;;;;;
Presencia de enfermedad crónica ;39,8%;;38,0%;;;;;;;;;;;;;;;;;;;;;;;;;;;;
Presencia de enfermedad crónica HOMBRES ;36,6%;;;;;;;;;;;;;;;;;;;;;;;;;;;;;;
Presencia de enfermedad crónica MUJERES;42,4%;;;;;;;;;;;;;;;;;;;;;;;;;;;;;;
Hipertensión arterial;18,8%;;15,6%;;;;;;;;;;;;;;;;;;;;;;;;;;;;
Hipertensión arterial HOMBRES;19,7%;;;;;;;;;;;;;;;;;;;;;;;;;;;;;;
Hipertensión arterial MUJERES;18,1%;;;;;;;;;;;;;;;;;;;;;;;;;;;;;;
Diabetes Mellitus;6,0%;;6,1%;;;;;;;;;;;;;;;;;;;;;;;;;;;;
Diabetes Mellitus HOMBRES;6,9%;;;;;;;;;;;;;;;;;;;;;;;;;;;;;;
Diabetes Mellitus MUJERES;5,3%;;;;;;;;;;;;;;;;;;;;;;;;;;;;;;
Personas con obesidad ;12,2%;;12,7%;;;;;;;;;;;;;;;;;;;;;;;;;;;;
Personas con obesidad HOMBRES ;13,3%;;;;;;;;;;;;;;;;;;;;;;;;;;;;;;
Personas con obesidad MUJERES;11,2%;;;;;;;;;;;;;;;;;;;;;;;;;;;;;;
Personas con sobrepeso;33,5%;;34,2%;;;;;;;;;;;;;;;;;;;;;;;;;;;;
Personas con sobrepeso HOMBRES;41,1%;;;;;;;;;;;;;;;;;;;;;;;;;;;;;;
Personas con sobrepeso MUJERES;27,0%;;;;;;;;;;;;;;;;;;;;;;;;;;;;;;
Personas mayores de 65 años con alguna dependencia funcional;32,4%;;39,4%;;;;;;;;;;;;;;;;;;;;;;;;;;;;
Alguna dependencia funcional HOMBRES ;39,1%;;;;;;;;;;;;;;;;;;;;;;;;;;;;;;
Alguna dependencia funcional MUJERES;48,6%;;;;;;;;;;;;;;;;;;;;;;;;;;;;;;
Prevalencia de obesidad en la población infantil (2017. Estudio Madrid Salud. UCM);15,8%;;17,1%;;;;;;;;;;;;;;;;;;;;;;;;;;;;
Probabilidad de padecer enfermedad mental (GHQ-12);21,1%;;25,9%;;;;;;;;;;;;;;;;;;;;;;;;;;;;
Probabilidad de padecer enfermedad mental (GHQ-12) HOMBRES;16,6%;;;;;;;;;;;;;;;;;;;;;;;;;;;;;;
Probabilidad de padecer enfermedad (GHQ-12) MUJERES;24,9%;;;;;;;;;;;;;;;;;;;;;;;;;;;;;;
1.6.3. Riesgo de mala salud mental en personas de 18 años o más (GHQ-12) Ciudad de Madrid (ENS, 2017, Abril y Octubre de 2020);;;;;;;;;;;;;;;;;;;;;;;;;;;;;;;
Probabilidad de padecer enfermedad mental (GHQ-12) Abril 2020;57,6%;;;;;;;;;;;;;;;;;;;;;;;;;;;;;;
Probabilidad de padecer enfermedad mental (GHQ-12) HOMBRES Abril 2020;55,5%;;;;;;;;;;;;;;;;;;;;;;;;;;;;;;
Probabilidad de padecer enfermedad mental (GHQ-12) MUJERES Abril 2020;59,5%;;;;;;;;;;;;;;;;;;;;;;;;;;;;;;
Probabilidad de padecer enfermedad mental (GHQ-12) Octubre 2020;49,8%;;;;;;;;;;;;;;;;;;;;;;;;;;;;;;
Probabilidad de padecer enfermedad mental (GHQ-12) HOMBRES Octubre 2020;39,6%;;;;;;;;;;;;;;;;;;;;;;;;;;;;;;
Probabilidad de padecer enfermedad mental(GHQ-12)  MUJERES Octubre 2020;58,6%;;;;;;;;;;;;;;;;;;;;;;;;;;;;;;
Probabilidad de padecer enfermedad mental (GHQ-12)   entre 18-29 años (ENS, 2017);13,9%;;;;;;;;;;;;;;;;;;;;;;;;;;;;;;
Probabilidad de padecer enfermedad mental (GHQ-12)   entre 30-44 años (ENS, 2017);15,3%;;;;;;;;;;;;;;;;;;;;;;;;;;;;;;
Probabilidad de padecer enfermedad mental (GHQ-12)   entre 45-64 años (ENS, 2017);19,6%;;;;;;;;;;;;;;;;;;;;;;;;;;;;;;
Probabilidad de padecer enfermedad mental (GHQ-12)   entre 65 y más años (ENS, 2017);22,7%;;;;;;;;;;;;;;;;;;;;;;;;;;;;;;
Probabilidad de padecer enfermedad mental (GHQ-12)   entre 18-29 años (Abril, 2020);67,4%;;;;;;;;;;;;;;;;;;;;;;;;;;;;;;
Probabilidad de padecer enfermedad mental (GHQ-12)   entre 30-44 años (Abril, 2020);66,3%;;;;;;;;;;;;;;;;;;;;;;;;;;;;;;
Probabilidad de padecer enfermedad mental (GHQ-12)   entre 45-64 años (Abril, 2020);59,1%;;;;;;;;;;;;;;;;;;;;;;;;;;;;;;
Probabilidad de padecer enfermedad mental (GHQ-12)   entre 65 y más años (Abril, 2020);37,6%;;;;;;;;;;;;;;;;;;;;;;;;;;;;;;
Probabilidad de padecer enfermedad mental (GHQ-12)   entre 18-29 años  (Octubre, 2020);52,2%;;;;;;;;;;;;;;;;;;;;;;;;;;;;;;
Probabilidad de padecer enfermedad mental (GHQ-12)   entre 30-44 años  (Octubre, 2020);57,1%;;;;;;;;;;;;;;;;;;;;;;;;;;;;;;
Probabilidad de padecer enfermedad mental (GHQ-12)   entre 45-64 años  (Octubre, 2020);50,0%;;;;;;;;;;;;;;;;;;;;;;;;;;;;;;
Probabilidad de padecer enfermedad mental (GHQ-12)   entre 65 y más años (Octubre, 2020);39,4%;;;;;;;;;;;;;;;;;;;;;;;;;;;;;;
1.6.4. Discapacidad reconocida (2020);;;;;;;;;;;;;;;;;;;;;;;;;;;;;;;
Nº de personas con grado de discapacidad reconocido;6,2%;207.714;3,3%;6.830;;;;;;;;;;;;;;;;;;;;;;;;;;;
Hombres;47,8%;99.335;49,3%;3.369;;;;;;;;;;;;;;;;;;;;;;;;;;;
Mujeres;52,2%;108.379;50,7%;3.461;;;;;;;;;;;;;;;;;;;;;;;;;;;
Mujeres por cada 100 hombres (Feminización de la discapacidad reconocida);;109,1;;102,7;;;;;;;;;;;;;;;;;;;;;;;;;;;
1.7. CALIDAD DE VIDA  (2021);;;;;;;;;;;;;;;;;;;;;;;;;;;;;;;
1.7.1. Calidad de vida y agenda pública ;;;;;;;;;;;;;;;;;;;;;;;;;;;;;;;
Satisfacción de vivir en su barrio ;;7,6;;7,6;;;;;;;;;;;;;;;;;;;;;;;;;;;
Calidad de vida actual en su barrio ;;7,2;;7,1;;;;;;;;;;;;;;;;;;;;;;;;;;;
Convivencia vecinal;;7,1;;6,9;;;;;;;;;;;;;;;;;;;;;;;;;;;
1.7.2. Satisfacción con los servicios públicos (escala 0-10);;;;;;;;;;;;;;;;;;;;;;;;;;;;;;;
Espacios verdes;;7,0;;6,9;;;;;;;;;;;;;;;;;;;;;;;;;;;
Parques infantiles ;;6,6;;6,7;;;;;;;;;;;;;;;;;;;;;;;;;;;
Centros culturales;;6,9;;6,8;;;;;;;;;;;;;;;;;;;;;;;;;;;
Organización de fiestas y eventos populares;;7,0;;7,0;;;;;;;;;;;;;;;;;;;;;;;;;;;
Instalaciones deportivas;;6,9;;6,9;;;;;;;;;;;;;;;;;;;;;;;;;;;
Servicios sociales municipales;;6,5;;6,4;;;;;;;;;;;;;;;;;;;;;;;;;;;
1.7.3. Principales problemas de la ciudadanía (% personas encuestadas);;;;;;;;;;;;;;;;;;;;;;;;;;;;;;;
1º. Limpieza;;28,9;;23,2;;;;;;;;;;;;;;;;;;;;;;;;;;;
2º. Contaminación del aire;;24,7;;25,4;;;;;;;;;;;;;;;;;;;;;;;;;;;
3º. Tráfico / atascos;;34,9;;28,1;;;;;;;;;;;;;;;;;;;;;;;;;;;
1.7.4. Percepción de seguridad (escala 0-10);;;;;;;;;;;;;;;;;;;;;;;;;;;;;;;
Percepción de seguridad en Madrid;;7,3;;7,1;;;;;;;;;;;;;;;;;;;;;;;;;;;
Percepción de seguridad en el barrio por el día;;8,2;;8,1;;;;;;;;;;;;;;;;;;;;;;;;;;;
Percepción de seguridad en el barrio por la noche;;6,7;;6,5;;;;;;;;;;;;;;;;;;;;;;;;;;;
1.7.5. Medida en la que la ciudadania se siente informada de lo que hace el Ayuntamiento (escala 0-10);;;;;;;;;;;;;;;;;;;;;;;;;;;;;;;
Medida en la que la ciudadania se siente informada de lo que hace el Ayuntamiento;;5,4;;5,1;;;;;;;;;;;;;;;;;;;;;;;;;;;
1.7.6. Amigabilidad de la ciudad de Madrid (escala 0-10);;;;;;;;;;;;;;;;;;;;;;;;;;;;;;;
Madrid ciudad amigable con las personas lesbianas, gays, transexuales y bisexuales;;6,9;;6,9;;;;;;;;;;;;;;;;;;;;;;;;;;;
1.8. INDICADORES DE VULNERABILIDAD;;;;;;;;;;;;;;;;;;;;;;;;;;;;;;;
1.8.1. Tasa de riesgo de pobreza o exclusión social. Indicador AROPE (2019. Encuesta de Condiciones de Vida);;;;;;;;;;;;;;;;;;;;;;;;;;;;;;;
Tasa de riesgo de pobleza o exclusión social;26.2%;;;;;;;;;;;;;;;;;;;;;;;;;;;;;;
Tasa de riesgo de pobleza o exclusión social HOMBRES;24.3%;;;;;;;;;;;;;;;;;;;;;;;;;;;;;;
Tasa de riesgo de pobleza o exclusión social MUJERES;27.9%;;;;;;;;;;;;;;;;;;;;;;;;;;;;;;
Tasa de riesgo de pobleza o exclusión social N. ESPAÑOLA (>16 años);21,3%;;;;;;;;;;;;;;;;;;;;;;;;;;;;;;
Tasa de riesgo de pobleza o exclusión social N. EXTRANJERA UNIÓN EUROPEA (>16 años);37,1%;;;;;;;;;;;;;;;;;;;;;;;;;;;;;;
Tasa de riesgo de pobleza o exclusión social N. EXTRANJERA RESTO DEL MUNDO (>16 años);61,7%;;;;;;;;;;;;;;;;;;;;;;;;;;;;;;
1.8.2. Repercusión económica en los hogares por la crisis de Covid- 19  (Octubre, 2020);;;;;;;;;;;;;;;;;;;;;;;;;;;;;;;
Hogar Unipersonal, de personas de menos de 65 años. No les ha afectado la crisis del coronavirus en los ingresos del hogar ;;65,9%;;;;;;;;;;;;;;;;;;;;;;;;;;;;;
Hogar Unipersonal, de personas de menos de 65 años. Les ha afectado la crisis del coronavirus en el aumento de sus  ingresos del hogar ;;0,0%;;;;;;;;;;;;;;;;;;;;;;;;;;;;;
Hogar Unipersonal, de personas de menos de 65 años. Les ha afectado la crisis del coronavirus en la disminución de sus ingresos del hogar ;;33,7%;;;;;;;;;;;;;;;;;;;;;;;;;;;;;
Hogar Unipersonal, de personas de  65 años o más. No les ha afectado la crisis del coronavirus en los ingresos del hogar ;;89,8%;;;;;;;;;;;;;;;;;;;;;;;;;;;;;
Hogar Unipersonal, de personas de  65 años o más. Les ha afectado la crisis del coronavirus en el aumento de sus  ingresos del hogar;;0,0%;;;;;;;;;;;;;;;;;;;;;;;;;;;;;
Hogar Unipersonal, de personas de  65 años o más. Les ha afectado la crisis del coronavirus en la disminución de sus ingresos del hogar ;;8,7%;;;;;;;;;;;;;;;;;;;;;;;;;;;;;
Hogares monoparentales. No les ha afectado la crisis del coronavirus en los ingresos del hogar  ;;50,0%;;;;;;;;;;;;;;;;;;;;;;;;;;;;;
Hogares monoparentales. Les ha afectado la crisis del coronavirus en el aumento de sus  ingresos del hogar;;1,9%;;;;;;;;;;;;;;;;;;;;;;;;;;;;;
Hogares monoparentales. Les ha afectado la crisis del coronavirus en la disminución de sus ingresos del hogar;;46,8%;;;;;;;;;;;;;;;;;;;;;;;;;;;;;
Hogares formados por pareja sin hijos/as.  No les ha afectado la crisis del coronavirus en los ingresos del hogar ;;67,8%;;;;;;;;;;;;;;;;;;;;;;;;;;;;;
Hogares formados por pareja sin hijos/as.  Les ha afectado la crisis del coronavirus en el aumento de sus  ingresos del hogar ;;0,9%;;;;;;;;;;;;;;;;;;;;;;;;;;;;;
Hogares formados por pareja sin hijos/as. Les ha afectado la crisis del coronavirus en la disminución de sus ingresos del hogar ;;30,6%;;;;;;;;;;;;;;;;;;;;;;;;;;;;;
Hogares formados por pareja con hijos/as. No les ha afectado la crisis del coronavirus en los ingresos del hogar;;53,5%;;;;;;;;;;;;;;;;;;;;;;;;;;;;;
Hogares formados por pareja con hijos/as.  Les ha afectado la crisis del coronavirus en el aumento de sus  ingresos del hogar ;;2,7%;;;;;;;;;;;;;;;;;;;;;;;;;;;;;
Hogares formados por pareja con hijos/as. Les ha afectado la crisis del coronavirus en la disminución de sus ingresos del hogar;;42,5%;;;;;;;;;;;;;;;;;;;;;;;;;;;;;
1.9. SERVICIOS SOCIALES;;;;;;;;;;;;;;;;;;;;;;;;;;;;;;;
1.9.1. Población en general (2020);;;;;;;;;;;;;;;;;;;;;;;;;;;;;;;
Personas atendidas en la Unidad de Primera Atención en Centros de Servicios Sociales;;104.491 ;3,2%;3.337;;;;;;;;;;;;;;;;;;;;;;;;;;;
Solicitudes tramitadas de Renta Mínima de Inserción ;;4.473 ;4,9%;219;;;;;;;;;;;;;;;;;;;;;;;;;;;
Personas perceptoras de prestación de la Renta Mínima de Inserción;;14.371 ;7,9%;1.130;;;;;;;;;;;;;;;;;;;;;;;;;;;
Personas beneficiarias de prestaciones sociales de carácter económico (2021);;15.535 ;3,7%;569;;;;;;;;;;;;;;;;;;;;;;;;;;;
Total prestaciones sociales de carácter económico (€);;13.591.487 €;4,1%;553.154;;;;;;;;;;;;;;;;;;;;;;;;;;;
1.9.2. Personas Mayores (2021);;;;;;;;;;;;;;;;;;;;;;;;;;;;;;;
Personas con Servicio de Ayuda a Domicilio (modalidad auxiliar de hogar);;77.834 ;2,0%;1.552;;;;;;;;;;;;;;;;;;;;;;;;;;;
Hombres;;19.039 ;2,1%;392;;;;;;;;;;;;;;;;;;;;;;;;;;;
Mujeres;;58.795 ;2,0%;1.160;;;;;;;;;;;;;;;;;;;;;;;;;;;
Personas socias de los Centros Municipales de Mayores;;331.471 ;2,9%;9.633;;;;;;;;;;;;;;;;;;;;;;;;;;;
Hombres;;121.511 ;3,2%;3.869;;;;;;;;;;;;;;;;;;;;;;;;;;;
Mujeres ;;209.960 ;2,7%;5.764;;;;;;;;;;;;;;;;;;;;;;;;;;;
1.9.3. Menores y Familia (2020);;;;;;;;;;;;;;;;;;;;;;;;;;;;;;;
Familias atendidas por el Equipo de Trabajo con Menores y Familia (ETMF);;4.358;1,0%;42;;;;;;;;;;;;;;;;;;;;;;;;;;;
Demandas de intervención en los Centros de Atención a la Infancia (CAI);;1.615;3,5%;56;;;;;;;;;;;;;;;;;;;;;;;;;;;
Menores atendidos por el Servicio de Ayuda a domicilio a Menores y Familias (SAD) ;;1.243;3,9%;49;;;;;;;;;;;;;;;;;;;;;;;;;;;
1.10. VIVIENDA;;;;;;;;;;;;;;;;;;;;;;;;;;;;;;;
1.10.1. Información sobre datos catastrales;;;;;;;;;;;;;;;;;;;;;;;;;;;;;;;
Número de inmuebles de uso residencial (2020);;1.494.204,0 ;3,3%;48.739;30,7%;14.947;20,0%;9.740;49,3%;24.052;;;;;;;;;;;;;;;;;;;;;
Superficie media construida (m2) inmuebles de uso residencial (2020);;115,4 ;87,5%;101,0;79,2%;80,0;101,0%;102,0;119,8%;121,0;;;;;;;;;;;;;;;;;;;;;
Año medio de construcción de inmuebles de uso residencial (2020);;1.973,1 ;;1.990;;1.981;;1.981;;2.009;;;;;;;;;;;;;;;;;;;;;
Valor catastral medio de los bienes inmuebles: personas físicas (2021) en miles de €;;90,4 ;68,6%;62,1;;;;;;;;;;;;;;;;;;;;;;;;;;;
Valor catastral medio de los bienes inmuebles: personas jurídicas (2021) en miles de €;;370,3 ;39,4%;146,0;;;;;;;;;;;;;;;;;;;;;;;;;;;
Superficie media de la vivienda (m2) en transacción (2020);;85,6 ;96,7%;82,73;81,1%;67,08;108,9%;90,06;106,9%;88,47;;;;;;;;;;;;;;;;;;;;;
Duración media del crédito (meses) en transacción de vivienda (2020);;296,0 ;108,4%;321;99,1%;318;103,1%;331;99,7%;320;;;;;;;;;;;;;;;;;;;;;
1.10.2. Lanzamientos judiciales (Consejo General del Poder Judicial);;;;;;;;;;;;;;;;;;;;;;;;;;;;;;;
Lanzamientos judiciales practicados (2013);100%;5.020 ;;;;;;;;;;;;;;;;;;;;;;;;;;;;;
Como consecuencia de ejecuciones hipotecarias;29,9%;1.501;;;;;;;;;;;;;;;;;;;;;;;;;;;;;
Como consecuencia de la Ley de Arrendamientos Urbanos;62,5%;3.137;;;;;;;;;;;;;;;;;;;;;;;;;;;;;
Lanzamientos judiciales practicados (2021);100%;2.003 ;;;;;;;;;;;;;;;;;;;;;;;;;;;;;
Como consecuencia de ejecuciones hipotecarias;12,0%;240;;;;;;;;;;;;;;;;;;;;;;;;;;;;;
Como consecuencia de la Ley de Arrendamientos Urbanos;85,0%;1.702;;;;;;;;;;;;;;;;;;;;;;;;;;;;;
1.11. MEDIO AMBIENTE Y RESIDUOS;;;;;;;;;;;;;;;;;;;;;;;;;;;;;;;
1.11.1. Contaminantes del aire (2020/21);;;;;;;;;;;;;;;;;;;;;;;;;;;;;;;
Partículas suspensión PM2.5 (µgr/m3) -Valor límite: 25 µgr/m3- ;;9,6;;;;;;;;;;;;;;;;;;;;;;;;;;;;;
Partículas suspensión PM10 (µgr/m3) -Valor límite: 40 µgr/m3-;;18,6;;;;;;;;;;;;;;;;;;;;;;;;;;;;;
Dióxido de azufre - SO2 (µgr/m3) -Valor límite: 125 µgr/m3-;;5,7;;;;;;;;;;;;;;;;;;;;;;;;;;;;;
Monóxido de carbono - CO (mg/m3) -Valor límite: 10 µgr/m3-;;0,3;;;;;;;;;;;;;;;;;;;;;;;;;;;;;
Ozono - O3 (µgr/m3) -Valor límite: 120 µgr/m3-;;50,4;;;;;;;;;;;;;;;;;;;;;;;;;;;;;
Dióxido de nitrógeno - NO2 (µgr/m3) -Valor límite: 40 µgr/m3-;;27,2;;;;;;;;;;;;;;;;;;;;;;;;;;;;;
Temperatura media anual (ºC);;16,1;;;;;;;;;;;;;;;;;;;;;;;;;;;;;
Protocolo de contaminación: nº de episodios (2021);;2;;;;;;;;;;;;;;;;;;;;;;;;;;;;;
"Protocolo de contaminación: nº de días ""Escenario 1"" (2021)";;5;;;;;;;;;;;;;;;;;;;;;;;;;;;;;
1.11.2. Recogida domiciliaria de residuos sólidos: envases y resto (2020);;;;;;;;;;;;;;;;;;;;;;;;;;;;;;;
kg/habitante/año;;293;;533;;;;;;;;;;;;;;;;;;;;;;;;;;;
kg/habitante/día;;0,80;;1,46;;;;;;;;;;;;;;;;;;;;;;;;;;;
1.12. SEGURIDAD;;;;;;;;;;;;;;;;;;;;;;;;;;;;;;;
1.12.1. Intervenciones de la Policía Municipal en materia de seguridad (2021);;;;;;;;;;;;;;;;;;;;;;;;;;;;;;;
Relacionadas con las personas;;4.132;4,7%;194;;;;;;;;;;;;;;;;;;;;;;;;;;;
Relacionadas con la tenencia de armas;;815;2,9%;24;;;;;;;;;;;;;;;;;;;;;;;;;;;
Relacionadas con el patrimonio;;4.655;3,8%;177;;;;;;;;;;;;;;;;;;;;;;;;;;;
Relacionadas con la tenencia y consumo de drogas;;6.300;9,1%;576;;;;;;;;;;;;;;;;;;;;;;;;;;;
Inspecciones y actuaciones en locales de espectáculos públicos y actividades recreativas;;20.036;1,5%;302;;;;;;;;;;;;;;;;;;;;;;;;;;;
Expedientes instruidos por Agentes Tutores;;530;0,4%;2;;;;;;;;;;;;;;;;;;;;;;;;;;;
Atestados/partes de accidentes de tráfico confeccionados;;17.947;2,6%;469;;;;;;;;;;;;;;;;;;;;;;;;;;;
1.12.2. Personas detenidas e investigadas por la Policía Municipal en materia de seguridad (2021);;;;;;;;;;;;;;;;;;;;;;;;;;;;;;;
Total personas detenidas e investigadas;100%;8.105;2,6%;210;;;;;;;;;;;;;;;;;;;;;;;;;;;
Lesiones;4,0%;328;;;;;;;;;;;;;;;;;;;;;;;;;;;;;
Violencia doméstica y de género;8,5%;687;;;;;;;;;;;;;;;;;;;;;;;;;;;;;
Malos tratos a menores;0,7%;56;;;;;;;;;;;;;;;;;;;;;;;;;;;;;
Abusos y agresiones sexuales;0,7%;60;;;;;;;;;;;;;;;;;;;;;;;;;;;;;
Hurtos;9,5%;769;;;;;;;;;;;;;;;;;;;;;;;;;;;;;
Robo con violencia e intimidación en personas;2,1%;171;;;;;;;;;;;;;;;;;;;;;;;;;;;;;
Contra la salud pública;4,6%;371;;;;;;;;;;;;;;;;;;;;;;;;;;;;;
Contra la seguridad vial;41,3%;3.344;;;;;;;;;;;;;;;;;;;;;;;;;;;;;
1.13. RESULTADOS ELECCIONES LOCALES (2019);;;;;;;;;;;;;;;;;;;;;;;;;;;;;;;
Censo electoral;100,0%;2.397.881;100%;77.371;100%;27.640;100%;19.351;100%;30.380;;;;;;;;;;;;;;;;;;;;;
Abstención;31,8%;761.923;35%;27.011;42%;11.659;28%;5.798;28%;9.554;;;;;;;;;;;;;;;;;;;;;
Votos blancos;0,3%;6.945;0,3%;253;0,3%;86;0,3%;60;0%;107;;;;;;;;;;;;;;;;;;;;;
Votos a candidaturas;68,2%;1.623.174;64,5%;49.888;57,2%;15.816;69,4%;13.421;68%;20.651;;;;;;;;;;;;;;;;;;;;;
Más Madrid;31,1%;505.159;39,9%;19.896;40,2%;6.358;34,3%;4.598;43,3%;8.940;;;;;;;;;;;;;;;;;;;;;
PP;24,4%;395.344;12,6%;6.265;12,3%;1.950;18,0%;2.415;9,2%;1.900;;;;;;;;;;;;;;;;;;;;;
Ciudadanos;19,3%;312.536;19,0%;9.496;13,8%;2.185;18,5%;2.478;23,4%;4.833;;;;;;;;;;;;;;;;;;;;;
PSOE;13,8%;224.074;17,3%;8.623;22,5%;3.557;18,6%;2.497;12,4%;2.569;;;;;;;;;;;;;;;;;;;;;
VOX;7,7%;124.969;6,5%;3.267;5,5%;867;6,9%;921;7,2%;1.479;;;;;;;;;;;;;;;;;;;;;
1.14. SERVICIOS Y EQUIPAMIENTOS MUNICIPALES;;;;;;;;;;;;;;;;;;;;;;;;;;;;;;;
1.14.1. Servicios Sociales Municipales (2021);;;;;;;;;;;;;;;;;;;;;;;;;;;;;;;
Centros de Servicios Sociales;;38;2,6%;1;;1;;0;;0;;;;;;;;;;;;;;;;;;;;;
Centros Municipales de Mayores ;;91;2,2%;2;;1;;1;;0;;;;;;;;;;;;;;;;;;;;;
Centros de Día de Alzheimer y Físicos;;100;2,0%;2;;1;;1;;0;;;;;;;;;;;;;;;;;;;;;
Apartamentos Municipales para Mayores;;2;0,0%;0;;0;;0;;0;;;;;;;;;;;;;;;;;;;;;
Residencias para personas Mayores ;;3;0,0%;0;;0;;0;;0;;;;;;;;;;;;;;;;;;;;;
Centros de Apoyo a las Familias (CAF);;7;0,0%;0;;0;;0;;0;;;;;;;;;;;;;;;;;;;;;
Centros de Atención a la Infancia (CAI);;13;7,7%;1;;1;;0;;0;;;;;;;;;;;;;;;;;;;;;
Centro de Día de Atención a Niños y Niñas (de 3 a 12 años);;29;3,4%;1;;0;;1;;0;;;;;;;;;;;;;;;;;;;;;
Espacios de Ocio para Adolescentes (El Enredadero);;6;0,0%;0;;0;;0;;0;;;;;;;;;;;;;;;;;;;;;
Centros de Adolescentes y Jóvenes (ASPA) ;;8;12,5%;1;;1;;0;;0;;;;;;;;;;;;;;;;;;;;;
Centros para personas sin hogar;;13;0,0%;0;;0;;0;;0;;;;;;;;;;;;;;;;;;;;;
1.14.2. Género (2021);;;;;;;;;;;;;;;;;;;;;;;;;;;;;;;
Espacios de Igualdad;;18;5,6%;1;;1;;0;;0;;;;;;;;;;;;;;;;;;;;;
1.14.3. Salud (2020);;;;;;;;;;;;;;;;;;;;;;;;;;;;;;;
Centros Municipales de Salud Comunitaria (CMSC);;16;6,3%;1;;1;;0;;0;;;;;;;;;;;;;;;;;;;;;
Centros de Atención a las Adicciones (CAD y CCAD);;10;0,0%;0;;0;;0;;0;;;;;;;;;;;;;;;;;;;;;
1.14.4. Cultura (2021);;;;;;;;;;;;;;;;;;;;;;;;;;;;;;;
Nº de Bibliotecas Municipales;;33;3,0%;1;;1;;0;;0;;;;;;;;;;;;;;;;;;;;;
Nº de Bibliotecas Comunidad Madrid;;15;6,7%;1;;0;;1;;0;;;;;;;;;;;;;;;;;;;;;
Nº de Centros y Espacios Culturales;;105;1,9%;2;;1;;1;;0;;;;;;;;;;;;;;;;;;;;;
1.14.5. Deportes (2021);;;;;;;;;;;;;;;;;;;;;;;;;;;;;;;
Instalaciones deportivas básicas;;509;6,3%;32;;8;;14;;10;;;;;;;;;;;;;;;;;;;;;
Centros deportivos municipales;;78;3,8%;3;;1;;1;;1;;;;;;;;;;;;;;;;;;;;;
Superficie deportiva m2 en centros deportivos municipales (2020);;2.074.404;3,5%;72.050;;;;;;;;;;;;;;;;;;;;;;;;;;;
Campos de fútbol 11;;22;0,0%;0;;0;;0;;0;;;;;;;;;;;;;;;;;;;;;
Pista de atletismo ;;8;0,0%;0;;0;;0;;0;;;;;;;;;;;;;;;;;;;;;
Piscinas cubiertas;;50;4,0%;2;;0;;1;;1;;;;;;;;;;;;;;;;;;;;;
Piscinas de verano;;23;4,3%;1;;0;;1;;0;;;;;;;;;;;;;;;;;;;;;
1.14.6. Zonas verdes (2021);;;;;;;;;;;;;;;;;;;;;;;;;;;;;;;
Superficie de zonas verdes y Parques de distrito (Ha);;3.407,3;8,4%;285,4;;;;;;;;;;;;;;;;;;;;;;;;;;;
Superficie de zonas verdes y Parques de distrito (Ha) / nº de Habitantes *10.000;;10,2;243,5%;24,8;;;;;;;;;;;;;;;;;;;;;;;;;;;
Superficie Parques Históricos, Singulares y Forestales por distrito  ;;2.624,2;0,0%;0,2;;;;;;;;;;;;;;;;;;;;;;;;;;;
Superficie Parques Históricos, Singulares y Forestales distrito / nº Habitantes *10.000;;7,8;0,3%;0,02;;;;;;;;;;;;;;;;;;;;;;;;;;;
1.14.7. Educación (Curso académico 2021/22);;;;;;;;;;;;;;;;;;;;;;;;;;;;;;;
Escuelas Infantiles Municipales ;;74;4,1%;3;;2;;0;;1;;;;;;;;;;;;;;;;;;;;;
Escuelas Infantiles Públicas CAM y Municipales;;154;3,2%;5;;;;;;;;;;;;;;;;;;;;;;;;;;;
Escuelas Infantiles Privadas;;402;4,7%;19;;;;;;;;;;;;;;;;;;;;;;;;;;;
Colegios Públicos Infantil y Primaria ;;249;4,4%;11;;7;;3;;1;;;;;;;;;;;;;;;;;;;;;
Institutos Públicos de Educación Secundaria;;114;2,6%;3;;;;;;;;;;;;;;;;;;;;;;;;;;;
Colegios Privados Inf. o Pri. o Inf. y Pri.;;78;2,6%;2;;;;;;;;;;;;;;;;;;;;;;;;;;;
Colegios Privados Inf., Pri. y Sec. o Pri. y Sec. ;;278;3,2%;9;;;;;;;;;;;;;;;;;;;;;;;;;;;
1.14.8. Empresa y Comercio (2021);;;;;;;;;;;;;;;;;;;;;;;;;;;;;;;
Mercados Municipales;;45;4,4%;2;;1;;1;;0;;;;;;;;;;;;;;;;;;;;;
1.15. PARTICIPACIÓN CIUDADANA ;;;;;;;;;;;;;;;;;;;;;;;;;;;;;;;
1.15.1. Entidades de participación ciudadana (2021) ;;;;;;;;;;;;;;;;;;;;;;;;;;;;;;;
Asociaciones (Sección 1ª);;2.682;3,0%;81;54,3%;44;25,9%;21;19,8%;16;;;;;;;;;;;;;;;;;;;;;
Nº de asociaciones culturales y casas regionales;;550;2,9%;16;62,5%;10;31,3%;5;6,3%;1;;;;;;;;;;;;;;;;;;;;;
Nº de asociaciones de mujeres;;90;2,2%;2;100,0%;2;0,0%;0;0,0%;0;;;;;;;;;;;;;;;;;;;;;
Nº de asociaciones vecinales;;236;2,1%;5;0,0%;0;60,0%;3;40,0%;2;;;;;;;;;;;;;;;;;;;;;
Fundaciones (Sección 2ª);;87;2,3%;2;0,0%;0;0,0%;0;100,0%;2;;;;;;;;;;;;;;;;;;;;;
;;;;;;;;;;;;;;;;;;;;;;;;;;;;;;;
;;;;;;;;;;;;;;;;;;;;;;;;;;;;;;;
1.16. PRESUPUESTO 2022;Acuerdo de 29 de diciembre de 2021 del Pleno del Ayuntamiento de Madrid. Publicación: BOAM Nùm. 9.046, 31 de diciembre de 2021. BOCM Núm. 312, 31 de diciembre de 2021.;;;;;;;;;;;;;;;;;;;;;;;;;;;;;;
PROGRAMA;;CAPÍTULOS;;;;;;;;;;;;;;;;;;;;;;;;;;;;;
;;1;;2;;3;;4;;5;;6;;7;;TOTAL;;;;;;;;;;;;;;;
OTRAS ACTUACIONES EN VÍAS PÚBLICAS;153.22;;;3.000 €;;;;;;;;185.000 €;;;;188.000 €;;;;;;;;;;;;;;;
ZONAS VERDES;171.02;;;;;;;;;;;405.000 €;;;;405.000 €;;;;;;;;;;;;;;;
FAMILIA E INFANCIA;231.02;;;167.238 €;;;;45.000 €;;;;;;;;212.238 €;;;;;;;;;;;;;;;
MAYORES;231.03;;;4.374.879 €;;;;27.000 €;;;;376.609 €;;9.000 €;;4.787.488 €;;;;;;;;;;;;;;;
SERVICIOS SOCIALES Y EMERGENCIA SOCIAL;231.06;2.442.894 €;;1.003.848 €;;;;363.105 €;;;;;;19.283 €;;3.829.130 €;;;;;;;;;;;;;;;
SALUBRIDAD PÚBLICA;311.01;485.264 €;;43.595 €;;;;;;;;;;;;528.859 €;;;;;;;;;;;;;;;
CENTROS DOCENTES ENSEÑANZA INFANTIL Y PRIMARIA;323.01;;;3.785.916 €;;;;;;;;410.000 €;;;;4.195.916 €;;;;;;;;;;;;;;;
ABSENTISMO;325.01;;;154.788 €;;;;;;;;;;;;154.788 €;;;;;;;;;;;;;;;
SERVICIOS COMPLEMENTARIOS EDUCACIÓN;326.01;;;305.808 €;;;;1.800 €;;;;;;;;307.608 €;;;;;;;;;;;;;;;
ACTIVIDADES CULTURALES;334.01;282.850 €;;809.991 €;;;;3.400 €;;;;;;;;1.096.241 €;;;;;;;;;;;;;;;
ACTUACIONES DEPORTIVAS EN DISTRITOS;341.01;;;269.922 €;;;;;;;;;;;;269.922 €;;;;;;;;;;;;;;;
INSTALACIONES DEPORTIVAS;342.01;3.440.939 €;;1.618.360 €;;;;;;;;540.000 €;;;;5.599.299 €;;;;;;;;;;;;;;;
CONSUMO;493.00;263.123 €;;;;;;;;;;;;;;263.123 €;;;;;;;;;;;;;;;
CONCEJALÍA-PRESIDENCIA DEL DISTRITO;912.20;244.637 €;;100 €;;;;;;;;;;;;244.737 €;;;;;;;;;;;;;;;
DIREC. Y GESTIÓN ADMTVA. DEL DISTRITO;920.01;5.069.186 €;;237.500 €;;;;;;;;;;;;5.306.686 €;;;;;;;;;;;;;;;
PARTICIPACIÓN CIUDADANA;924.01;;;10.000 €;;;;60.000 €;;;;;;;;70.000 €;;;;;;;;;;;;;;;
EDIFICIOS;933.02;;;1.928.922 €;;;;;;;;120.000 €;;;;2.048.922 €;;;;;;;;;;;;;;;
CENTRO 001;;12.228.893 €;;14.713.867 €;;0 €;;500.305 €;;0 €;;2.036.609 €;;28.283 €;;29.507.957 €;;;;;;;;;;;;;;;
SECCIÓN 218;;12.228.893 €;;14.713.867 €;;0 €;;500.305 €;;0 €;;2.036.609 €;;28.283 €;;29.507.957 €;;;;;;;;;;;;;;;
;;;;;;;;;;;;;;;;;;;;;;;;;;;;;;;
;;;;;;;;;;;;;;;;;;;;;;;;;;;;;;;
;;;;;;;;;;;;;;;;;;;;;;;;;;;;;;;
;;;;;;;;;;;;;;;;;;;;;;;;;;;;;;;
;;;;;;;;;;;;;;;;;;;;;;;;;;;;;;;
;;;;;;;;;;;;;;;;;;;;;;;;;;;;;;;
;;;;;;;;;;;;;;;;;;;;;;;;;;;;;;;
;;;;;;;;;;;;;;;;;;;;;;;;;;;;;;;
;;;;;;;;;;;;;;;;;;;;;;;;;;;;;;;
;;;;;;;;;;;;;;;;;;;;;;;;;;;;;;;
;;;;;;;;;;;;;;;;;;;;;;;;;;;;;;;
;;;;;;;;;;;;;;;;;;;;;;;;;;;;;;;
;;;;;;;;;;;;;;;;;;;;;;;;;;;;;;;
;;;;;;;;;;;;;;;;;;;;;;;;;;;;;;;
;;;;;;;;;;;;;;;;;;;;;;;;;;;;;;;
;;;;;;;;;;;;;;;;;;;;;;;;;;;;;;;
;;;;;;;;;;;;;;;;;;;;;;;;;;;;;;;
;;;;;;;;;;;;;;;;;;;;;;;;;;;;;;;
;;;;;;;;;;;;;;;;;;;;;;;;;;;;;;;
;;;;;;;;;;;;;;;;;;;;;;;;;;;;;;;
;;;;;;;;;;;;;;;;;;;;;;;;;;;;;;;
;;;;;;;;;;;;;;;;;;;;;;;;;;;;;;;
