12. USERA. INFORMACIÓN DE DISTRITO Y BARRIOS;;;;;;;;;;;;;;;;;;;;;;
 ;CIUDAD;;USERA;;Orcasitas;;Orcasur;;San Fermín;;Almendrales;;Moscardó;;Zofío;;Pradolongo;;;;;
1.1 CARACTERÍSTICAS GENERALES DEL DISTRITO-BARRIO;;;;;;;;;;;;;;;;;;;;;;
Superficie (Ha.) ;;60.445,52;777,77;;135,64;;138,73;;147,54;;78,01;;90,88;;77,4;;109,57;;;;;
Densidad (hab./Ha.) ;;54,03;179,36;;168,37;;99,53;;160,40;;274,81;;289,98;;180,46;;159,08;;;;;
1.2. LA POBLACIÓN DEL DISTRITO;;;;;;;;;;;;;;;;;;;;;;
1.2.1. Estructura de la población (01/01/2019);;;;;;;;;;;;;;;;;;;;;;
Sexo de la población;100%;3.266.126;4,3%;139.501;16,4%;22.837;9,9%;13.808;17,0%;23.666;15,4%;21.439;18,9%;26.353;10,0%;13.968;12,5%;17.430;;;;
Hombres;46,6%;1.521.178;47,2%;65.781;47,1%;10.765;48,5%;6.697;47,8%;11.310;46,8%;10.043;46,7%;12.300;46,6%;6.509;46,8%;8.157;;;;
Mujeres;53,4%;1.744.948;52,8%;73.720;52,9%;12.072;51,5%;7.111;52,2%;12.356;53,2%;11.396;53,3%;14.053;53,4%;7.459;53,2%;9.273;;;;
Edad media de la población;;44,14;;42,34;;43,51;;40,90;;40,22;;41,93;;43,87;;43,29;;42,26;;;;
De 0 a 14 años;13,3%;435.675;14,6%;20.391;16,4%;3.738;15,5%;2.144;17,2%;4.062;14,4%;3.088;12,2%;3.224;12,7%;1.778;13,5%;2.357;;;;
De 15 a 29;15,7%;512.070;17,2%;24.038;14,5%;3.316;18,5%;2.557;17,7%;4.196;17,8%;3.812;16,8%;4.423;18,3%;2.560;18,2%;3.174;;;;
De 30 a 44;22,8%;744.312;22,8%;31.807;20,2%;4.607;22,2%;3.067;21,9%;5.192;24,1%;5.170;24,3%;6.410;22,0%;3.077;24,6%;4.284;;;;
De 45 a 64;27,9%;912.424;28,3%;39.438;29,5%;6.737;29,1%;4.023;28,9%;6.843;27,4%;5.876;27,7%;7.308;28,9%;4.034;26,5%;4.617;;;;
De 65 a 79;13,0%;423.670;10,2%;14.160;10,9%;2.495;9,1%;1.262;9,5%;2.253;9,1%;1.952;11,1%;2.916;10,8%;1.514;10,1%;1.768;;;;
De 80 y + ;7,3%;237.975;6,9%;9.667;8,5%;1.944;5,5%;755;4,7%;1.120;7,2%;1.541;7,9%;2.072;7,2%;1.005;7,1%;1.230;;;;
De 65 y +;20,3%;661.645;17,1%;23.827;19,4%;4.439;14,6%;2.017;14,3%;3.373;16,3%;3.493;18,9%;4.988;18,0%;2.519;17,2%;2.998;;;;
Población en etapa educativa (De 3 a 16 años -16 no incluidos-);11,6%;379.646;13,0%;18.132;15,0%;3.432;13,7%;1.893;15,9%;3.773;12,6%;2.691;10,4%;2.732;11,3%;1.578;11,7%;2.033;;;;
Proporción de juventud (Población de 0-15 años/Población total);14,2%;;15,6%;;17,4%;;16,6%;;18,4%;;15,3%;;13,1%;;13,8%;;14,4%;;0,121910162;;;
Proporción de envejecimiento (Población > 65 años/Población total);20,3%;;17,1%;;19,4%;;14,6%;;14,3%;;16,3%;;18,9%;;18,0%;;17,2%;;0,202622486;;;
Proporción de sobreenvejecimiento (Población > 80 años/Población >65 años);36,0%;;40,6%;;43,8%;;37,4%;;33,2%;;44,1%;;41,5%;;39,9%;;41,0%;;0,335373852;;;
Índice de envejecimiento activo (2017);;37,0;;;;;;;;;;;;;;;;;;;;
Hombres;;38,6;;;;;;;;;;;;;;;;;;;;
Mujeres;;35,8;;;;;;;;;;;;;;;;;;;;
Proporción de dependencia (Población de 0-15 + población 65 y + / Pob. 16-64) ;52,6%;;48,61;;58,39;;45,47;;48,49;;46,15;;47,1;;46,61;;46,3;;0,480456453;;;
Personas con nacionalidad española;85,9%;2.805.478;78,0%;108.764;91,7%;20.944;85,1%;11.754;80,9%;19.146;72,6%;15.570;72,8%;19.180;76,2%;10.645;66,1%;11.525;;;;
Personas con nacionalidad española HOMBRES;46,6%;1.308.240;46,6%;50.718;47,3%;9.901;48,4%;5.693;47,8%;9.154;45,9%;7.141;45,4%;8.700;46,0%;4.901;45,4%;5.228;;;;
Personas con nacionalidad española MUJERES;53,4%;1.497.238;53,4%;58.046;52,7%;11.043;51,6%;6.061;52,2%;9.992;54,1%;8.429;54,6%;10.480;54,0%;5.744;54,6%;6.297;;;;
Personas con nacionalidad extranjera;14,1%;460.623;22,0%;30.737;8,3%;1.893;14,9%;2.054;19,1%;4.520;27,4%;5.869;27,2%;7.173;23,8%;3.323;33,9%;5.905;;;;
Personas con nacionalidad extranjera HOMBRES;46,2%;212.925;49,0%;15.063;45,6%;864;48,9%;1.004;47,7%;2.156;49,4%;2.902;50,2%;3.600;48,4%;1.608;49,6%;2.929;;;;
Personas con nacionalidad extranjera MUJERES;53,8%;247.698;51,0%;15.674;54,4%;1.029;51,1%;1.050;52,3%;2.364;50,6%;2.967;49,8%;3.573;51,6%;1.715;50,4%;2.976;;;;
Proporción de inmigrantes (Extranjeros menos UE y resto países de OCDE / Población total);9,8%;;18,9%;;6,1%;;12,3%;;15,4%;;24,4%;;23,7%;;19,6%;;31,1%;;;;;
1ª nacionalidad extranjera en el Distrito: China (% respecto total extranjeros del distrito);8,4%;38.547;31,1%;9.564;13,7%;260;30,6%;629;22,5%;1.016;34,7%;2.035;32,8%;2.351;19,3%;642;44,6%;2.631;;;;
2ª nacionalidad extranjera en el Distrito: Bolivia (% respecto total extranjeros del distrito);3,2%;14.698;9,2%;2816;4,1%;77;5,0%;103;2,9%;131;10,2%;600;12,5%;897;9,8%;324;11,6%;683;;;;
1.2.2. Estructura de los hogares (01-01-2019);;;;;;;;;;;;;;;;;;;;;;
Nº total de hogares;100%;1.290.164;3,9%;49.780;16,9%;8.436;9,5%;4.724;16,6%;8.263;15,4%;7.646;19,6%;9.763;10,0%;4.990;18,3%;5.958;0,071608759;4258;;
Tamaño medio del hogar;;2,53  ;;2,80;;2,71;;2,92;;2,86;;2,80;;2,70;;2,80;;2,93;;2,650775012;;
Hogares con una mujer sola >65 años;9,8%;126.044;9,5%;4.722;10,1%;852;6,8%;322;6,9%;569;10,2%;780;11,5%;1.118;9,8%;488;10,0%;593;0,083137623;354;;
Hogares con un hombre solo >65 años;2,8%;36.720;2,7%;1.325;2,7%;224;2,2%;105;2,3%;194;2,7%;206;3,2%;311;2,4%;120;2,8%;165;0,026068577;111;;
Hogares monoparentales: una mujer adulta con uno o más menores;21,1%;27.460;2,3%;1.164;2,5%;211;2,6%;123;3,3%;269;2,1%;163;1,7%;169;2,2%;108;2,0%;121;0,020901832;89;;
Hogares monoparentales: un hombre adulto con uno o más menores;0,4%;5.491;0,3%;159;0,5%;39;0,4%;21;0,4%;37;0,3%;20;0,2%;17;0,2%;9;0,3%;16;0,005401597;23;;
1.2.3. Dinámica demográfica;;;;;;;;;;;;;;;;;;;;;;
Tasa bruta de natalidad 2018 (‰);;8,57;;8,8;;6,8;;8,8;;9,3;;9,2;;10,0;;8,2;;8,8;;5,912460289;;
Tasa de crecimiento demográfico 2018 (%);;1,37;;1,8;;1,2;;1,7;;2,0;;2,1;;2,4;;2,0;;1,1;;-0,794211084;;
Esperanza de vida al nacer MUJERES *(mortalidad del periodo 2013-2016);;87,5;;87,1;;88,8;;85,3;;85,2;;86,9;;87,8;;87,5;;86,6;;86,64;;
Esperanza de vida al nacer HOMBRES *(mortalidad del periodo 2013-2016);;81,9;;80,7;;81,1;;78,6;;80,4;;80,0;;81,1;;82,6;;81,1;;81,62;;
Esperanza de vida al nacer MUJERES (2018);;87,6;;87,4;;;;;;;;;;;;;;;;;;
Esperanza de vida al nacer HOMBRES (2018);;82,2;;80,8;;;;;;;;;;;;;;;;;;
Esperanza de vida > 65 años MUJERES (2018);;24,6;;24,3;;;;;;;;;;;;;;;;;;
Esperanza de vida > 65 años HOMBRES (2018);;20,6;;19,7;;;;;;;;;;;;;;;;;;
1.2.4. Mujeres y hombres;;;;;;;;;;;;;;;;;;;;;;
Índice de desigualdad de género IDG (2018);;0,8308;;;;;;;;;;;;;;;;;;;;
Índice de desigualdad de género IDG (2008);;0,7462;;;;;;;;;;;;;;;;;;;;
1.3. INDICADORES ECONÓMICOS ;;;;;;;;;;;;;;;;;;;;;;
Renta neta media anual de los hogares (Urban Audit). 2016;;39.613,0 €;66%;25.954 €;97%;25.064 €;100%;25.998 €;100%;25.887 €;102%;26.567 €;99%;25.753 €;90%;23.479 €;121%;31.306,0 €;;;;
Renta disponible Bruta Per Cápita 2016(a);;21.755;;16.381,0 €;;;;;;;;;;;;;;;;;;
Crecimiento/decrecimiento Renta Bruta Per Cápita 2016(a)-2008;3,1%;658;0,6%;100,6 €;;;;;;;;;;;;;;;;;;
Pensión media mensual del Distrito HOMBRES (2018);; 1.456,2 € ;; 1.203,7 € ;;;;;;;;;;;;;;;;;;
Pensión media mensual del Distrito MUJERES (2018);; 954,0 € ;; 764,0 € ;;;;;;;;;;;;;;;;;;
1.4. INDICADORES DE DESEMPLEO;;;;-5,4%;;;;;;;;;;;;;;;;;;
Tasa de actividad global ciudad de Madrid (EPA. 1º trimestre 2020);61,2%;;;;;;;;;;;;;;;;;;;;;
Hombres ;66,4%;;;;;;;;;;;;;;;;;;;;;
Mujeres;57,0%;;;;;;;;;;;;;;;;;;;;;
Número de parados ciudad de Madrid (EPA. 1º trimestre 2020) (miles);;176,6;;;;;;;;;;;;;;;;;;;;
Hombres (miles);;83,9;;;;;;;;;;;;;;;;;;;;
Mujeres (miles);;92,7;;;;;;;;;;;;;;;;;;;;
Paro registrado (nº de personas registradas en SEPE en febrero 2020);;167.188;5,7%;9.529;15,7%;1.492;12,5%;1.188;17,0%;1.617;14,8%;1.415;16,4%;1.563;9,6%;913;11,8%;1.121;;;;
Tasa absoluta de paro registrado (febrero 2020);7,6%;;9,8%;;10,3%;;12,3%;;10,1%;;9,4%;;8,6%;;9,4%;;9,2%;;0,0623;;;
Tasa absoluta de paro registrado MUJERES;8,1%;;10,6%;;11,3%;;13,5%;;11,0%;;10,0%;;9,3%;;9,7%;;10,1%;;0,073;;;
De 16 a 24 años;4,2%;;6,9%;;7,8%;;8,6%;;6,8%;;7,9%;;5,8%;;4,8%;;6,8%;;0,0131;;;
De 25 a 44 años;7,5%;;10,2%;;11,0%;;13,9%;;11,3%;;9,2%;;8,6%;;10,0%;;9,1%;;0,0817;;;
De 45 a 64 años;9,8%;;12,2%;;12,5%;;15,0%;;12,3%;;11,5%;;11,0%;;11,2%;;12,4%;;0,0855;;;
Tasa absoluta de paro registrado HOMBRES ;7,0%;;8,9%;;9,2%;;11,1%;;9,2%;;8,9%;;7,8%;;9,0%;;8,3%;;0,0508;;;
De 16 a 24 años;4,4%;;6,6%;;8,9%;;9,6%;;7,5%;;6,8%;;4,3%;;3,7%;;5,6%;;0,0196;;;
De 25 a 44 años;6,0%;;8,1%;;8,7%;;11,0%;;8,5%;;7,6%;;6,3%;;8,8%;;7,9%;;0,0439;;;
De 45 a 64 años;8,9%;;10,6%;;9,6%;;11,8%;;10,4%;;11,1%;;10,7%;;11,3%;;9,8%;;0,0671;;;
Parados de larga duración (febrero 2020);38,2%;63.943;38,2%;3.642;;;;;;;;;;;;;;;;;;
Hombres;39,7%;25.381;38,0%;1.383;;;;;;;;;;;;;;;;;;
Mujeres ;60,3%;38.562;62,0%;2.259;;;;;;;;;;;;;;;;;;
Parados que SÍ perciben prestaciones (febrero 2020);43,4%;72.603;39,4%;3.751;;;;;;;;;;;;;;;;;;
Hombres;48,2%;34.979;50,1%;1881;;;;;;;;;;;;;;;;;;
Mujeres ;51,8%;37.624;49,9%;1.870;;;;;;;;;;;;;;;;;;
Parados que NO perciben prestaciones (febrero 2020);56,6%;94.585;60,6%;5.778;;;;;;;;;;;;;;;;;;
Hombres;41,3%;39.063;40,2%;2.324;;;;;;;;;;;;;;;;;;
Mujeres ;58,7%;55.522;59,8%;3.454;;;;;;;;;;;;;;;;;;
1.5. EDUCACIÓN;;;;;;;;;;;;;;;;;;;;;;
1.5.1. Población en etapas educativas (01/01/2018);100,0%;464338;100%;21.801;100%;3.980;100%;2.299;100%;4.355;100%;3.277;100%;3.450;100%;1.922;100%;2.518;;;;
0 a 2 años;18,2%;84.692;16,8%;3.669;13,8%;548;17,7%;406;13,4%;582;17,9%;586;20,8%;718;17,9%;344;19,3%;485;;;;
Infantil (3 a 5 años);18,7%;86.684;17,6%;3.839;16,8%;668;18,4%;423;16,3%;710;18,6%;611;18,2%;628;17,6%;339;18,3%;460;;;;
Primaria (6 a 11 años);38,4%;178.445;39,1%;8.514;42,5%;1.690;37,3%;858;41,1%;1.792;39,3%;1.288;36,0%;1.241;36,7%;705;37,3%;940;;;;
Secundaria (12 a 15 años);24,7%;114.517;26,5%;5.779;27,0%;1.074;26,6%;612;29,2%;1.271;24,2%;792;25,0%;863;27,8%;534;25,1%;633;;;;
Etapas educativas. Total niños;51,2%;237557;51,3%;11.177;51,2%;2.039;52,9%;1.216;50,4%;2.195;51,4%;1.683;51,6%;1.779;50,3%;967;51,5%;1.298;;;;
0 a 2 años;18,2%;43.261;17,1%;1.916;13,1%;268;18,0%;219;14,2%;311;18,2%;306;20,6%;366;18,4%;178;10,6%;268;;;;
Infantil (3 a 5 años);18,7%;44.354;17,5%;1.953;17,5%;357;18,1%;220;15,8%;347;19,5%;328;17,6%;313;17,2%;166;8,8%;222;;;;
Primaria (6 a 11 años);38,5%;91.575;38,7%;4.326;42,4%;865;37,7%;458;39,9%;875;38,0%;639;36,3%;645;37,5%;363;19,1%;481;;;;
Secundaria (12 a 15 años);24,6%;58.367;26,7%;2.982;26,9%;549;26,2%;319;30,2%;662;24,4%;410;25,6%;455;26,9%;260;13,0%;327;;;;
Etapas educativas. Total niñas;48,8%;226.781;48,7%;10.624;48,8%;1.941;47,1%;1.083;49,6%;2.160;48,6%;1.594;48,4%;1.671;49,7%;955;48,5%;1.220;;;;
0 a 2 años;18,3%;41.431;16,5%;1.753;14,4%;280;17,3%;187;12,5%;271;17,6%;280;21,1%;352;17,4%;166;17,8%;217;;;;
Infantil (3 a 5 años);18,7%;42.330;17,8%;1.886;16,0%;311;18,7%;203;16,8%;363;17,8%;283;18,9%;315;18,1%;173;19,5%;238;;;;
Primaria (6 a 11 años);38,3%;86.870;39,4%;4.188;42,5%;825;36,9%;400;42,5%;917;40,7%;649;35,7%;596;35,8%;342;37,6%;459;;;;
Secundaria (12 a 15 años);24,8%;56.150;26,3%;2.797;27,0%;525;27,1%;293;28,2%;609;24,0%;382;24,4%;408;28,7%;274;25,1%;306;;;;
1.5.2. Escolarización de alumnos por tipo de centro (año escolar 2017/18);100,0%;519.294;100%;22.284;;;;;;;;;;;;;;;;;;
En centros PRIVADOS CONCERTADOS;43,1%;223.703;48,3%;10.774;;;;;;;;;;;;;;;;;;
En centros PRIVADOS SIN CONCIERTO;17,9%;92.853;3,4%;757;;;;;;;;;;;;;;;;;;
En centros PÚBLICOS;39,0%;202.738;48,3%;10.753;;;;;;;;;;;;;;;;;;
Total alumnos extranjeros;10,6%;54.812;17,2%;3.828;;;;;;;;;;;;;;;;;;
En centros PRIVADOS CONCERTADOS;34,9%;19.103;37,7%;1.443;;;;;;;;;;;;;;;;;;
En centros PRIVADOS SIN CONCIERTO;9,1%;4.965;2,2%;84;;;;;;;;;;;;;;;;;;
En centros PÚBLICOS;56,1%;30.744;60,1%;2.301;;;;;;;;;;;;;;;;;;
Total alumnos con necesidades de apoyo educativo;4,0%;20.898;7,3%;1.634;;;;;;;;;;;;;;;;;;
En centros PRIVADOS CONCERTADOS;49,2%;10.285;52,4%;857;;;;;;;;;;;;;;;;;;
En centros PRIVADOS SIN CONCIERTO;4,6%;963;0,3%;5;;;;;;;;;;;;;;;;;;
En centros PÚBLICOS;46,2%;9.650;47,2%;772;;;;;;;;;;;;;;;;;;
1.5.3. Nivel de estudios de la población ≥ 25 años (01/01/2019);;;;;;;;;;;;;;;;;;;;;;
No sabe leer ni escribir o sin estudios;4,9%;123.025;8,3%;8.651;11,8%;1.998;13,5%;1.347;8,2%;1.374;6,7%;1.067;5,0%;1.021;7,7%;815;7,8%;1.029;;;;
Primaria incompleta;11,6%;291.746;18,9%;19.657;18,7%;3.153;19,1%;1.906;17,6%;2.961;18,8%;3.012;17,7%;3.624;19,3%;2.037;22,5%;2.964;;;;
Bachiller Elemental, Graduado Escolar, ESO, Formación profesional 1º grado;26,4%;666.553;39,6%;41.132;37,1%;6.265;38,4%;3.837;38,9%;6.552;39,6%;6.350;39,2%;8.020;41,6%;4.400;43,3%;5.708;;;;
Formación profesional 2º grado, Bachiller Superior o BUP;19,1%;482.262;16,8%;17.419;17,3%;2.924;13,1%;1.309;17,8%;2.998;16,7%;2.683;18,2%;3.733;17,0%;1.800;14,9%;1.972;;;;
Titulados medios, diplomados, arquitecto o ingeniero técnico;9,5%;240.302;6,1%;6.299;6,0%;1.016;5,6%;560;6,7%;1.123;6,6%;1.062;7,1%;1.452;4,9%;519;4,3%;567;;;;
Estudios superiores, licenciado, arquitecto o ingeniero superior, estudios superiores no universitarios, doctorado, estudios postgraduados;28,4%;717.868;10,3%;10.711;8,9%;1.500;10,2%;1.022;10,8%;1.813;11,5%;1.841;12,7%;2.595;9,4%;998;7,1%;942;;;;
Nivel de estudios desconocido y no consta;0,1%;3.253;0,1%;65;0,1%;17;0,1%;5;0,0%;4;0,0%;8;0,1%;16;0,0%;5;0,1%;10;;;;
1.5.4. Programa de prevención y control del absentismo escolar;;2.525.009;1;103.934;1;16.873;1;9.986;1;16.825;1;16.023;1;20.461;1;10.574;1;13.192;0;0;;
Casos trabajados por el programa de absentismo municipal (curso escolar 2018-2019);100,0%;4.025;8,9%;357;;;;;;;;;;;;;;;;;;
Casos trabajados HOMBRES;51,2%;2.060;53,2%;190;;;;;;;;;;;;;;;;;;
Casos trabajados MUJERES;48,8%;1.965;46,8%;167;;;;;;;;;;;;;;;;;;
1.6. SALUD;;;;;;;;;;;;;;;;;;;;;;
1.6.1. Hábitos y estilos de vida (2017-18. Estudio Madrid Salud);;;;;;;;;;;;;;;;;;;;;;
Sedentarismo;30,0%;;34,4%;;;;;;;;;;;;;;;;;;;
Sedentarismo HOMBRES ;25,2%;;;;;;;;;;;;;;;;;;;;;
Sedentarismo MUJERES ;34,0%;;;;;;;;;;;;;;;;;;;;;
Consumo de tabaco diario;18,9%;;22,7%;;;;;;;;;;;;;;;;;;;
Consumo de tabaco diario HOMBRES;20,2%;;;;;;;;;;;;;;;;;;;;;
Consumo de tabaco diario MUJERES ;17,9%;;;;;;;;;;;;;;;;;;;;;
Consumo de medicamentos ;66,3%;;67,5%;;;;;;;;;;;;;;;;;;;
Consumo de medicamentos HOMBRES  ;62,4%;;;;;;;;;;;;;;;;;;;;;
Consumo de medicamentos MUJERES ;69,7%;;;;;;;;;;;;;;;;;;;;;
1.6.2. Indicadores de nivel de salud (2017-18. Estudio Madrid Salud);;;;;;;;;;;;;;;;;;;;;;
Autopercepción de buen estado de salud  (% respuesta muy buena + buena);72,3%;;66,3%;;;;;;;;;;;;;;;;;;;
Autopercepción de buen estado de salud HOMBRES ;77,4%;;;;;;;;;;;;;;;;;;;;;
Autopercepción de buen estado de salud MUJERES ;68,0%;;;;;;;;;;;;;;;;;;;;;
Calidad de vida relacionada con la salud (CVRS) ;20,2%;;20,6%;;;;;;;;;;;;;;;;;;;
Calidad de vida relacionada con la salud (CVRS) HOMBRES;19,0%;;;;;;;;;;;;;;;;;;;;;
Calidad de vida relacionada con la salud (CVRS) MUJERES;21,1%;;;;;;;;;;;;;;;;;;;;;
Presencia de enfermedad crónica ;39,8%;;43,4%;;;;;;;;;;;;;;;;;;;
Presencia de enfermedad crónica HOMBRES ;36,6%;;;;;;;;;;;;;;;;;;;;;
Presencia de enfermedad crónica MUJERES;42,4%;;;;;;;;;;;;;;;;;;;;;
Hipertensión arterial;18,8%;;20,5%;;;;;;;;;;;;;;;;;;;
Hipertensión arterial HOMBRES;19,7%;;;;;;;;;;;;;;;;;;;;;
Hipertensión arterial MUJERES;18,1%;;;;;;;;;;;;;;;;;;;;;
Diabetes Mellitus;6,0%;;8,4%;;;;;;;;;;;;;;;;;;;
Diabetes Mellitus HOMBRES;6,9%;;;;;;;;;;;;;;;;;;;;;
Diabetes Mellitus MUJERES;5,3%;;;;;;;;;;;;;;;;;;;;;
Personas con obesidad ;12,2%;;13,4%;;;;;;;;;;;;;;;;;;;
Personas con obesidad HOMBRES ;13,3%;;;;;;;;;;;;;;;;;;;;;
Personas con obesidad MUJERES;11,2%;;;;;;;;;;;;;;;;;;;;;
Personas con sobrepeso;33,5%;;37,6%;;;;;;;;;;;;;;;;;;;
Personas con sobrepeso HOMBRES;41,1%;;;;;;;;;;;;;;;;;;;;;
Personas con sobrepeso MUJERES;27,0%;;;;;;;;;;;;;;;;;;;;;
Personas mayores de 65 años con alguna dependencia funcional;32,4%;;33,1%;;;;;;;;;;;;;;;;;;;
Alguna dependencia funcional HOMBRES ;39,1%;;;;;;;;;;;;;;;;;;;;;
Alguna dependencia funcional MUJERES;48,6%;;;;;;;;;;;;;;;;;;;;;
Probabilidad de padecer enfermedad mental (GHQ-12);21,1%;;22,8%;;;;;;;;;;;;;;;;;;;
Probabilidad de padecer enfermedad mental (GHQ-12) HOMBRES;16,6%;;;;;;;;;;;;;;;;;;;;;
Probabilidad de padecer enfermedad (GHQ-12) MUJERES;24,9%;;;;;;;;;;;;;;;;;;;;;
Prevalencia de obesidad en la población infantil (2017. Estudio Madrid Salud. UCM);15,8%;;21,0%;;;;;;;;;;;;;;;;;;;
1.6.3. Discapacidad reconocida (31/12/2018);;;;;;;;;;;;;;;;;;;;;;
Nº de personas con grado de discapacidad reconocido;6,1%;200.604;5,2%;10.400;;;;;;;;;;;;;;;;;;
Hombres;48,0%;96.322;48,0%;4.994;;;;;;;;;;;;;;;;;;
Mujeres;52,0%;104.282;52,0%;5.406;;;;;;;;;;;;;;;;;;
Mujeres por cada 100 hombres (Feminización de la discapacidad reconocida);;108,3;;108,25;;;;;;;;;;;;;;;;;;
1.7. CALIDAD DE VIDA  (2019.  Encuesta, más de 16 años);;;;;;;;;;;;;;;;;;;;;;
1.7.1. Calidad de vida y agenda pública (indicador sintético 0-100);;;;;;;;;;;;;;;;;;;;;;
Satisfacción de vivir en su barrio ;;72,0;;60,1;;;;;;;;;;;;;;;;;;
Calidad de vida actual en su barrio ;;71,3;;61,8;;;;;;;;;;;;;;;;;;
Convivencia vecinal;;69,5;;63,6;;;;;;;;;;;;;;;;;;
1.7.2. Satisfacción con los servicios públicos (escala 0-10);;;;;;;;;;;;;;;;;;;;;;
Espacios verdes;;6,9;;6,7;;;;;;;;;;;;;;;;;;
Parques infantiles ;;6,4;;6,2;;;;;;;;;;;;;;;;;;
Centros culturales;;7,0;;6,5;;;;;;;;;;;;;;;;;;
Organización de fiestas y eventos populares;;6,7;;7,0;;;;;;;;;;;;;;;;;;
Instalaciones deportivas;;6,7;;6,6;;;;;;;;;;;;;;;;;;
Servicios sociales municipales;;6,5;;6,3;;;;;;;;;;;;;;;;;;
Desigualdad en las dotaciones de los barrios (% respuesta muy alta + alta);78,4%;;76,1%;;;;;;;;;;;;;;;;;;;
1.7.3. Principales problemas de la ciudadanía (% personas encuestadas);;;;;;;;;;;;;;;;;;;;;;
1º. Limpieza;29,1%;;24,4%;;;;;;;;;;;;;;;;;;;
2º. Contaminación del aire;18,7%;;10,2%;;;;;;;;;;;;;;;;;;;
3º. Tráfico / atascos;11,8%;;9,2%;;;;;;;;;;;;;;;;;;;
1.7.4. Percepción de seguridad (indicador sintético 0-100);;;;;;;;;;;;;;;;;;;;;;
Percepción de seguridad en Madrid;;67,6;;62,3;;;;;;;;;;;;;;;;;;
Percepción de seguridad en el barrio por el día;;76,0;;67,3;;;;;;;;;;;;;;;;;;
Percepción de seguridad en el barrio por la noche;;60,2;;44,9;;;;;;;;;;;;;;;;;;
1.7.5. Problemas que afectan a la seguridad en los espacios públicos del distrito (escala 0-10);;;;;;;;;;;;;;;;;;;;;;
1º Excrementos animales domésticos;;6,6;;7,3;;;;;;;;;;;;;;;;;;
2º Consumo o menudeo de drogas;;4,3;;6,0;;;;;;;;;;;;;;;;;;
3º Personas orinando en la calle;;4,0;;5,7;;;;;;;;;;;;;;;;;;
1.7.6. Administración de la ciudad de Madrid (% de respuesta);;;;;;;;;;;;;;;;;;;;;;
Medio de información de la actividad del Ayuntamiento: REDES SOCIALES;20,9%;;15,0%;;;;;;;;;;;;;;;;;;;
Preferencia de contacto con el Ayuntamiento: EN PERSONA;46,0%;;55,6%;;;;;;;;;;;;;;;;;;;
Percepción sobre la administración del Ayto. en los últimos 5 años: HA MEJORADO;38,6%;;39,2%;;;;;;;;;;;;;;;;;;;
Percepción sobre la administración del Ayto. en los últimos 5 años: HA EMPEORADO;16,6%;;11,7%;;;;;;;;;;;;;;;;;;;
1.7.7. Amigabilidad de la ciudad de Madrid (% respuesta mucho + bastante);;;;;;;;;;;;;;;;;;;;;;
Madrid ciudad amigable con las personas lesbianas, gays, transexuales y bisexuales;76,9%;;73,1%;;;;;;;;;;;;;;;;;;;
1.8. INDICADORES DE VULNERABILIDAD;;;;;;;;;;;;;;;;;;;;;;
1.8.1. Índice de vulnerabilidad territorial (2019);;;;;;;;;;;;;;;;;;;;;;
Índice de vulnerabilidad territorial;;;;0,0099;;0,0093;;0,0101;;0,0097;;0,0100;;0,0098;;0,0098;;0,0105;;0,00728669;;
Posición en el ranking de distritos y/o barrios de vulnerabilidad territorial;;;;19;;25;;12;;19;;13;;15;;18;;8;;73;;
1.8.2. Tasa de riesgo de pobreza o exclusión social. Indicador AROPE (2018. Encuesta de Condiciones de Vida);;;;;;;;;;;;;;;;;;;;;;
Tasa de riesgo de pobreza o exclusión social;25,5%;;;;;;;;;;;;;;;;;;;;;
Tasa de riesgo de pobreza o exclusión social HOMBRES;24,0%;;;;;;;;;;;;;;;;;;;;;
Tasa de riesgo de pobreza o exclusión social MUJERES;26,7%;;;;;;;;;;;;;;;;;;;;;
Tasa de riesgo de pobreza o exclusión social N. ESPAÑOLA (>16 años);21,9%;;;;;;;;;;;;;;;;;;;;;
Tasa de riesgo de pobreza o exclusión social N. EXTRANJERA UNIÓN EUROPEA (>16 años);14,4%;;;;;;;;;;;;;;;;;;;;;
Tasa de riesgo de pobreza o exclusión social N. EXTRANJERA RESTO DEL MUNDO (>16 años);66,1%;;;;;;;;;;;;;;;;;;;;;
1.8.3. Tasa de riesgo de pobreza de los hogares (2016. Estudio de Necesidades Sociales. Hogares);;;;;;;;;;;;;;;;;;;;;;
Pareja o matrimonio con hijos;;35,7%;;;;;;;;;;;;;;;;;;;;
Hogar formado por madre con hijos a cargo;;41,1%;;;;;;;;;;;;;;;;;;;;
Nacido en España;;26,4%;;;;;;;;;;;;;;;;;;;;
Nacido en un país fuera de la Unión Europea;;39,2%;;;;;;;;;;;;;;;;;;;;
1.8.4. Situación económica de los hogares (2016. Estudio de Necesidades Sociales. Hogares);;;;;;;;;;;;;;;;;;;;;;
Dificultad para llegar a fin de mes (% respuesta mucha dificultad + dificultad);;20,0%;;;;;;;;;;;;;;;;;;;;
Imposibilidad de hacer frente a un gasto imprevisto de 650€;;38,7%;;;;;;;;;;;;;;;;;;;;
Dificultad para hacer frente a los gastos derivados del suministro energético;;9,5%;;;;;;;;;;;;;;;;;;;;
Entrevistados que han acudido a Servicios Sociales Municipales para solicitar atención social;;10,0%;;;;;;;;;;;;;;;;;;;;
1.9. SERVICIOS SOCIALES;;;;;;;;;;;;;;;;;;;;;;
1.9.1. Población en general (2019);;;;;;;;;;;;;;;;;;;;;;
Personas atendidas en la Unidad de Primera Atención en Centros de Servicios Sociales;;94.210 ;4,3%;4.084;;;;;;;;;;;;;;;;;;
Solicitudes tramitadas de Renta Mínima de Inserción;;5.474 ;5,7%;311;;;;;;;;;;;;;;;;;;
Perceptores de prestación de la Renta Mínima de Inserción;;17.877 ;8,7%;1.564;;;;;;;;;;;;;;;;;;
Beneficiarios de prestaciones sociales de carácter económico;;13.316 ;8,8%;1.173;;;;;;;;;;;;;;;;;;
Total prestaciones sociales de carácter económico (€);;7.698.372 €;7,4%;573.325;;;;;;;;;;;;;;;;;;
1.9.2. Personas Mayores (2019);;;;;;;;;;;;;;;;;;;;;;
Personas con Servicio de Ayuda a Domicilio (modalidad auxiliar de hogar);;80.375 ;6,6%;5.315;;;;;;;;;;;;;;;;;;
Hombres;;19.939 ;6,8%;1.349;;;;;;;;;;;;;;;;;;
Mujeres;;60.436 ;6,6%;3.966;;;;;;;;;;;;;;;;;;
Personas socias de los Centros Municipales de Mayores;;343.009 ;4,1%;14.021;;;;;;;;;;;;;;;;;;
Hombres;;128.807 ;4,0%;5.169;;;;;;;;;;;;;;;;;;
Mujeres ;;214.202 ;4,1%;8.852;;;;;;;;;;;;;;;;;;
1.9.3. Menores y Familia (2019);;;;;;;;;;;;;;;;;;;;;;
Familias atendidas por el Equipo de Trabajo con Menores y Familia (ETMF);;6.467;4,4%;286;;;;;;;;;;;;;;;;;;
Demandas de intervención en los Centros de Atención a la Infancia (CAI);;2.285;7,1%;163;;;;;;;;;;;;;;;;;;
Menores atendidos por el Servicio de Ayuda a domicilio a Menores y Familias (SAD) ;;1.356;3,5%;47;;;;;;;;;;;;;;;;;;
1.10. VIVIENDA;;;;;;;;;;;;;;;;;;;;;;
1.10.1. Estado de las viviendas;;;;;;;;;;;;;;;;;;;;;;
Nº Total de viviendas (Censo Edificios y Viviendas 2011);100,0%;1.530.955 ;100%;59.285;;;;;;;;;;;;;;;;;;
Viviendas anteriores a 1980;69,4%;1.061.825;59,9%;35.500;;;;;;;;;;;;;;;;;;
Estado ruinoso;0,2%;3.445;0,6%;380;;;;;;;;;;;;;;;;;;
Estado malo;0,8%;12.705;0,6%;370;;;;;;;;;;;;;;;;;;
Estado deficiente;4,4%;66.775;4,6%;2.715;;;;;;;;;;;;;;;;;;
Estado bueno;92,8%;1.420.265;92,0%;54.565;;;;;;;;;;;;;;;;;;
No consta;1,8%;27.770;2,1%;1.255;;;;;;;;;;;;;;;;;;
Valor catastral medio de los bienes inmuebles: personas físicas (2019) en miles de €;;90,9 €;55,5%;50,5;106%;53,7;106%;53,4;100%;50,5;108%;54,6;103%;51,8;84%;42,2;88%;44,2;;;;
Valor catastral medio de los bienes inmuebles: personas jurídicas (2019) en miles de €;;368,6 €;45,7%;168,5;77%;129,6;151%;254,5;135%;227,0;60%;100,5;118%;199,4;66%;112,0;58%;97,7;;;;
Superficie media de la vivienda (m2) en transacción (2019);;83,4;92,2%;76,86;128,0%;98,37;117%;89,89;102,1%;78,45;93,9%;72,16;84,2%;64,75;83,9%;64,48;92,8%;71,35;;;;
Duración media del crédito (meses) en transacción de vivienda (2019);;257;126,1%;324;103,4%;335;97%;313;99,1%;321;104,0%;337;93,8%;304;99,7%;323;99,4%;322;;;;
1.10.2. Tipología de las viviendas ;;;;;;;;;;;;;;;;;;;;;;
Nº Total de viviendas familiares (Censo Edificios y Viviendas 2011);100%;1.378.931;100%;49.276;100%;7.693;100%;3.819;100%;6.949;100%;7.568;100%;11.321;100%;5.460;100%;6.466;1;4921;;
Principal;78,3%;1.080.306;84,8%;41.799;90,3%;6.949;92,9%;3.549;80,9%;5.624;82,4%;6.239;82,9%;9.380;87,3%;4.766;81,8%;5.292;0,83844747;4126;;
Secundaria;7,7%;106.192;3,9%;1.930;1,3%;99;0,8%;32;8,2%;569;2,4%;180;3,5%;398;2,2%;122;8,2%;530;0,04450315;219;;
Desocupada;12,9%;178.377;10,5%;5.169;8,3%;640;6,2%;238;10,0%;692;14,3%;1.085;11,9%;1.345;10,1%;552;9,5%;617;0,114407641;563;;
Otro tipo;1,0%;13.998;0,8%;378;0,1%;5;0,0%;0;0,9%;64;0,8%;64;1,7%;198;0,4%;20;0,4%;27;0,002641739;13;;
1.10.3. Lanzamientos judiciales (Consejo General del Poder Judicial);;;;;;;;;;;;;;;;;;;;;;
Lanzamientos judiciales practicados (2013);100%;5.020 ;;;;;;;;;;;;;;;;;;;;
Como consecuencia de ejecuciones hipotecarias;30%;1.501;;;;;;;;;;;;;;;;;;;;
Como consecuencia de la Ley de Arrendamientos Urbanos;62%;3.137;;;;;;;;;;;;;;;;;;;;
Lanzamientos judiciales practicados (2019);100,0%;2.832 ;;;;;;;;;;;;;;;;;;;;
Como consecuencia de ejecuciones hipotecarias;12,7%;360;;;;;;;;;;;;;;;;;;;;
Como consecuencia de la Ley de Arrendamientos Urbanos;84,2%;2.384;;;;;;;;;;;;;;;;;;;;
1.11. MEDIO AMBIENTE Y RESIDUOS;;;;;;;;;;;;;;;;;;;;;;
1.11.1. Contaminantes del aire (2018);;;;;;;;;;;;;;;;;;;;;;
Partículas suspensión PM2.5 (µgr/m3) -Valor límite: 25 µgr/m3-;;10,3;;;;;;;;;;;;;;;;;;;;
Partículas suspensión PM10 (µgr/m3) -Valor límite: 40 µgr/m3-;;18,5;;;;;;;;;;;;;;;;;;;;
Dióxido de azufre - SO2 (µgr/m3) -Valor límite: 125 µgr/m3-;;6,0;;;;;;;;;;;;;;;;;;;;
Monóxido de carbono - CO (mg/m3) -Valor límite: 10 µgr/m3-;;0,3;;;;;;;;;;;;;;;;;;;;
Ozono - O3 (µgr/m3) -Valor límite: 120 µgr/m3-;;51,0;;;;;;;;;;;;;;;;;;;;
Dióxido de nitrógeno - NO2 (µgr/m3) -Valor límite: 40 µgr/m3-;;37,0;;;;;;;;;;;;;;;;;;;;
Temperatura media anual (ºC);;15,2;;;;;;;;;;;;;;;;;;;;
Protocolo de contaminación: nº de episodios (2019);;3;;;;;;;;;;;;;;;;;;;;
"Protocolo de contaminación: nº de días ""Escenario 1"" (2019)";;12;;;;;;;;;;;;;;;;;;;;
1.11.2. Recogida domiciliaria de resíduos sólidos: envases y resto (2018);;;;;;;;;;;;;;;;;;;;;;
kg/habitante/año;;372;;296;;;;;;;;;;;;;;;;;;
kg/habitante/día;;1,019;;0,811;;;;;;;;;;;;;;;;;;
1.12. SEGURIDAD;;;;;;;;;;;;;;;;;;;;;;
Intervenciones de la Policía Municipal en materia de seguridad (2019);;;;;;;;;;;;;;;;;;;;;;
Relacionadas con las personas;;5.455;5,0%;272;;;;;;;;;;;;;;;;;;
Relacionadas con la tenencia de armas;;1.362;1,8%;25;;;;;;;;;;;;;;;;;;
Relacionadas con el patrimonio;;6.984;4,4%;310;;;;;;;;;;;;;;;;;;
Relacionadas con la tenencia y consumo de drogas;;7.668;4,4%;335;;;;;;;;;;;;;;;;;;
Expedientes instruidos por Agentes Tutores;;557;0,4%;2;;;;;;;;;;;;;;;;;;
Atestados/partes de accidentes de tráfico confeccionados;;21.791;3,4%;739;;;;;;;;;;;;;;;;;;
Detenidos e investigados de la Policía Municipal en materia de seguridad (2019);;;;;;;;;;;;;;;;;;;;;;
Total detenidos e investigados;100%;9.265;3,9%;362;;;;;;;;;;;;;;;;;;
Lesiones;4,7%;433;;;;;;;;;;;;;;;;;;;;
Violencia doméstica y de género;8,3%;773;;;;;;;;;;;;;;;;;;;;
Malos tratos a menores;1,1%;103;;;;;;;;;;;;;;;;;;;;
Abusos y agresiones sexuales;0,5%;49;;;;;;;;;;;;;;;;;;;;
Hurtos;12,9%;1.193;;;;;;;;;;;;;;;;;;;;
Robo con violencia e intimidación en personas;2,1%;198;;;;;;;;;;;;;;;;;;;;
Contra la salud pública;3,8%;356;;;;;;;;;;;;;;;;;;;;
Contra la seguridad vial;35,3%;3.275;;;;;;;;;;;;;;;;;;;;
1.13. RESULTADOS ELECCIONES LOCALES (2019);;;;;;;;;;;;;;;;;;;;;;
Censo electoral;100,0%;2.397.881;100%;90.673;100%;17.019;100%;9.587;100%;15.292;100%;13.073;100%;16.688;100,0%;9.160;100,0%;9.854;;;;
Abstención;31,8%;761.923;42%;38.311;36%;6.110;48%;4.649;42%;6.364;45%;5.918;40%;6.601;41,2%;3.776;49,7%;4.893;;;;
Votos en blanco;0,3%;6.945;0,3%;227;0,3%;45;0,3%;27;0,3%;42;0,2%;25;0,3%;44;0,3%;28;0,2%;16;;;;
Votos a candidaturas;68,2%;1.635.958;57,7%;52.362;64,1%;10.909;51,5%;4.938;58,4%;8.928;54,7%;7.155;60,4%;10.087;58,8%;5.384;50,3%;4.961;;;;
Más Madrid;21,1%;505.159;21,1%;19.146;29,1%;4.947;19,1%;1.829;20,2%;3.088;18,1%;2.362;20,4%;3.402;21,4%;1.962;15,8%;1.556;;;;
PP;16,5%;395.344;9,1%;8.285;6,8%;1.152;6,2%;594;8,4%;1.288;10,4%;1.357;12,6%;2.111;9,2%;841;9,6%;942;;;;
Ciudadanos;13,0%;312.536;8,5%;7.663;8,9%;1.517;7,0%;669;9,5%;1.454;8,6%;1.123;8,9%;1.480;8,3%;761;6,7%;659;;;;
PSOE;9,3%;224.074;12,3%;11.189;12,6%;2.141;13,4%;1.283;12,9%;1.967;11,8%;1.541;11,2%;1.875;12,8%;1.168;12,3%;1.214;;;;
VOX;5,2%;124.969;3,7%;3.331;3,6%;618;3,2%;305;4,1%;634;3,5%;462;3,9%;652;3,5%;321;3,4%;339;;;;
1.14. SERVICIOS Y EQUIPAMIENTOS MUNICIPALES;;;;;;;;;;;;;;;;;;;;;;
1.14.1. Servicios Sociales Municipales (2020);;;;;;;;;;;;;;;;;;;;;;
Centros de Servicios Sociales;;39;5,1%;2;;0;;0;;1;;0;;1;;0;;0;;;;
Centros Municipales de Mayores ;;90;7,8%;7;;2;;1;;1;;1;;1;;1;;0;;;;
Centros de Día de Alzheimer y Físicos;;97;6,2%;6;;1;;1;;1;;2;;0;;0;;1;;;;
Apartamentos Municipales para Mayores;;2;0,0%;0;;0;;0;;0;;0;;0;;0;;0;;;;
Residencias para personas Mayores ;;3;0,0%;0;;0;;0;;0;;0;;0;;0;;0;;;;
Centros de Apoyo a las Familias (CAF);;7;14,3%;1;;0;;0;;0;;0;;0;;0;;1;;;;
Centros de Atención a la Infancia (CAI);;13;7,7%;1;;0;;0;;0;;0;;0;;1;;0;;;;
Centro de Día de Atención a Niños y Niñas (de 3 a 12 años);;29;6,9%;2;;0;;1;;0;;0;;1;;0;;0;;;;
Espacios de Ocio para Adolescentes (El Enredadero);;6;0,0%;0;;0;;0;;0;;0;;0;;0;;0;;;;
Centros de Adolescentes y Jóvenes (ASPA) ;;8;0,0%;0;;0;;0;;0;;0;;0;;0;;0;;;;
Centros para personas sin hogar;;12;0,0%;0;;0;;0;;0;;0;;0;;0;;0;;;;
1.14.2. Género (2020);;;;;;;;;;;;;;;;;;;;;;
Espacios de Igualdad;;17;5,9%;1;;1;;0;;0;;0;;0;;0;;0;;;;
1.14.3. Salud (2020);;;;;;;;;;;;;;;;;;;;;;
Centros Municipales de Salud Comunitaria (CMSC);;16;6,3%;1;;0;;0;;0;;0;;0;;1;;0;;;;
Centros de Atención a las Adicciones (CAD y CCAD);;10;0,0%;0;;0;;0;;0;;0;;0;;0;;0;;;;
1.14.4. Cultura (2020);;;;;;;;;;;;;;;;;;;;;;
Nº de Bibliotecas Municipales;;34;2,9%;1;;0;;1;;0;;0;;0;;0;;0;;;;
Nº de Bibliotecas Comunidad Madrid;;16;6,3%;1;;0;;0;;0;;0;;0;;0;;1;;;;
Nº de Centros Culturales;;106;6,6%;7;;1;;1;;1;;1;;1;;0;;2;;;;
1.14.5. Deportes (2018);;;;;;;;;;;;;;;;;;;;;;
Centros deportivos Municipales;;72;5,6%;4;0,0%;0;25,0%;1;25,0%;1;0,0%;0;25,0%;1;25,0%;1;0,0%;0;;;;
Superficie deportiva m2 ;;2.074.404;7,1%;146.500;;;;;;;;;;;;;;;;;;
Instalaciones deportivas básicas;;481;7,3%;35;;;;;;;;;;;;;;;;;;
Acceso controlado ;;98;9,2%;9;;;;;;;;;;;;;;;;;;
Campos de fútbol 11;;22;4,5%;1;;0;;0;;0;;0;;0;;1;;0;;;;
Pista de atletismo ;;7;14,3%;1;;0;;0;;0;;0;;0;;1;;0;;;;
Piscinas cubiertas;;49;6,1%;3;;0;;1;;0;;0;;1;;1;;0;;;;
Piscinas de verano;;23;13,0%;3;;1;;0;;1;;0;;1;;0;;0;;;;
1.14.6. Zonas verdes (2019);;;;;;;;;;;;;;;;;;;;;;
Superficie de zonas verdes y Parques de distrito (Ha);;3.322,9;5,0%;167,3;;;;;;;;;;;;;;;;;;
Superficie de zonas verdes y Parques de distrito (Ha) / nº de Habitantes *10.000;;10,2;117,9%;12,0;;;;;;;;;;;;;;;;;;
Superficie Parques Históricos, Singulares y Forestales por distrito  ;;2.501,0;1,2%;29,9;;;;;;;;;;;;;;;;;;
Superficie Parques Históricos, Singulares y Forestales distrito / nº Habitantes *10.000;;7,7;28,0%;2,1;;;;;;;;;;;;;;;;;;
1.14.7. Educación (Curso académico 2019-2020);;;;;;;;;;;;;;;;;;;;;;
Escuelas Infantiles Municipales (2019);;56;3,6%;2;;1;;0;;0;;1;;0;;0;;0;;;;
Escuelas Infantiles Públicas CAM;;150;8,0%;12;;;;;;;;;;;;;;;;;;
Escuelas Infantiles Privadas;;419;2,4%;10;;;;;;;;;;;;;;;;;;
Colegios Públicos Infantil y Primaria (+ 3 centros con Secundaria);;247;4,5%;11;;;;;;;;;;;;;;;;;;
Institutos Públicos de Educación Secundaria;;112;5,4%;6;;;;;;;;;;;;;;;;;;
Colegios Privados Inf. o Pri. o Inf. y Pri.;;88;4,5%;4;;;;;;;;;;;;;;;;;;
Colegios Privados Inf., Pri. y Sec. o Pri. y Sec. ;;274;4,4%;12;;;;;;;;;;;;;;;;;;
1.14.8. Empresa y Comercio (2020);;;;;;;;;;;;;;;;;;;;;;
Mercados Municipales;;45;6,7%;3;;1;;0;;0;;1;;1;;0;;0;;;;
1.15. PARTICIPACIÓN CIUDADANA ;;;;;;;;;;;;;;;;;;;;;;
1.15.1. Entidades de participación ciudadana (2019) ;;;;;;;;;;;;;;;;;;;;;;
Asociaciones (Sección 1ª);;2.412;4,7%;113;16,8%;19;13,3%;15;11,5%;13;15,9%;18;16,8%;19;15,9%;18;9,7%;11;;;;
Nº de asociaciones culturales y casas regionales;;489;2,7%;13;15,4%;2;7,7%;1;23,1%;3;15,4%;2;7,7%;1;15,4%;2;15,4%;2;;;;
Nº de asociaciones de mujeres;;75;4,0%;3;66,7%;2;33,3%;1;0,0%;0;0,0%;0;0,0%;0;0,0%;0;0,0%;0;;;;
Nº de asociaciones de vecinos;;221;5,4%;12;16,7%;2;16,7%;2;8,3%;1;33,3%;4;8,3%;1;8,3%;1;8,3%;1;;;;
Fundaciones (Sección 2ª);;24;8,3%;2;50,0%;1;50,0%;1;0,0%;0;0,0%;0;0,0%;0;0,0%;0;0,0%;0;;;;
;;;;;;;;;;;;;;;;;;;;;;
;;;;;;;;;;;;;;;;;;;;;;
1.16. PRESUPUESTO 2020; En base al Acuerdo de 23 de diciembre de 2019 del Pleno del Ayuntamiento de Madrid. Publicación: BOAM Nùm. 8.551, 30 de diciembre de 2019. ;;;;;;;;;;;;;;;;;;;;;
PROGRAMA;;CAPÍTULOS;;;;;;;;;;;;;;;;;;;;
;;1;;2;;3;;4;;5;;6;;7;;TOTAL;;;;;;
OTRAS ACTUACIONES EN VÍAS PÚBLICAS;153.22;;;340.000 €;;;;;;;;;;;;340.000 €;;;;;;
ZONAS VERDES;171.02;;;20.000 €;;;;;;;;45.000 €;;;;65.000 €;;;;;;
EQUIPAMIENTOS EN ZONAS AJARDINADAS;171.03;;;20.000 €;;;;;;;;;;;;20.000 €;;;;;;
FAMILIA E INFANCIA;231.02;;;489.591 €;;;;415.000 €;;;;;;15.000 €;;919.591 €;;;;;;
PERSONAS MAYORES Y SERVICIOS SOCIALES;231.03;;;13.514.505 €;;;;70.000 €;;;;;;20.000 €;;13.604.505 €;;;;;;
INTEGRACIÓN COMUNITARIA Y EMERGENCIA SOCIAL;231.06;2.408.359 €;;649.171 €;;;;50.000 €;;;;;;15.000 €;;3.122.530 €;;;;;;
SALUBRIDAD PÚBLICA;311.01;330.638 €;;1.000 €;;;;;;;;;;;;331.638 €;;;;;;
CENTROS DOCENTES ENSEÑANZA INFANTIL Y PRIMARIA;323.01;;;3.590.008 €;;;;;;;;;;;;3.590.008 €;;;;;;
ABSENTISMO;325.01;;;806.641 €;;;;;;;;;;;;806.641 €;;;;;;
SERVICIOS COMPLEMENTARIOS EDUCACIÓN;326.01;;;735.406 €;;;;90.000 €;;;;;;;;825.406 €;;;;;;
ACTIVIDADES CULTURALES;334.01;479.617 €;;1.695.688 €;;;;34.000 €;;;;106.011 €;;;;2.315.316 €;;;;;;
ACTUACIONES DEPORTIVAS EN DISTRITOS;341.01;;;159.123 €;;;;;;;;;;;;159.123 €;;;;;;
INSTALACIONES DEPORTIVAS;342.01;5.373.210 €;;1.179.532 €;;;;;;;;232.799 €;;;;6.785.541 €;;;;;;
CONSUMO;493.00;170.575 €;;400 €;;;;;;;;;;;;170.975 €;;;;;;
CONCEJALÍA-PRESIDENCIA DEL DISTRITO;912.2;237.016 €;;910 €;;;;;;;;;;;;237.926 €;;;;;;
DIREC. Y GESTIÓN ADMTVA. DEL DISTRITO;920.01;3.806.550 €;;347.772 €;;;;;;;;;;;;4.154.322 €;;;;;;
PARTICIPACIÓN CIUDADANA Y VOLUNTARIADO;924.01;;;64.000 €;;;;130.000 €;;;;;;25.000 €;;219.000 €;;;;;;
EDIFICIOS;933.02;;;2.182.467 €;;;;;;;;;;;;2.182.467 €;;;;;;
CENTRO 001;;12.805.965 €;;25.796.214 €;;0 €;;789.000 €;;0 €;;383.810 €;;75.000 €;;39.849.989 €;;;;;;
SECCIÓN 212;;12.805.965 €;;25.796.214 €;;0 €;;789.000 €;;0 €;;383.810 €;;75.000 €;;39.849.989 €;;;;;;
;;;;;;;;;;;;;;;;;;;;;;
;;;;;;;;;;;;;;;;;;;;;;
;;;;;;;;;;;;;;;;;;;;;;
;;;;;;;;;;;;;;;;;;;;;;
;;;;;;;;;;;;;;;;;;;;;;
;;;;;;;;;;;;;;;;;;;;;;
;;;;;;;;;;;;;;;;;;;;;;
;;;;;;;;;;;;;;;;;;;;;;
;;;;;;;;;;;;;;;;;;;;;;
;;;;;;;;;;;;;;;;;;;;;;
;;;;;;;;;;;;;;;;;;;;;;
;;;;;;;;;;;;;;;;;;;;;;
;;;;;;;;;;;;;;;;;;;;;;
;;;;;;;;;;;;;;;;;;;;;;
;;;;;;;;;;;;;;;;;;;;;;
;;;;;;;;;;;;;;;;;;;;;;
