02. ARGANZUELA. INFORMACIÓN DE DISTRITO Y BARRIOS;;;;;;;;;;;;;;;;;;;;;;;;;;;;;;
 ;CIUDAD;;ARGANZUELA;;Imperial;;Las Acacias;;La Chopera;;Legazpi;;Las Delicias;;Palos de la Frontera;;Atocha;;;;;;;;;;;;;
1.1 CARACTERÍSTICAS GENERALES DEL DISTRITO-BARRIO;;;;;;;;;;;;;;;;;;;;;;;;;;;;;;
Superficie (Ha.) ;60.445,52;;646,22;;96,77;;107,34;;56,78;;141,45;;105,47;;64,84;;73,57;;;;;;;;;;;;;
Densidad (hab./Ha.) ;54,37;;236,20;;232,06;;335,74;;347,55;;137,64;;267,78;;386,77;;22,02;;;;;;;;;;;;;
1.2. LA POBLACIÓN DEL DISTRITO;;;;;;;;;;;;;;;;;;;;;;;;;;;;;;
1.2.1. Estructura de la población (01/01/2022);;;;;;;;;;;;;;;;;;;;;;;;;;;;;;
Sexo de la población;100%;3.286.662;4,6%;152.638;14,7%;22.456;23,6%;36.038;12,9%;19.734;12,8%;19.469;18,5%;28.243;16,4%;25.078;1,1%;1.620;;;;;;;;;;;;
Hombres;46,7%;1.534.824;46,8%;71.466;46,5%;10.436;46,2%;16.635;45,6%;8.994;49,0%;9.543;47,1%;13.296;46,9%;11.766;49,1%;796;;;;;;;;;;;;
Mujeres;53,3%;1.751.838;53,2%;81.172;53,5%;12.020;53,8%;19.403;54,4%;10.740;51,0%;9.926;52,9%;14.947;53,1%;13.312;50,9%;824;;;;;;;;;;;;
Edad media de la población;;44,44;;45,28;;46,88;;47,52;;46,53;;39,95;;43,42;;46,29;;39,05;;;;;;;;;;;;
De 0 a 14 años;12,7%;416.413;11,1%;16.877;10,3%;2.313;9,3%;3.348;10,1%;1.984;16,3%;3.169;12,7%;3.583;8,8%;2.211;16,6%;269;;;;;;;;;;;;
De 15 a 29;16,2%;533.423;14,8%;22.606;14,3%;3.207;14,7%;5.312;13,6%;2.680;15,7%;3.054;15,2%;4.301;15,0%;3.766;17,7%;286;;;;;;;;;;;;
De 30 a 44;21,7%;713.650;23,8%;36.269;21,3%;4.785;21,9%;7.877;26,0%;5.136;23,8%;4.639;24,5%;6.931;26,0%;6.532;22,8%;369;;;;;;;;;;;;
De 45 a 64;29,1%;956.577;29,9%;45.674;31,2%;7.001;29,1%;10.470;27,4%;5.399;33,7%;6.562;30,2%;8.518;28,7%;7.192;32,8%;532;;;;;;;;;;;;
De 65 a 79;13,2%;433.244;14,1%;21.581;15,5%;3.488;18,2%;6.555;14,4%;2.842;8,2%;1.605;12,1%;3.416;14,2%;3.551;7,7%;124;;;;;;;;;;;;
De 80 y + ;7,1%;233.355;6,3%;9.631;7,4%;1.662;6,9%;2.476;8,6%;1.693;2,3%;440;5,3%;1.494;7,3%;1.826;2,5%;40;;;;;;;;;;;;
De 65 y +;20,3%;666.599;20,4%;31.212;22,9%;5.150;25,1%;9.031;23,0%;4.535;10,5%;2.045;17,4%;4.910;21,4%;5.377;10,1%;164;;;;;;;;;;;;
"Población en etapa educativa (De 3 a 16 años, 16 no incluidos; 2021)";13,9%;455.915;12,2%;18.571;11,4%;2.560;10,2%;3.687;10,7%;2.121;18,2%;3.550;13,8%;3.903;9,8%;2.459;18,0%;291;;;;;;;;;;;;
"Proporción de juventud (Población de 0-15 años/Población total; 2021) ";13,8%;;12,04%;;11,33%;;10,13%;;10,56%;;18,14%;;13,76%;;9,54%;;20,15%;;;;;;;;;;;;;
"Proporción de envejecimiento (Población > 65 años/Población total; 2021)";20,0%;;19,83%;;22,33%;;24,15%;;22,55%;;9,75%;;17,02%;;20,73%;;10,25%;;;;;;;;;;;;;
"Proporción de sobreenvejecimiento (Población>80 años/Población>65 años; 2021)";35,4%;;31,73%;;33,41%;;28,15%;;37,70%;;22,37%;;31,28%;;34,96%;;22,30%;;;;;;;;;;;;;
Índice de envejecimiento activo (2018);;37,0;;;;;;;;;;;;;;;;;;;;;;;;;;;;
Hombres;;38,6;;;;;;;;;;;;;;;;;;;;;;;;;;;;
Mujeres;;35,8;;;;;;;;;;;;;;;;;;;;;;;;;;;;
Proporción de dependencia (Población de 0-15 + población 65 y + / Pob. 16-64) (01/01/2021);51,0%;;46,8%;;50,7%;;52,2%;;49,5%;;38,7%;;44,5%;;43,4%;;43,7%;;;;;;;;;;;;;
Personas con nacionalidad española (01/01/2021);83,3%;2.788.297;88,1%;137.604;90,5%;20.807;90,5%;33.530;84,6%;17.215;91,3%;18.101;87,5%;24.828;82,6%;21.767;104,5%;1.356;;;;;;;;;;;;
Personas con nacionalidad española HOMBRES;46,7%;1.301.434;46,6%;64.138;46,4%;9.657;45,8%;15.358;45,2%;7.780;49,0%;8.873;47,1%;11.701;46,4%;10.092;49,9%;677;;;;;;;;;;;;
Personas con nacionalidad española MUJERES;53,3%;1.486.863;53,4%;73.466;53,6%;11.150;54,2%;18.172;54,8%;9.435;51,0%;9.228;52,9%;13.127;53,6%;11.675;50,1%;679;;;;;;;;;;;;
Personas con nacionalidad extranjera (01/01/2021);14,1%;523.994;10,6%;16.637;7,8%;1.789;7,7%;2.865;14,1%;2.861;7,4%;1.471;12,5%;3.546;15,2%;4.017;6,8%;88;;;;;;;;;;;;
Personas con nacionalidad extranjera HOMBRES;46,5%;243.712;47,2%;7.860;44,1%;789;48,3%;1.383;46,7%;1.337;47,7%;701;46,6%;1.651;48,9%;1.966;37,5%;33;;;;;;;;;;;;
Personas con nacionalidad extranjera MUJERES;53,5%;280.282;52,8%;8.777;55,9%;1.000;51,7%;1.482;53,3%;1.524;52,3%;770;53,4%;1.895;51,1%;2.051;62,5%;55;;;;;;;;;;;;
Proporción de personas migrantes (Personas extranjeras menos UE y resto países de OCDE / Población total) (01/01/2021);11,2%;;6,8%;;4,1%;;4,6%;;10,6%;;4,3%;;8,1%;;10,2%;;2,9%;;;;;;;;;;;;;
1ª nacionalidad extranjera en el Distrito: ITALIA (% respecto total de población extranjera del distrito);5,3%;27.683;10,0%;1.656;13,4%;239;12,0%;345;6,1%;174;12,6%;186;9,7%;345;8,8%;352;0,4%;15;;;;;;;;;;;;
2ª nacionalidad extranjera en el Distrito: VENEZUELA (% respecto total de población extranjera del distrito);8,0%;41.761;8,3%;1.385;8,2%;147;8,2%;236;7,2%;207;10,1%;149;9,4%;332;7,6%;306;0,2%;8;;;;;;;;;;;;
1.2.2. Estructura de los hogares (01-01-2021);;;;;;;;;;;;;;;;;;;;;;;;;;;;;;
Nº total de hogares;100%;1.306.612;5,0%;65.479;14,7%;9.628;23,6%;15.474;13,2%;8.626;11,6%;7.603;18,1%;11.826;18,0%;11.802;18,3%;520;;;;;;;;;;;;
Tamaño medio del hogar;;2,54  ;;2,36;;2,35;;2,35;;2,33;;2,57;;2,40;;2,18;;2,78;;;;;;;;;;;;
Hogares con una mujer sola >65 años;9,9%;129.292;9,4%;6.146;10,0%;961;10,1%;1.557;11,7%;1.012;3,5%;268;8,8%;1038;10,9%;1.291;3,7%;19;;;;;;;;;;;;
Hogares con un hombre solo >65 años;2,9%;38.397;2,8%;1.841;3,0%;288;3,1%;474;3,2%;278;1,5%;116;2,8%;326;3,0%;355;0,8%;4;;;;;;;;;;;;
Hogares monoparentales: una mujer adulta con uno o más menores;2,0%;26.000;1,6%;1.079;1,4%;139;1,5%;239;1,3%;112;2,5%;191;1,8%;210;1,5%;179;1,7%;9;;;;;;;;;;;;
Hogares monoparentales: un hombre adulto con uno o más menores;0,4%;5.236;0,3%;215;0,2%;21;0,4%;56;0,2%;15;0,6%;45;0,4%;46;0,2%;29;0,6%;3;;;;;;;;;;;;
1.2.3. Dinámica demográfica;;;;;;;;;;;;;;;;;;;;;;;;;;;;;;
Tasa bruta de natalidad 2020 (‰);;7,8;;7,4;;6,6;;5,5;;7,0;;10,6;;8,5;;7,0;;12,1;;;;;;;;;;;;
Tasa de crecimiento demográfico 2020 (%);;-0,7;;-0,9;;-1,4;;-1,4;;-1,0;;-1,2;;0,5;;-1,9;;17,6;;;;;;;;;;;;
Esperanza de vida al nacer MUJERES (mortalidad del periodo 2013-2016);;87,5;;88,0;;88,3;;88,2;;89,7;;87,4;;87,2;;87,6;;75,6;;;;;;;;;;;;
Esperanza de vida al nacer HOMBRES (mortalidad del periodo 2013-2016);;81,9;;82,9;;82,7;;83,5;;83,1;;83,6;;82,4;;82,3;;71,7;;;;;;;;;;;;
Esperanza de vida al nacer MUJERES (2020);;85,2;;85,5;;;;;;;;;;;;;;;;;;;;;;;;;;
Esperanza de vida al nacer HOMBRES (2020);;79,3;;79,0;;;;;;;;;;;;;;;;;;;;;;;;;;
Esperanza de vida > 65 años MUJERES (2020);;22,4;;22,1;;;;;;;;;;;;;;;;;;;;;;;;;;
Esperanza de vida > 65 años HOMBRES (2020);;17,7;;17,5;;;;;;;;;;;;;;;;;;;;;;;;;;
1.2.4. Mujeres y hombres;;;;;;;;;;;;;;;;;;;;;;;;;;;;;;
Índice de desigualdad de género (2019);;0,842;;;;;;;;;;;;;;;;;;;;;;;;;;;;
Índice de desigualdad de género (2009);;0,795;;;;;;;;;;;;;;;;;;;;;;;;;;;;
1.3. INDICADORES ECONÓMICOS ;;;;;;;;;;;;;;;;;;;;;;;;;;;;;;
Renta neta media anual de los hogares (Urban Audit). 2018;;42.283,0 €;104%;43.789,0 €;107%;46.879,4 €;109%;47.683,2 €;80%;35.015,5 €;120%;52.569,1 €;98%;43.018,1 €;85%;37.389,1 €;97%;42.657,0 €;;;;;;;;;;;;
Renta disponible Bruta Per Cápita 2019 ;;21.638,0 €;;24.137,0 €;;;;;;;;;;;;;;;;;;;;;;;;;;
Pensión media mensual del Distrito HOMBRES (2020);;1.521,8 €;108%;1.645,8 €;100%;1.650,7 €;106%;1.736,6 €;94%;1.540,3 €;103%;1.695,4 €;99%;1.631,0 €;95%;1.561,3 €;98%;1.614,9 €;;;;;;;;;;;;
Pensión media mensual del Distrito MUJERES (2020);;1.146,5 €;112%;1.282,9 €;99%;1.268,8 €;107%;1.369,7 €;93%;1.191,6 €;104%;1.336,8 €;100%;1.279,0 €;96%;1.234,2 €;90%;1.152,0 €;;;;;;;;;;;;
1.4. INDICADORES DE DESEMPLEO;;;;;;;;;;;;;;;;;;;;;;;;;;;;;;
Tasa de actividad global ciudad de Madrid (EPA. 4º trimestre 2021);62,9;;;;;;;;;;;;;;;;;;;;;;;;;;;;;
Hombres ;67,9;;;;;;;;;;;;;;;;;;;;;;;;;;;;;
Mujeres;58,5;;;;;;;;;;;;;;;;;;;;;;;;;;;;;
Número de personas paradas en la ciudad de Madrid (EPA. 4º trimestre 2021) (miles);;175,6;;;;;;;;;;;;;;;;;;;;;;;;;;;;
Hombres (miles);;79,7;;;;;;;;;;;;;;;;;;;;;;;;;;;;
Mujeres (miles);;95,8;;;;;;;;;;;;;;;;;;;;;;;;;;;;
Paro registrado (nº de personas registradas en SEPE en febrero 2022);;160.316;3,9%;6.188;14,7%;909;22,5%;1.390;14,5%;900;10,0%;618;16,3%;1.010;17,9%;1.106;1,1%;65;;;;;;;;;;;;
Tasa absoluta de paro registrado (febrero 2022);7,33;;5,95;;6,30;;6,10;;7,04;;4,52;;5,30;;6,54;;5,66;;;;;;;;;;;;;
Tasa absoluta de paro registrado HOMBRES ;6,52;;5,31;;5,52;;5,45;;6,58;;3,84;;4,74;;5,88;;4,52;;;;;;;;;;;;;
De 16 a 24 años;3,33;;2,11;;2,39;;1,94;;3,17;;2,01;;1,31;;2,31;;3,38;;;;;;;;;;;;;
De 25 a 44 años;5,45;;4,44;;4,98;;4,88;;4,89;;3,53;;3,81;;4,49;;3,05;;;;;;;;;;;;;
De 45 a 64 años;8,63;;7,12;;6,88;;7,09;;9,56;;4,66;;6,65;;8,50;;6,32;;;;;;;;;;;;;
Tasa absoluta de paro registrado MUJERES ;8,08;;6,55;;7,03;;6,68;;7,47;;5,17;;5,83;;7,19;;6,81;;;;;;;;;;;;;
De 16 a 24 años;3,34;;2,21;;2,30;;2,18;;3,52;;1,58;;2,42;;1,61;;1,64;;;;;;;;;;;;;
De 25 a 44 años;7,30;;5,69;;6,15;;6,35;;6,13;;4,51;;4,44;;6,40;;5,36;;;;;;;;;;;;;
De 45 a 64 años;10,17;;8,41;;8,85;;8,07;;9,86;;6,62;;8,08;;9,34;;9,21;;;;;;;;;;;;;
Personas paradas de larga duración (febrero 2022);51,9%;83.245;48,9%;3.028;;;;;;;;;;;;;;;;;;;;;;;;;;
Hombres;38,9%;32.359;40,9%;1.238;;;;;;;;;;;;;;;;;;;;;;;;;;
Mujeres ;61,1%;50.886;59,1%;1.790;;;;;;;;;;;;;;;;;;;;;;;;;;
Personas paradas que SI perciben prestaciones (febrero 2022);42,4%;68.028;46,4%;2.869;;;;;;;;;;;;;;;;;;;;;;;;;;
Hombres;47,3%;32.178;45,7%;1.312;;;;;;;;;;;;;;;;;;;;;;;;;;
Mujeres ;52,7%;35.850;54,3%;1.557;;;;;;;;;;;;;;;;;;;;;;;;;;
Personas paradas que NO perciben prestaciones (febrero 2022);57,6%;92.288;53,6%;3.319;;;;;;;;;;;;;;;;;;;;;;;;;;
Hombres;39,5%;36.473;41,0%;1.362;;;;;;;;;;;;;;;;;;;;;;;;;;
Mujeres ;60,5%;55.815;59,0%;1.957;;;;;;;;;;;;;;;;;;;;;;;;;;
1.5. EDUCACIÓN;;;;;;;;;;;;;;;;;;;;;;;;;;;;;;
1.5.1. Población en etapas educativas (01/01/2021);100,0%;455.915;100%;18.571;100%;2.560;100%;3.687;100%;2.121;100%;3.550;100%;3.903;100%;2.459;100%;291;;;;;;;;;;;;
0 a 2 años;17,2%;78.328;18,9%;3.507;18,0%;461;17,8%;657;22,2%;470;17,3%;614;18,8%;733;21,0%;517;18,9%;55;;;;;;;;;;;;
Infantil (3 a 5 años);18,5%;84.424;19,1%;3.549;18,8%;482;19,5%;718;22,2%;471;18,4%;654;18,8%;735;17,9%;439;17,2%;50;;;;;;;;;;;;
Primaria (6 a 11 años);38,4%;175.023;37,6%;6.980;35,8%;917;37,5%;1.383;35,5%;754;40,5%;1.437;37,8%;1.477;36,8%;906;36,4%;106;;;;;;;;;;;;
Secundaria (12 a 15 años);25,9%;118.140;24,4%;4.535;27,3%;700;25,2%;929;20,1%;426;23,8%;845;24,5%;958;24,3%;597;27,5%;80;;;;;;;;;;;;
Etapas educativas. Total niños;51,1%;233.089;50,8%;9.431;49,4%;1.265;51,3%;1.893;50,3%;1.067;51,6%;1.832;50,9%;1.988;50,4%;1.239;50,5%;147;;;;;;;;;;;;
0 a 2 años;17,1%;39.956;19,6%;1.846;19,1%;241;18,7%;354;22,4%;239;17,8%;326;19,2%;382;22,4%;278;8,9%;26;;;;;;;;;;;;
Infantil (3 a 5 años);18,6%;43.338;19,1%;1.804;18,7%;237;19,6%;371;22,2%;237;18,2%;333;18,9%;376;18,0%;223;9,3%;27;;;;;;;;;;;;
Primaria (6 a 11 años);38,4%;89.462;37,7%;3.553;36,4%;461;36,9%;698;35,8%;382;41,0%;751;38,3%;762;36,4%;451;16,5%;48;;;;;;;;;;;;
Secundaria (12 a 15 años);25,9%;60.333;23,6%;2.228;25,8%;326;24,8%;470;19,6%;209;23,0%;422;23,5%;468;23,2%;287;15,8%;46;;;;;;;;;;;;
Etapas educativas. Total niñas;48,9%;222.826;49,2%;9.140;50,6%;1.295;48,7%;1.794;49,7%;1.054;48,4%;1.718;49,1%;1.915;49,6%;1.220;49,5%;144;;;;;;;;;;;;
0 a 2 años;17,2%;38.372;18,2%;1.661;17,0%;220;16,9%;303;21,9%;231;16,8%;288;18,3%;351;19,6%;239;20,1%;29;;;;;;;;;;;;
Infantil (3 a 5 años);18,4%;41.086;19,1%;1.745;18,9%;245;19,3%;347;22,2%;234;18,7%;321;18,7%;359;17,7%;216;16,0%;23;;;;;;;;;;;;
Primaria (6 a 11 años);38,4%;85.561;37,5%;3.427;35,2%;456;38,2%;685;35,3%;372;39,9%;686;37,3%;715;37,3%;455;40,3%;58;;;;;;;;;;;;
Secundaria (12 a 15 años);25,9%;57.807;25,2%;2.307;28,9%;374;25,6%;459;20,6%;217;24,6%;423;25,6%;490;25,4%;310;23,6%;34;;;;;;;;;;;;
1.5.2. Escolarización del alumnado por tipo de centro (año escolar 2019/20);100,0%;531.839;100%;18.835;;;;;;;;;;;;;;;;;;;;;;;;;;
En centros PRIVADOS CONCERTADOS;42,4%;225.516;30,0%;5.654;;;;;;;;;;;;;;;;;;;;;;;;;;
En centros PRIVADOS SIN CONCIERTO;18,4%;97.728;18,1%;3.415;;;;;;;;;;;;;;;;;;;;;;;;;;
En centros PÚBLICOS;39,2%;208.595;51,9%;9.766;;;;;;;;;;;;;;;;;;;;;;;;;;
Total alumnos extranjeros;11,7%;62.112;8,4%;1.583;;;;;;;;;;;;;;;;;;;;;;;;;;
En centros PRIVADOS CONCERTADOS;34,0%;21.142;33,5%;531;;;;;;;;;;;;;;;;;;;;;;;;;;
En centros PRIVADOS SIN CONCIERTO;9,9%;6.167;8,7%;137;;;;;;;;;;;;;;;;;;;;;;;;;;
En centros PÚBLICOS;56,0%;34.803;57,8%;915;;;;;;;;;;;;;;;;;;;;;;;;;;
Total alumnos con necesidades de apoyo educativo;4,7%;25.160;3,8%;711;;;;;;;;;;;;;;;;;;;;;;;;;;
En centros PRIVADOS CONCERTADOS;44,4%;11.161;52,3%;372;;;;;;;;;;;;;;;;;;;;;;;;;;
En centros PRIVADOS SIN CONCIERTO;4,3%;1.082;0,1%;1;;;;;;;;;;;;;;;;;;;;;;;;;;
En centros PÚBLICOS;51,3%;12.917;47,5%;338;;;;;;;;;;;;;;;;;;;;;;;;;;
1.5.3. Nivel de estudios de la población ≥ 25 años (01/01/2021);;;;;;;;;;;;;;;;;;;;;;;;;;;;;;
No sabe leer ni escribir o sin estudios;4,2%;108.764;2,2%;2.696;2,1%;380;2,0%;599;3,1%;512;1,1%;159;2,0%;439;2,7%;591;1,6%;16;;;;;;;;;;;;
Primaria incompleta;10,5%;270.260;7,3%;9.030;7,6%;1.382;7,4%;2.210;9,2%;1.520;4,1%;587;6,9%;1.528;8,1%;1.743;6,0%;60;;;;;;;;;;;;
Bachiller Elemental, Graduado Escolar, ESO, Formación profesional 1º grado;26,4%;676.508;19,1%;23.688;17,6%;3.213;17,4%;5.210;26,2%;4.355;13,3%;1.905;20,0%;4.441;20,0%;4.333;22,9%;231;;;;;;;;;;;;
Formación profesional 2º grado, Bachiller Superior o BUP;19,4%;497.456;19,4%;24.060;19,9%;3.639;19,3%;5.761;20,8%;3.460;18,7%;2.682;18,9%;4.197;18,9%;4.098;22,1%;223;;;;;;;;;;;;
Titulaciones medias, diplomatura, arquitectura o ingeniería técnica;9,2%;236.829;11,7%;14.557;12,0%;2.203;12,3%;3.659;9,7%;1.613;14,2%;2.039;11,9%;2.643;10,6%;2.285;11,4%;115;;;;;;;;;;;;
Estudios superiores, licenciatura, arquitectura superior, estudios superiores no universitarios, docturado, estudios de posgrado;30,2%;774.430;40,2%;49.800;40,7%;7.447;41,4%;12.366;30,9%;5.134;48,5%;6.936;40,4%;8.989;39,6%;8.566;35,9%;362;;;;;;;;;;;;
Nivel de estudios desconocido y no consta;0,1%;2.829;0,1%;132;0,1%;23;0,2%;62;0,1%;15;0,0%;4;0,1%;15;0,1%;13;0,0%;0;;;;;;;;;;;;
1.5.4. Programa de prevención y control del absentismo escolar;;2.567.076;1;123.963;1;18.287;1;29.867;1;16.609;1;14.312;1;22.252;1;21.629;1;1.007;;;;;;;;;;;;
Casos trabajados por el programa de absentismo municipal (curso escolar 2020-2021);100,0%;5.307;1,5%;79;;;;;;;;;;;;;;;;;;;;;;;;;;
Casos trabajados HOMBRES;52,2%;2.772;48,1%;38;;;;;;;;;;;;;;;;;;;;;;;;;;
Casos trabajados MUJERES;47,8%;2.535;51,9%;41;;;;;;;;;;;;;;;;;;;;;;;;;;
1.6. SALUD;;;;;;;;;;;;;;;;;;;;;;;;;;;;;;
1.6.1. Hábitos y estilos de vida (2018. Estudio Madrid Salud);;;;;;;;;;;;;;;;;;;;;;;;;;;;;;
Sedentarismo;30,0%;;25,7%;;;;;;;;;;;;;;;;;;;;;;;;;;;
Sedentarismo HOMBRES ;25,2%;;;;;;;;;;;;;;;;;;;;;;;;;;;;;
Sedentarismo MUJERES ;34,0%;;;;;;;;;;;;;;;;;;;;;;;;;;;;;
Consumo de tabaco diario;18,9%;;19,8%;;;;;;;;;;;;;;;;;;;;;;;;;;;
Consumo de tabaco diario HOMBRES;20,2%;;;;;;;;;;;;;;;;;;;;;;;;;;;;;
Consumo de tabaco diario MUJERES ;17,9%;;;;;;;;;;;;;;;;;;;;;;;;;;;;;
Consumo de medicamentos ;66,3%;;67,3%;;;;;;;;;;;;;;;;;;;;;;;;;;;
Consumo de medicamentos HOMBRES  ;62,4%;;;;;;;;;;;;;;;;;;;;;;;;;;;;;
Consumo de medicamentos MUJERES ;69,7%;;;;;;;;;;;;;;;;;;;;;;;;;;;;;
1.6.2. Indicadores de nivel de salud (2018. Estudio Madrid Salud);;;;;;;;;;;;;;;;;;;;;;;;;;;;;;
Autopercepción de buen estado de salud  (% respuesta muy buena + buena);72,3%;;73,5%;;;;;;;;;;;;;;;;;;;;;;;;;;;
Autopercepción de buen estado de salud HOMBRES ;77,4%;;;;;;;;;;;;;;;;;;;;;;;;;;;;;
Autopercepción de buen estado de salud MUJERES ;68,0%;;;;;;;;;;;;;;;;;;;;;;;;;;;;;
Calidad de vida relacionada con la salud (CVRS) ;20,2%;;20,1%;;;;;;;;;;;;;;;;;;;;;;;;;;;
Calidad de vida relacionada con la salud (CVRS) HOMBRES;19,0%;;;;;;;;;;;;;;;;;;;;;;;;;;;;;
Calidad de vida relacionada con la salud (CVRS) MUJERES;21,1%;;;;;;;;;;;;;;;;;;;;;;;;;;;;;
Presencia de enfermedad crónica ;39,8%;;42,8%;;;;;;;;;;;;;;;;;;;;;;;;;;;
Presencia de enfermedad crónica HOMBRES ;36,6%;;;;;;;;;;;;;;;;;;;;;;;;;;;;;
Presencia de enfermedad crónica MUJERES;42,4%;;;;;;;;;;;;;;;;;;;;;;;;;;;;;
Hipertensión arterial;18,8%;;18,3%;;;;;;;;;;;;;;;;;;;;;;;;;;;
Hipertensión arterial HOMBRES;19,7%;;;;;;;;;;;;;;;;;;;;;;;;;;;;;
Hipertensión arterial MUJERES;18,1%;;;;;;;;;;;;;;;;;;;;;;;;;;;;;
Diabetes Mellitus;6,0%;;5,9%;;;;;;;;;;;;;;;;;;;;;;;;;;;
Diabetes Mellitus HOMBRES;6,9%;;;;;;;;;;;;;;;;;;;;;;;;;;;;;
Diabetes Mellitus MUJERES;5,3%;;;;;;;;;;;;;;;;;;;;;;;;;;;;;
Personas con obesidad ;12,2%;;10,2%;;;;;;;;;;;;;;;;;;;;;;;;;;;
Personas con obesidad HOMBRES ;13,3%;;;;;;;;;;;;;;;;;;;;;;;;;;;;;
Personas con obesidad MUJERES;11,2%;;;;;;;;;;;;;;;;;;;;;;;;;;;;;
Personas con sobrepeso;33,5%;;35,3%;;;;;;;;;;;;;;;;;;;;;;;;;;;
Personas con sobrepeso HOMBRES;41,1%;;;;;;;;;;;;;;;;;;;;;;;;;;;;;
Personas con sobrepeso MUJERES;27,0%;;;;;;;;;;;;;;;;;;;;;;;;;;;;;
Personas mayores de 65 años con alguna dependencia funcional;32,4%;;41,3%;;;;;;;;;;;;;;;;;;;;;;;;;;;
Alguna dependencia funcional HOMBRES ;39,1%;;;;;;;;;;;;;;;;;;;;;;;;;;;;;
Alguna dependencia funcional MUJERES;48,6%;;;;;;;;;;;;;;;;;;;;;;;;;;;;;
Prevalencia de obesidad en la población infantil (2017. Estudio Madrid Salud. UCM);15,8%;;11,5%;;;;;;;;;;;;;;;;;;;;;;;;;;;
Probabilidad de padecer enfermedad mental (GHQ-12);21,1%;;17,0%;;;;;;;;;;;;;;;;;;;;;;;;;;;
Probabilidad de padecer enfermedad mental (GHQ-12) HOMBRES;16,6%;;;;;;;;;;;;;;;;;;;;;;;;;;;;;
Probabilidad de padecer enfermedad (GHQ-12) MUJERES;24,9%;;;;;;;;;;;;;;;;;;;;;;;;;;;;;
1.6.3. Riesgo de mala salud mental en personas de 18 años o más (GHQ-12) Ciudad de Madrid (ENS, 2017, Abril y Octubre de 2020);;;;;;;;;;;;;;;;;;;;;;;;;;;;;;
Probabilidad de padecer enfermedad mental (GHQ-12) Abril 2020;57,6%;;;;;;;;;;;;;;;;;;;;;;;;;;;;;
Probabilidad de padecer enfermedad mental (GHQ-12) HOMBRES Abril 2020;55,5%;;;;;;;;;;;;;;;;;;;;;;;;;;;;;
Probabilidad de padecer enfermedad mental (GHQ-12) MUJERES Abril 2020;59,5%;;;;;;;;;;;;;;;;;;;;;;;;;;;;;
Probabilidad de padecer enfermedad mental (GHQ-12) Octubre 2020;49,8%;;;;;;;;;;;;;;;;;;;;;;;;;;;;;
Probabilidad de padecer enfermedad mental (GHQ-12) HOMBRES Octubre 2020;39,6%;;;;;;;;;;;;;;;;;;;;;;;;;;;;;
Probabilidad de padecer enfermedad mental(GHQ-12)  MUJERES Octubre 2020;58,6%;;;;;;;;;;;;;;;;;;;;;;;;;;;;;
Probabilidad de padecer enfermedad mental (GHQ-12)   entre 18-29 años (ENS, 2017);13,9%;;;;;;;;;;;;;;;;;;;;;;;;;;;;;
Probabilidad de padecer enfermedad mental (GHQ-12)   entre 30-44 años (ENS, 2017);15,3%;;;;;;;;;;;;;;;;;;;;;;;;;;;;;
Probabilidad de padecer enfermedad mental (GHQ-12)   entre 45-64 años (ENS, 2017);19,6%;;;;;;;;;;;;;;;;;;;;;;;;;;;;;
Probabilidad de padecer enfermedad mental (GHQ-12)   entre 65 y más años (ENS, 2017);22,7%;;;;;;;;;;;;;;;;;;;;;;;;;;;;;
Probabilidad de padecer enfermedad mental (GHQ-12)   entre 18-29 años (Abril, 2020);67,4%;;;;;;;;;;;;;;;;;;;;;;;;;;;;;
Probabilidad de padecer enfermedad mental (GHQ-12)   entre 30-44 años (Abril, 2020);66,3%;;;;;;;;;;;;;;;;;;;;;;;;;;;;;
Probabilidad de padecer enfermedad mental (GHQ-12)   entre 45-64 años (Abril, 2020);59,1%;;;;;;;;;;;;;;;;;;;;;;;;;;;;;
Probabilidad de padecer enfermedad mental (GHQ-12)   entre 65 y más años (Abril, 2020);37,6%;;;;;;;;;;;;;;;;;;;;;;;;;;;;;
Probabilidad de padecer enfermedad mental (GHQ-12)   entre 18-29 años  (Octubre, 2020);52,2%;;;;;;;;;;;;;;;;;;;;;;;;;;;;;
Probabilidad de padecer enfermedad mental (GHQ-12)   entre 30-44 años  (Octubre, 2020);57,1%;;;;;;;;;;;;;;;;;;;;;;;;;;;;;
Probabilidad de padecer enfermedad mental (GHQ-12)   entre 45-64 años  (Octubre, 2020);50,0%;;;;;;;;;;;;;;;;;;;;;;;;;;;;;
Probabilidad de padecer enfermedad mental (GHQ-12)   entre 65 y más años (Octubre, 2020);39,4%;;;;;;;;;;;;;;;;;;;;;;;;;;;;;
1.6.4. Discapacidad reconocida (2020);;;;;;;;;;;;;;;;;;;;;;;;;;;;;;
Nº de personas con grado de discapacidad reconocido;6,2%;207.714;4,8%;9.891;;;;;;;;;;;;;;;;;;;;;;;;;;
Hombres;47,8%;99.335;44,7%;4.419;;;;;;;;;;;;;;;;;;;;;;;;;;
Mujeres;52,2%;108.379;55,3%;5.472;;;;;;;;;;;;;;;;;;;;;;;;;;
Mujeres por cada 100 hombres (Feminización de la discapacidad reconocida);;109,1;;123,8;;;;;;;;;;;;;;;;;;;;;;;;;;
1.7. CALIDAD DE VIDA  (2021);;;;4,82%;;;;;;;;;;;;;;;;;;;;;;;;;;
1.7.1. Calidad de vida y agenda pública ;;;;;;;;;;;;;;;;;;;;;;;;;;;;;;
Satisfacción de vivir en su barrio ;;7,6;;7,9;;;;;;;;;;;;;;;;;;;;;;;;;;
Calidad de vida actual en su barrio ;;7,2;;7,4;;;;;;;;;;;;;;;;;;;;;;;;;;
Convivencia vecinal;;7,1;;7,0;;;;;;;;;;;;;;;;;;;;;;;;;;
1.7.2. Satisfacción con los servicios públicos (escala 0-10);;;;;;;;;;;;;;;;;;;;;;;;;;;;;;
Espacios verdes;;7,0;;7,0;;;;;;;;;;;;;;;;;;;;;;;;;;
Parques infantiles ;;6,6;;6,6;;;;;;;;;;;;;;;;;;;;;;;;;;
Centros culturales;;6,9;;6,7;;;;;;;;;;;;;;;;;;;;;;;;;;
Organización de fiestas y eventos populares;;7,0;;6,8;;;;;;;;;;;;;;;;;;;;;;;;;;
Instalaciones deportivas;;6,9;;6,6;;;;;;;;;;;;;;;;;;;;;;;;;;
Servicios sociales municipales;;6,5;;6,2;;;;;;;;;;;;;;;;;;;;;;;;;;
1.7.3. Principales problemas de la ciudadanía (% personas encuestadas);;;;;;;;;;;;;;;;;;;;;;;;;;;;;;
1º. Limpieza;;28,9;;31,6;;;;;;;;;;;;;;;;;;;;;;;;;;
2º. Contaminación del aire;;24,7;;34,5;;;;;;;;;;;;;;;;;;;;;;;;;;
3º. Tráfico / atascos;;34,9;;41,4;;;;;;;;;;;;;;;;;;;;;;;;;;
1.7.4. Percepción de seguridad (escala 0-10);;;;;;;;;;;;;;;;;;;;;;;;;;;;;;
Percepción de seguridad en Madrid;;7,3;;7,3;;;;;;;;;;;;;;;;;;;;;;;;;;
Percepción de seguridad en el barrio por el día;;8,2;;8,4;;;;;;;;;;;;;;;;;;;;;;;;;;
Percepción de seguridad en el barrio por la noche;;6,7;;7,1;;;;;;;;;;;;;;;;;;;;;;;;;;
1.7.5. Medida en la que la ciudadania se siente informada de lo que hace el Ayuntamiento (escala 0-10);;;;;;;;;;;;;;;;;;;;;;;;;;;;;;
Medida en la que la ciudadania se siente informada de lo que hace el Ayuntamiento;;5,4;;5,5;;;;;;;;;;;;;;;;;;;;;;;;;;
1.7.6. Amigabilidad de la ciudad de Madrid (escala 0-10);;;;;;;;;;;;;;;;;;;;;;;;;;;;;;
Madrid ciudad amigable con las personas lesbianas, gays, transexuales y bisexuales;;6,9;;6,7;;;;;;;;;;;;;;;;;;;;;;;;;;
1.8. INDICADORES DE VULNERABILIDAD;;;;;;;;;;;;;;;;;;;;;;;;;;;;;;
1.8.1. Tasa de riesgo de pobreza o exclusión social. Indicador AROPE (2019. Encuesta de Condiciones de Vida);;;;;;;;;;;;;;;;;;;;;;;;;;;;;;
Tasa de riesgo de pobleza o exclusión social;26.2%;;;;;;;;;;;;;;;;;;;;;;;;;;;;;
Tasa de riesgo de pobleza o exclusión social HOMBRES;24.3%;;;;;;;;;;;;;;;;;;;;;;;;;;;;;
Tasa de riesgo de pobleza o exclusión social MUJERES;27.9%;;;;;;;;;;;;;;;;;;;;;;;;;;;;;
Tasa de riesgo de pobleza o exclusión social N. ESPAÑOLA (>16 años);21,3%;;;;;;;;;;;;;;;;;;;;;;;;;;;;;
Tasa de riesgo de pobleza o exclusión social N. EXTRANJERA UNIÓN EUROPEA (>16 años);37,1%;;;;;;;;;;;;;;;;;;;;;;;;;;;;;
Tasa de riesgo de pobleza o exclusión social N. EXTRANJERA RESTO DEL MUNDO (>16 años);61,7%;;;;;;;;;;;;;;;;;;;;;;;;;;;;;
1.8.2. Repercusión económica en los hogares por la crisis de Covid- 19  (Octubre, 2020);;;;;;;;;;;;;;;;;;;;;;;;;;;;;;
Hogar Unipersonal, de personas de menos de 65 años. No les ha afectado la crisis del coronavirus en los ingresos del hogar ;;65,9%;;;;;;;;;;;;;;;;;;;;;;;;;;;;
Hogar Unipersonal, de personas de menos de 65 años. Les ha afectado la crisis del coronavirus en el aumento de sus  ingresos del hogar ;;0,0%;;;;;;;;;;;;;;;;;;;;;;;;;;;;
Hogar Unipersonal, de personas de menos de 65 años. Les ha afectado la crisis del coronavirus en la disminución de sus ingresos del hogar ;;33,7%;;;;;;;;;;;;;;;;;;;;;;;;;;;;
Hogar Unipersonal, de personas de  65 años o más. No les ha afectado la crisis del coronavirus en los ingresos del hogar ;;89,8%;;;;;;;;;;;;;;;;;;;;;;;;;;;;
Hogar Unipersonal, de personas de  65 años o más. Les ha afectado la crisis del coronavirus en el aumento de sus  ingresos del hogar;;0,0%;;;;;;;;;;;;;;;;;;;;;;;;;;;;
Hogar Unipersonal, de personas de  65 años o más. Les ha afectado la crisis del coronavirus en la disminución de sus ingresos del hogar ;;8,7%;;;;;;;;;;;;;;;;;;;;;;;;;;;;
Hogares monoparentales. No les ha afectado la crisis del coronavirus en los ingresos del hogar  ;;50,0%;;;;;;;;;;;;;;;;;;;;;;;;;;;;
Hogares monoparentales. Les ha afectado la crisis del coronavirus en el aumento de sus  ingresos del hogar;;1,9%;;;;;;;;;;;;;;;;;;;;;;;;;;;;
Hogares monoparentales. Les ha afectado la crisis del coronavirus en la disminución de sus ingresos del hogar;;46,8%;;;;;;;;;;;;;;;;;;;;;;;;;;;;
Hogares formados por pareja sin hijos/as.  No les ha afectado la crisis del coronavirus en los ingresos del hogar ;;67,8%;;;;;;;;;;;;;;;;;;;;;;;;;;;;
Hogares formados por pareja sin hijos/as.  Les ha afectado la crisis del coronavirus en el aumento de sus  ingresos del hogar ;;0,9%;;;;;;;;;;;;;;;;;;;;;;;;;;;;
Hogares formados por pareja sin hijos/as. Les ha afectado la crisis del coronavirus en la disminución de sus ingresos del hogar ;;30,6%;;;;;;;;;;;;;;;;;;;;;;;;;;;;
Hogares formados por pareja con hijos/as. No les ha afectado la crisis del coronavirus en los ingresos del hogar;;53,5%;;;;;;;;;;;;;;;;;;;;;;;;;;;;
Hogares formados por pareja con hijos/as.  Les ha afectado la crisis del coronavirus en el aumento de sus  ingresos del hogar ;;2,7%;;;;;;;;;;;;;;;;;;;;;;;;;;;;
Hogares formados por pareja con hijos/as. Les ha afectado la crisis del coronavirus en la disminución de sus ingresos del hogar;;42,5%;;;;;;;;;;;;;;;;;;;;;;;;;;;;
1.9. SERVICIOS SOCIALES;;;;;;;;;;;;;;;;;;;;;;;;;;;;;;
1.9.1. Población en general (2020);;;;;;;;;;;;;;;;;;;;;;;;;;;;;;
Personas atendidas en la Unidad de Primera Atención en Centros de Servicios Sociales;;104.491 ;3,8%;3.943;;;;;;;;;;;;;;;;;;;;;;;;;;
Solicitudes tramitadas de Renta Mínima de Inserción ;;4.473 ;3,6%;163;;;;;;;;;;;;;;;;;;;;;;;;;;
Personas perceptoras de prestación de la Renta Mínima de Inserción;;14.371 ;1,4%;203;;;;;;;;;;;;;;;;;;;;;;;;;;
Personas beneficiarias de prestaciones sociales de carácter económico (2021);;15.535 ;2,6%;400;;;;;;;;;;;;;;;;;;;;;;;;;;
Total prestaciones sociales de carácter económico (€);;13.591.487 €;2,8%;379.078;;;;;;;;;;;;;;;;;;;;;;;;;;
1.9.2. Personas Mayores (2021);;;;;;;;;;;;;;;;;;;;;;;;;;;;;;
Personas con Servicio de Ayuda a Domicilio (modalidad auxiliar de hogar);;77.834 ;2,8%;2.204;;;;;;;;;;;;;;;;;;;;;;;;;;
Hombres;;19.039 ;2,6%;494;;;;;;;;;;;;;;;;;;;;;;;;;;
Mujeres;;58.795 ;2,9%;1.710;;;;;;;;;;;;;;;;;;;;;;;;;;
Personas socias de los Centros Municipales de Mayores;;331.471 ;4,8%;15.908;;;;;;;;;;;;;;;;;;;;;;;;;;
Hombres;;121.511 ;4,8%;5.798;;;;;;;;;;;;;;;;;;;;;;;;;;
Mujeres ;;209.960 ;4,8%;10.110;;;;;;;;;;;;;;;;;;;;;;;;;;
1.9.3. Menores y Familia (2020);;;;;;;;;;;;;;;;;;;;;;;;;;;;;;
Familias atendidas por el Equipo de Trabajo con Menores y Familia (ETMF);;4.358;1,7%;72;;;;;;;;;;;;;;;;;;;;;;;;;;
Demandas de intervención en los Centros de Atención a la Infancia (CAI);;1.615;2,0%;32;;;;;;;;;;;;;;;;;;;;;;;;;;
Menores atendidos por el Servicio de Ayuda a domicilio a Menores y Familias (SAD) ;;1.243;2,2%;27;;;;;;;;;;;;;;;;;;;;;;;;;;
1.10. VIVIENDA;;;;;;;;;;;;;;;;;;;;;;;;;;;;;;
1.10.1. Información sobre datos catastrales;;;;;;;;;;;;;;;;;;;;;;;;;;;;;;
Número de inmuebles de uso residencial (2020);;1.494.204,0 ;5,0%;75.117;14,6%;10.967;23,4%;17.602;12,9%;9.664;11,7%;8.781;18,2%;13.692;18,1%;13.601;1,1%;810;;;;;;;;;;;;
Superficie media construida (m2) inmuebles de uso residencial (2020);;115,4 ;81,6%;94,14;96,7%;91,00;99,8%;94,0;85,0%;80,00;113,7%;107,0;99,8%;94,00;91,4%;86,00;113,7%;107,00;;;;;;;;;;;;
Año medio de construcción de inmuebles de uso residencial (2020);;1.973,1 ;;1.976;;1.971;;1.976;;1.957;;1.997;;1.972;;1.953;;2.008;;;;;;;;;;;;
Valor catastral medio de los bienes inmuebles: personas físicas (2021) en miles de €;;90,4 ;92,6%;83,73;;;;;;;;;;;;;;;;;;;;;;;;;;
Valor catastral medio de los bienes inmuebles: personas jurídicas (2021) en miles de €;;370,3 ;77,1%;285,40;;;;;;;;;;;;;;;;;;;;;;;;;;
Superficie media de la vivienda (m2) en transacción (2020);;85,6 ;94,9%;81,23;99,5%;80,84;80,4%;65,3;75,5%;61,32;109,0%;88,55;106,6%;86,62;86,0%;69,86;134,7%;109,43;;;;;;;;;;;;
Duración media del crédito (meses) en transacción de vivienda (2020);;296,0 ;98,6%;292;109,6%;320;108,9%;318;81,5%;238;96,9%;283;102,4%;299;104,1%;304;0,0%;0;;;;;;;;;;;;
1.10.2. Lanzamientos judiciales (Consejo General del Poder Judicial);;;;;;;;;;;;;;;;;;;;;;;;;;;;;;
Lanzamientos judiciales practicados (2013);100%;5.020 ;;;;;;;;;;;;;;;;;;;;;;;;;;;;
Como consecuencia de ejecuciones hipotecarias;29,9%;1.501;;;;;;;;;;;;;;;;;;;;;;;;;;;;
Como consecuencia de la Ley de Arrendamientos Urbanos;62,5%;3.137;;;;;;;;;;;;;;;;;;;;;;;;;;;;
Lanzamientos judiciales practicados (2021);100%;2.003 ;;;;;;;;;;;;;;;;;;;;;;;;;;;;
Como consecuencia de ejecuciones hipotecarias;12,0%;240;;;;;;;;;;;;;;;;;;;;;;;;;;;;
Como consecuencia de la Ley de Arrendamientos Urbanos;85,0%;1.702;;;;;;;;;;;;;;;;;;;;;;;;;;;;
1.11. MEDIO AMBIENTE Y RESIDUOS;;;;;;;;;;;;;;;;;;;;;;;;;;;;;;
1.11.1. Contaminantes del aire (2020/21);;;;;;;;;;;;;;;;;;;;;;;;;;;;;;
Partículas suspensión PM2.5 (µgr/m3) -Valor límite: 25 µgr/m3- ;;9,6;;;;;;;;;;;;;;;;;;;;;;;;;;;;
Partículas suspensión PM10 (µgr/m3) -Valor límite: 40 µgr/m3-;;18,6;;;;;;;;;;;;;;;;;;;;;;;;;;;;
Dióxido de azufre - SO2 (µgr/m3) -Valor límite: 125 µgr/m3-;;5,7;;;;;;;;;;;;;;;;;;;;;;;;;;;;
Monóxido de carbono - CO (mg/m3) -Valor límite: 10 µgr/m3-;;0,3;;;;;;;;;;;;;;;;;;;;;;;;;;;;
Ozono - O3 (µgr/m3) -Valor límite: 120 µgr/m3-;;50,4;;;;;;;;;;;;;;;;;;;;;;;;;;;;
Dióxido de nitrógeno - NO2 (µgr/m3) -Valor límite: 40 µgr/m3-;;27,2;;;;;;;;;;;;;;;;;;;;;;;;;;;;
Temperatura media anual (ºC);;16,1;;;;;;;;;;;;;;;;;;;;;;;;;;;;
Protocolo de contaminación: nº de episodios (2021);;2;;;;;;;;;;;;;;;;;;;;;;;;;;;;
"Protocolo de contaminación: nº de días ""Escenario 1"" (2021)";;5;;;;;;;;;;;;;;;;;;;;;;;;;;;;
1.11.2. Recogida domiciliaria de residuos sólidos: envases y resto (2020);;;;;;;;;;;;;;;;;;;;;;;;;;;;;;
kg/habitante/año;;293;;225;;;;;;;;;;;;;;;;;;;;;;;;;;
kg/habitante/día;;0,80;;0,62;;;;;;;;;;;;;;;;;;;;;;;;;;
1.12. SEGURIDAD;;;;;;;;;;;;;;;;;;;;;;;;;;;;;;
1.12.1. Intervenciones de la Policía Municipal en materia de seguridad (2021);;;;;;;;;;;;;;;;;;;;;;;;;;;;;;
Relacionadas con las personas;;4.132;2,3%;97;;;;;;;;;;;;;;;;;;;;;;;;;;
Relacionadas con la tenencia de armas;;815;2,2%;18;;;;;;;;;;;;;;;;;;;;;;;;;;
Relacionadas con el patrimonio;;4.655;2,2%;101;;;;;;;;;;;;;;;;;;;;;;;;;;
Relacionadas con la tenencia y consumo de drogas;;6.300;2,3%;144;;;;;;;;;;;;;;;;;;;;;;;;;;
Inspecciones y actuaciones en locales de espectáculos públicos y actividades recreativas;;20.036;6,7%;1.350;;;;;;;;;;;;;;;;;;;;;;;;;;
Expedientes instruidos por Agentes Tutores;;530;0,4%;2;;;;;;;;;;;;;;;;;;;;;;;;;;
Atestados/partes de accidentes de tráfico confeccionados;;17.947;4,7%;840;;;;;;;;;;;;;;;;;;;;;;;;;;
1.12.2. Personas detenidas e investigadas por la Policía Municipal en materia de seguridad (2021);;;;;;;;;;;;;;;;;;;;;;;;;;;;;;
Total personas detenidas e investigadas;100%;8.105;3,2%;263;;;;;;;;;;;;;;;;;;;;;;;;;;
Lesiones;4,0%;328;;;;;;;;;;;;;;;;;;;;;;;;;;;;
Violencia doméstica y de género;8,5%;687;;;;;;;;;;;;;;;;;;;;;;;;;;;;
Malos tratos a menores;0,7%;56;;;;;;;;;;;;;;;;;;;;;;;;;;;;
Abusos y agresiones sexuales;0,7%;60;;;;;;;;;;;;;;;;;;;;;;;;;;;;
Hurtos;9,5%;769;;;;;;;;;;;;;;;;;;;;;;;;;;;;
Robo con violencia e intimidación en personas;2,1%;171;;;;;;;;;;;;;;;;;;;;;;;;;;;;
Contra la salud pública;4,6%;371;;;;;;;;;;;;;;;;;;;;;;;;;;;;
Contra la seguridad vial;41,3%;3.344;;;;;;;;;;;;;;;;;;;;;;;;;;;;
1.13. RESULTADOS ELECCIONES LOCALES (2019);;;;;;;;;;;;;;;;;;;;;;;;;;;;;;
Censo electoral;100,0%;2.397.881;100%;120.913;100%;18.598;100%;30.449;100%;15.600;100%;14.431;100%;20.971;100,0%;20.024;100,0%;840;;;;;;;;;;;;
Abstención;31,8%;761.923;25,6%;30.928;23,9%;4.436;23,0%;6.995;30,3%;4.729;22,5%;3.252;26,1%;5.478;29,1%;5.821;25,8%;217;;;;;;;;;;;;
Votos blancos;0,3%;6.945;0,3%;388;0,3%;62;0,3%;95;0,3%;51;0,4%;57;0,3%;63;0,3%;60;0,0%;0;;;;;;;;;;;;
Votos a candidaturas;68,2%;1.623.174;73,9%;89.317;75,5%;14.050;76,5%;23.291;69,0%;10.769;76,9%;11.098;73,4%;15.389;70,4%;14.097;74,2%;623;;;;;;;;;;;;
Más Madrid;31,1%;505.159;39,2%;35.017;37,8%;5.309;39,0%;9.079;40,0%;4.303;39,6%;4.400;38,4%;5.911;41,0%;5.773;38,8%;242;;;;;;;;;;;;
PP;24,4%;395.344;21,1%;18.850;23,0%;3.235;21,9%;5.100;21,6%;2.325;16,8%;1.860;20,9%;3.211;21,6%;3.046;11,7%;73;;;;;;;;;;;;
Ciudadanos;19,3%;312.536;18,8%;16.757;18,6%;2.612;19,1%;4.440;14,9%;1.607;24,3%;2.699;19,6%;3.010;16,0%;2.252;22,0%;137;;;;;;;;;;;;
PSOE;13,8%;224.074;10,6%;9.464;9,9%;1.388;10,4%;2.419;13,1%;1.406;9,5%;1.053;10,5%;1.618;10,6%;1.495;13,6%;85;;;;;;;;;;;;
VOX;7,7%;124.969;6,5%;5.772;7,2%;1.005;6,0%;1.407;5,8%;623;6,7%;739;6,8%;1.048;6,3%;891;9,5%;59;;;;;;;;;;;;
1.14. SERVICIOS Y EQUIPAMIENTOS MUNICIPALES;;;;;;;;;;;;;;;;;;;;;;;;;;;;;;
1.14.1. Servicios Sociales Municipales (2021);;;;;;;;;;;;;;;;;;;;;;;;;;;;;;
Centros de Servicios Sociales;;38;2,6%;1;;0;;0;;1;;0;;0;;0;;0;;;;;;;;;;;;
Centros Municipales de Mayores ;;91;2,2%;2;;0;;0;;1;;0;;0;;1;;0;;;;;;;;;;;;
Centros de Día de Alzheimer y Físicos;;100;3,0%;3;;0;;0;;1;;1;;0;;1;;0;;;;;;;;;;;;
Apartamentos Municipales para Mayores;;2;0,0%;0;;0;;0;;0;;0;;0;;0;;0;;;;;;;;;;;;
Residencias para personas Mayores ;;3;0,0%;0;;0;;0;;0;;0;;0;;0;;0;;;;;;;;;;;;
Centros de Apoyo a las Familias (CAF);;7;0,0%;0;;0;;0;;0;;0;;0;;0;;0;;;;;;;;;;;;
Centros de Atención a la Infancia (CAI);;13;0,0%;0;;0;;0;;0;;0;;0;;0;;0;;;;;;;;;;;;
Centro de Día de Atención a Niños y Niñas (de 3 a 12 años);;29;3,4%;1;;0;;1;;0;;0;;0;;0;;0;;;;;;;;;;;;
Espacios de Ocio para Adolescentes (El Enredadero);;6;0,0%;0;;0;;0;;0;;0;;0;;0;;0;;;;;;;;;;;;
Centros de Adolescentes y Jóvenes (ASPA) ;;8;0,0%;0;;0;;0;;0;;0;;0;;0;;0;;;;;;;;;;;;
Centros para personas sin hogar;;13;0,0%;0;;0;;0;;0;;0;;0;;1;;0;;;;;;;;;;;;
1.14.2. Género (2021);;;;;;;;;;;;;;;;;;;;;;;;;;;;;;
Espacios de Igualdad;;18;5,6%;1;;0;;0;;1;;0;;0;;0;;0;;;;;;;;;;;;
1.14.3. Salud (2020);;;;;;;;;;;;;;;;;;;;;;;;;;;;;;
Centros Municipales de Salud Comunitaria (CMSC);;16;6,3%;1;;0;;1;;0;;0;;0;;0;;0;;;;;;;;;;;;
Centros de Atención a las Adicciones (CAD y CCAD);;10;10,0%;1;;0;;0;;1;;0;;0;;0;;0;;;;;;;;;;;;
1.14.4. Cultura (2021);;;;;;;;;;;;;;;;;;;;;;;;;;;;;;
Nº de Bibliotecas Municipales;;33;3,0%;1;;0;;1;;0;;0;;0;;0;;0;;;;;;;;;;;;
Nº de Bibliotecas Comunidad Madrid;;15;0,0%;0;;0;;0;;0;;0;;0;;0;;0;;;;;;;;;;;;
Nº de Centros y Espacios Culturales;;105;4,8%;5;;0;;0;;4;;0;;0;;1;;0;;;;;;;;;;;;
1.14.5. Deportes (2021);;;;;;;;;;;;;;;;;;;;;;;;;;;;;;
Instalaciones deportivas básicas;;509;3,5%;18;;0;;5;;2;;7;;3;;1;;0;;;;;;;;;;;;
Centros deportivos municipales;;78;6,4%;5;;1;;1;;0;;1;;1;;1;;0;;;;;;;;;;;;
Superficie deportiva m2 en centros deportivos municipales (2020);;2.074.404;3,8%;78.284;;;;;;;;;;;;;;;;;;;;;;;;;;
Campos de fútbol 11;;22;4,5%;1;;1;;0;;0;;0;;0;;0;;0;;;;;;;;;;;;
Pista de atletismo ;;8;0,0%;0;;0;;0;;0;;0;;0;;0;;0;;;;;;;;;;;;
Piscinas cubiertas;;50;4,0%;2;;1;;0;;0;;0;;0;;1;;0;;;;;;;;;;;;
Piscinas de verano;;23;4,3%;1;;0;;1;;0;;0;;0;;0;;0;;;;;;;;;;;;
1.14.6. Zonas verdes (2021);;;;;;;;;;;;;;;;;;;;;;;;;;;;;;
Superficie de zonas verdes y Parques de distrito (Ha);;3.407,3;2,7%;91,34;;;;;;;;;;;;;;;;;;;;;;;;;;
Superficie de zonas verdes y Parques de distrito (Ha) / nº de Habitantes *10.000;;10,2;57,5%;5,85;;;;;;;;;;;;;;;;;;;;;;;;;;
Superficie Parques Históricos, Singulares y Forestales por distrito  ;;2.624,2;1,5%;40,15;;;;;;;;;;;;;;;;;;;;;;;;;;
Superficie Parques Históricos, Singulares y Forestales distrito / nº Habitantes *10.000;;7,8;32,8%;2,57;;;;;;;;;;;;;;;;;;;;;;;;;;
1.14.7. Educación (Curso académico 2021/22);;;;;;;;;;;;;;;;;;;;;;;;;;;;;;
Escuelas Infantiles Municipales ;;74;5,4%;4;;0;;1;;0;;1;;1;;1;;0;;;;;;;;;;;;
Escuelas Infantiles Públicas CAM y Municipales;;154;3,2%;5;;;;;;;;;;;;;;;;;;;;;;;;;;
Escuelas Infantiles Privadas;;402;6,5%;26;;;;;;;;;;;;;;;;;;;;;;;;;;
Colegios Públicos Infantil y Primaria ;;249;3,6%;9;;3;;2;;0;;1;;1;;1;;1;;;;;;;;;;;;
Institutos Públicos de Educación Secundaria;;114;2,6%;3;;;;;;;;;;;;;;;;;;;;;;;;;;
Colegios Privados Inf. o Pri. o Inf. y Pri.;;78;2,6%;2;;;;;;;;;;;;;;;;;;;;;;;;;;
Colegios Privados Inf., Pri. y Sec. o Pri. y Sec. ;;278;2,5%;7;;;;;;;;;;;;;;;;;;;;;;;;;;
1.14.8. Empresa y Comercio (2021);;;;;;;;;;;;;;;;;;;;;;;;;;;;;;
Mercados Municipales;;45;4,4%;2;;0;;0;;1;;0;;0;;1;;0;;;;;;;;;;;;
1.15. PARTICIPACIÓN CIUDADANA ;;;;;;;;;;;;;;;;;;;;;;;;;;;;;;
1.15.1. Entidades de participación ciudadana (2021) ;;;;;;;;;;;;;;;;;;;;;;;;;;;;;;
Asociaciones (Sección 1ª);;2.682;5,0%;134;14,2%;19;23,9%;32;13,4%;18;10,4%;14;18,7%;25;18,7%;25;0,7%;1;;;;;;;;;;;;
Nº de asociaciones culturales y casas regionales;;550;5,5%;30;3,3%;1;40,0%;12;20,0%;6;0,0%;0;30,0%;9;6,7%;2;0,0%;0;;;;;;;;;;;;
Nº de asociaciones de mujeres;;90;2,2%;2;100,0%;2;0,0%;0;0,0%;0;0,0%;0;0,0%;0;0,0%;0;0,0%;0;;;;;;;;;;;;
Nº de asociaciones vecinales;;236;3,4%;8;37,5%;3;0,0%;0;12,5%;1;12,5%;1;25,0%;2;12,5%;1;0,0%;0;;;;;;;;;;;;
Fundaciones (Sección 2ª);;87;3,4%;3;33,3%;1;33,3%;1;0,0%;0;33,3%;1;0,0%;0;0,0%;0;0,0%;0;;;;;;;;;;;;
;;;;;;;;;;;;;;;;;;;;;;;;;;;;;;
;;;;;;;;;;;;;;;;;;;;;;;;;;;;;;
1.16. PRESUPUESTO 2022;Acuerdo de 29 de diciembre de 2021 del Pleno del Ayuntamiento de Madrid. Publicación: BOAM Nùm. 9.046, 31 de diciembre de 2021. BOCM Núm. 312, 31 de diciembre de 2021.;;;;;;;;;;;;;;;;;;;;;;;;;;;;;
PROGRAMA;;CAPÍTULOS;;;;;;;;;;;;;;;;;;;;;;;;;;;;
;;1;;2;;3;;4;;5;;6;;7;;TOTAL;;;;;;;;;;;;;;
OTRAS ACTUACIONES EN VÍAS PÚBLICAS;153.22;;;32.000 €;;;;;;;;;;;;32.000 €;;;;;;;;;;;;;;
FAMILIA E INFANCIA;231.02;;;200.416 €;;;;121.000 €;;;;;;;;321.416 €;;;;;;;;;;;;;;
MAYORES ;231.03;;;5.834.262 €;;;;;;;;;;7.000 €;;5.841.262 €;;;;;;;;;;;;;;
SERVICIOS SOCIALES Y EMERGENCIA SOCIAL;231.06;1.852.415 €;;421.944 €;;;;454.578 €;;;;;;3.000 €;;2.731.937 €;;;;;;;;;;;;;;
SALUBRIDAD PÚBLICA;311.01;436.045 €;;6.800 €;;;;;;;;;;;;442.845 €;;;;;;;;;;;;;;
CENTROS DOCENTES ENSEÑANZA INFANTIL Y PRIMARIA;323.01;;;3.798.956 €;;;;;;;;968.200 €;;;;4.767.156 €;;;;;;;;;;;;;;
SERVICIOS COMPLEMENTARIOS EDUCACIÓN;326.01;;;461.383 €;;;;;;;;;;;;461.383 €;;;;;;;;;;;;;;
ACTIVIDADES CULTURALES;334.01;402.898 €;;1.316.680 €;;;;17.000 €;;;;;;;;1.736.578 €;;;;;;;;;;;;;;
ACTUACIONES DEPORTIVAS EN DISTRITOS;341.01;;;13.000 €;;;;;;;;;;;;13.000 €;;;;;;;;;;;;;;
INSTALACIONES DEPORTIVAS;342.01;7.469.256 €;;845.442 €;;;;;;;;157.000 €;;;;8.471.698 €;;;;;;;;;;;;;;
CONSUMO;493.00;293.634 €;;500 €;;;;;;;;;;;;294.134 €;;;;;;;;;;;;;;
CONCEJALÍA-PRESIDENCIA DEL DISTRITO;912.20;367.360 €;;3.500 €;;;;;;;;;;;;370.860 €;;;;;;;;;;;;;;
DIREC. Y GESTIÓN ADMTVA. DEL DISTRITO;920.01;5.267.994 €;;395.958 €;;;;;;;;11.000 €;;;;5.674.952 €;;;;;;;;;;;;;;
PARTICIPACIÓN CIUDADANA ;924.01;;;;;;;88.000 €;;;;;;32.000 €;;120.000 €;;;;;;;;;;;;;;
EDIFICIOS;933.02;;;2.173.153 €;;;;;;;;166.104 €;;;;2.339.257 €;;;;;;;;;;;;;;
CENTRO 001;;16.089.602 €;;15.503.994 €;;0 €;;680.578 €;;0 €;;1.302.304 €;;42.000 €;;33.618.478 €;;;;;;;;;;;;;;
SECCIÓN 202;;16.089.602 €;;15.503.994 €;;0 €;;680.578 €;;0 €;;1.302.304 €;;42.000 €;;33.618.478 €;;;;;;;;;;;;;;
;;;;;;;;;;;;;;;;;;;;;;;;;;;;;;
;;;;;;;;;;;;;;;;;;;;;;;;;;;;;;
;;;;;;;;;;;;;;;;;;;;;;;;;;;;;;
;;;;;;;;;;;;;;;;;;;;;;;;;;;;;;
;;;;;;;;;;;;;;;;;;;;;;;;;;;;;;
;;;;;;;;;;;;;;;;;;;;;;;;;;;;;;
;;;;;;;;;;;;;;;;;;;;;;;;;;;;;;
;;;;;;;;;;;;;;;;;;;;;;;;;;;;;;
;;;;;;;;;;;;;;;;;;;;;;;;;;;;;;
;;;;;;;;;;;;;;;;;;;;;;;;;;;;;;
;;;;;;;;;;;;;;;;;;;;;;;;;;;;;;
;;;;;;;;;;;;;;;;;;;;;;;;;;;;;;
;;;;;;;;;;;;;;;;;;;;;;;;;;;;;;
;;;;;;;;;;;;;;;;;;;;;;;;;;;;;;
;;;;;;;;;;;;;;;;;;;;;;;;;;;;;;
;;;;;;;;;;;;;;;;;;;;;;;;;;;;;;
;;;;;;;;;;;;;;;;;;;;;;;;;;;;;;
;;;;;;;;;;;;;;;;;;;;;;;;;;;;;;
;;;;;;;;;;;;;;;;;;;;;;;;;;;;;;
;;;;;;;;;;;;;;;;;;;;;;;;;;;;;;
;;;;;;;;;;;;;;;;;;;;;;;;;;;;;;
;;;;;;;;;;;;;;;;;;;;;;;;;;;;;;
;;;;;;;;;;;;;;;;;;;;;;;;;;;;;;
;;;;;;;;;;;;;;;;;;;;;;;;;;;;;;
