10. LATINA. INFORMACIÓN DE DISTRITO Y BARRIOS;;;;;;;;;;;;;;;;;;;;;;
 ;CIUDAD;;LATINA;;Los Cármenes;;Puerta del Ángel;;Lucero;;Aluche;;Campamento;;Cuatro Vientos;;Las Águilas;;;;;
1.1 CARACTERÍSTICAS GENERALES DEL DISTRITO-BARRIO;;;;;;;;;;;;;;;;;;;;;;
Superficie (Ha.) ;;60.445,52;2.542,72;;129,2;;137,53;;167,9;;284,98;;919,14;;543,01;;360,96;;;;;
Densidad (hab./Ha.) ;;54,03;93,66;;134,65;;303,43;;214,95;;232,83;;20,98;;10,59;;142,83;;;;;
1.2. LA POBLACIÓN DEL DISTRITO;;;;;;;;;;;;;;;;;;;;;;
1.2.1. Estructura de la población (01/01/2019);;;;;;;;;;;;;;;;;;;;;;
Sexo de la población;100%;3.266.126;7,3%;238.154;7,3%;17.397;17,5%;41.730;15,2%;36.090;27,9%;66.351;8,1%;19.281;2,4%;5.748;21,6%;51.557;;;;
Hombres;46,6%;1.521.178;46,4%;110.401;47,0%;8.183;46,0%;19.189;46,5%;16.771;45,9%;30.451;46,6%;8.981;50,6%;2.909;46,4%;23.917;;;;
Mujeres;53,4%;1.744.948;53,6%;127.753;53,0%;9.214;54,0%;22.541;53,5%;19.319;54,1%;35.900;53,4%;10.300;49,4%;2.839;53,6%;27.640;;;;
Edad media de la población;;44,14;;46,55;;43,39;;45,29;;45,74;;48,56;;45,88;;35,60;;48,11;;;;
De 0 a 14 años;13,3%;435.675;11,6%;27.693;13,4%;2.333;11,0%;4.580;11,7%;4.234;10,6%;7.032;12,4%;2.384;22,6%;1.297;11,3%;5.833;;;;
De 15 a 29;15,7%;512.070;15,0%;35.815;17,7%;3.072;16,3%;6.815;16,7%;6.023;13,9%;9.214;14,8%;2.849;12,9%;743;13,8%;7.099;;;;
De 30 a 44;22,8%;744.312;20,9%;49.876;19,9%;3.460;23,7%;9.906;20,4%;7.349;20,2%;13.379;22,0%;4.249;30,8%;1.768;18,9%;9.765;;;;
De 45 a 64;27,9%;912.424;27,6%;65.741;31,9%;5.545;28,2%;11.769;28,7%;10.347;25,4%;16.878;26,9%;5.182;27,6%;1.586;28,0%;14.434;;;;
De 65 a 79;13,0%;423.670;15,8%;37.628;10,2%;1.780;11,9%;4.960;13,0%;4.701;20,3%;13.465;15,0%;2.897;5,0%;289;18,5%;9.536;;;;
De 80 y + ;7,3%;237.975;9,0%;21.401;6,9%;1.207;8,9%;3.700;9,5%;3.436;9,6%;6.383;8,9%;1.720;1,1%;65;9,5%;4.890;;;;
De 65 y +;20,3%;661.645;24,8%;59.029;17,2%;2.987;20,8%;8.660;22,5%;8.137;29,9%;19.848;23,9%;4.617;6,2%;354;28,0%;14.426;;;;
Población en etapa educativa (De 3 a 16 años -16 no incluidos-);11,6%;379.646;10,2%;24.359;12,0%;2.095;9,5%;3.965;10,4%;3.758;9,4%;6.209;10,6%;2.037;19,2%;1.101;10,1%;5.194;;;;
Proporción de juventud (Población de 0-15 años/Población total);14,2%;;12,4%;;14,4%;;11,7%;;12,6%;;11,4%;;13,1%;;23,5%;;12,1%;;;;;
Proporción de envejecimiento (Población > 65 años/Población total);20,3%;;24,8%;;17,2%;;20,8%;;22,6%;;29,9%;;24,0%;;6,2%;;28,0%;;;;;
Proporción de sobreenvejecimiento (Población > 80 años/Población >65 años);36,0%;;36,3%;;40,4%;;42,7%;;42,2%;;32,2%;;37,3%;;18,4%;;33,9%;;;;;
Índice de envejecimiento activo (2017);;37,0;;;;;;;;;;;;;;;;;;;;
Hombres;;38,6;;;;;;;;;;;;;;;;;;;;
Mujeres;;35,8;;;;;;;;;;;;;;;;;;;;
Proporción de dependencia (Población de 0-15 + población 65 y + / Pob. 16-64) ;52,6%;;59,3;;46,17;;48,05;;54,13;;70,39;;58,87;;42,17;;66,98;;;;;
Personas con nacionalidad española;85,9%;2.805.478;84,4%;200.981;85,8%;14.922;80,7%;33.691;83,0%;29.961;84,0%;55.711;81,4%;15.687;93,8%;5.393;88,5%;45.616;;;;
Personas con nacionalidad española HOMBRES;46,6%;1.308.240;46,5%;93.405;47,0%;7.010;45,9%;15.474;46,7%;13.991;45,9%;25.578;46,9%;7.359;50,7%;2.734;46,6%;21.259;;;;
Personas con nacionalidad española MUJERES;53,4%;1.497.238;53,5%;107.576;53,0%;7.912;54,1%;18.217;53,3%;15.970;54,1%;30.133;53,1%;8.328;49,3%;2.659;53,4%;24.357;;;;
Personas con nacionalidad extranjera;14,1%;460.623;15,6%;37.169;14,2%;2.475;19,3%;8.039;17,0%;6.129;16,0%;10.637;18,6%;3.593;6,2%;355;11,5%;5.941;;;;
Personas con nacionalidad extranjera HOMBRES;46,2%;212.925;45,7%;16.992;47,4%;1.173;46,2%;3.715;45,4%;2.780;45,8%;4.870;45,1%;1.621;49,3%;175;44,7%;2.658;;;;
Personas con nacionalidad extranjera MUJERES;53,8%;247.698;54,3%;20.177;52,6%;1.302;53,8%;4.324;54,6%;3.349;54,2%;5.767;54,9%;1.972;50,7%;180;55,3%;3.283;;;;
Proporción de inmigrantes (Extranjeros menos UE y resto países de OCDE / Población total);9,8%;;11,5%;;10,8%;;14,9%;;13,3%;;11,4%;;13,5%;;4,1%;;8,0%;;;;;
2ª nacionalidad extranjera en el Distrito: Rumanía  (% respecto total extranjeros del distrito);9,7%;44.738;13,2%;4.889;10,3%;256;7,4%;598;10,6%;650;17,1%;1.818;15,4%;553;18,3%;65;267,3%;949;;;;
1ª nacionalidad extranjera en el Distrito: China (% respecto total extranjeros del distrito);8,4%;38.547;7,0%;2.609;6,6%;163;10,3%;829;11,4%;697;5,6%;593;4,2%;150;7,9%;28;42,0%;149;;;;
1.2.2. Estructura de los hogares (01-01-2019);;;;;;;;;;;;;;;;;;;;;;
Nº total de hogares;100%;1.290.164;7,4%;95.217;;6.586;;17.487;;14.133;;26.603;;7.401;;2.193;;20.814;;;;
Tamaño medio del hogar;;2,53  ;;2,50;;2,64;;2,39;;2,55;;2,49;;2,61;;2,62;;2,48;;;;
Hogares con una mujer sola >65 años;9,8%;126.044;11,6%;11.033;;606;;2.035;;1.638;;3.444;;783;;52;;2.475;;;;
Hogares con un hombre solo >65 años;2,8%;36.720;3,3%;3.128;;159;;543;;461;;961;;254;;21;;729;;;;
Hogares monoparentales: una mujer adulta con uno o más menores;21,1%;27.460;1,9%;1.788;;149;;329;;250;;438;;127;;107;;388;;;;
Hogares monoparentales: un hombre adulto con uno o más menores;0,4%;5.491;0,3%;305;;23;;59;;49;;65;;29;;26;;54;;;;
1.2.3. Dinámica demográfica;;;;;;;;;;;;;;;;;;;;;;
Tasa bruta de natalidad 2018 (‰);;8,57;;7,2;;8,0;;7,1;;6,9;;6,7;;8,9;;12,3;;6,8;;;;
Tasa de crecimiento demográfico 2018 (%);;1,37;;1,0;;1,2;;0,8;;1,7;;0,6;;1,6;;1,5;;0,9;;;;
Esperanza de vida al nacer MUJERES *(mortalidad del periodo 2013-2016);;87,5;;87,7;;87,2;;87,3;;87,9;;87,9;;89,1;;90,0;;87,4;;;;
Esperanza de vida al nacer HOMBRES *(mortalidad del periodo 2013-2016);;81,9;;82,2;;80,9;;80,7;;82,7;;83,0;;82,7;;82,1;;82,5;;;;
Esperanza de vida al nacer MUJERES (2018);;87,6;;88,2;;;;;;;;;;;;;;;;;;
Esperanza de vida al nacer HOMBRES (2018);;82,2;;82,4;;;;;;;;;;;;;;;;;;
Esperanza de vida > 65 años MUJERES (2018);;24,6;;25,1;;;;;;;;;;;;;;;;;;
Esperanza de vida > 65 años HOMBRES (2018);;20,6;;21,5;;;;;;;;;;;;;;;;;;
1.2.4. Mujeres y hombres;;;;;;;;;;;;;;;;;;;;;;
Índice de desigualdad de género IDG (2018);;0,8308;;;;;;;;;;;;;;;;;;;;
Índice de desigualdad de género IDG (2008);;0,7462;;;;;;;;;;;;;;;;;;;;
1.3. INDICADORES ECONÓMICOS ;;;;;;;;;;;;;;;;;;;;;;
Renta neta media anual de los hogares (Urban Audit). 2016;;39.613,0 €;77,0%;30.490 €;84%;25.530 €;93%;28.421 €;100%;30.371 €;102%;31.245 €;105%;31.967 €;116%;35.492 €;99%;30.303 €;;;;
Renta disponible Bruta Per Cápita 2016(a);;21.755;;18.973,7 €;;;;;;;;;;;;;;;;;;
Crecimiento/decrecimiento Renta Bruta Per Cápita 2016(a)-2008;3,1%;658;2,7%;501,8 €;;;;;;;;;;;;;;;;;;
Pensión media mensual del Distrito HOMBRES (2018);; 1.456,2 € ;; 1.416,7 € ;;;;;;;;;;;;;;;;;;
Pensión media mensual del Distrito MUJERES (2018);; 954,0 € ;; 877,5 € ;;;;;;;;;;;;;;;;;;
1.4. INDICADORES DE DESEMPLEO;;;;-1,7%;;;;;;;;;;;;;;;;;;
Tasa de actividad global ciudad de Madrid (EPA. 1º trimestre 2020);61,2%;;;;;;;;;;;;;;;;;;;;;
Hombres ;66,4%;;;;;;;;;;;;;;;;;;;;;
Mujeres;57,0%;;;;;;;;;;;;;;;;;;;;;
Número de parados ciudad de Madrid (EPA. 1º trimestre 2020) (miles);;176,6;;;;;;;;;;;;;;;;;;;;
Hombres (miles);;83,9;;;;;;;;;;;;;;;;;;;;
Mujeres (miles);;92,7;;;;;;;;;;;;;;;;;;;;
Paro registrado (nº de personas registradas en SEPE en febrero 2020);;167.188;7,9%;13.138;9,8%;1.287;19,7%;2.590;15,4%;2.028;24,0%;3.159;6,6%;868;2,4%;317;18,7%;2.451;;;;
Tasa absoluta de paro registrado (febrero 2020);7,6%;;8,5%;;10,9%;;9,3%;;8,7%;;8,1%;;7,1%;;7,8%;;8,0%;;;;;
Tasa absoluta de paro registrado MUJERES;8,1%;;9,0%;;11,7%;;9,4%;;9,0%;;8,5%;;7,4%;;9,7%;;8,7%;;;;;
De 16 a 24 años;4,2%;;4,7%;;7,8%;;5,4%;;4,6%;;3,7%;;3,6%;;4,5%;;4,4%;;;;;
De 25 a 44 años;7,5%;;8,5%;;11,4%;;8,1%;;9,2%;;8,1%;;6,8%;;8,6%;;8,6%;;;;;
De 45 a 64 años;9,8%;;10,7%;;13,2%;;12,0%;;10,3%;;10,4%;;9,2%;;12,3%;;9,9%;;;;;
Tasa absoluta de paro registrado HOMBRES ;7,0%;;8,0%;;10,0%;;9,1%;;8,3%;;7,7%;;6,7%;;6,0%;;7,3%;;;;;
De 16 a 24 años;4,4%;;5,0%;;7,1%;;5,8%;;5,0%;;5,0%;;3,4%;;3,5%;;4,3%;;;;;
De 25 a 44 años;6,0%;;7,3%;;9,4%;;8,0%;;7,5%;;6,9%;;6,3%;;5,6%;;6,6%;;;;;
De 45 a 64 años;8,9%;;9,8%;;11,5%;;11,4%;;10,3%;;9,4%;;8,2%;;7,1%;;8,8%;;;;;
Parados de larga duración (febrero 2020);38,2%;63.943;37,0%;4.861;;;;;;;;;;;;;;;;;;
Hombres;39,7%;25.381;39,5%;1.920;;;;;;;;;;;;;;;;;;
Mujeres ;60,3%;38.562;60,5%;2.941;;;;;;;;;;;;;;;;;;
Parados que SÍ perciben prestaciones (febrero 2020);43,4%;72.603;43,8%;5.758;;;;;;;;;;;;;;;;;;
Hombres;48,2%;34.979;49,6%;2854;;;;;;;;;;;;;;;;;;
Mujeres ;51,8%;37.624;50,4%;2.904;;;;;;;;;;;;;;;;;;
Parados que NO perciben prestaciones (febrero 2020);56,6%;94.585;56,2%;7.380;;;;;;;;;;;;;;;;;;
Hombres;41,3%;39.063;41,6%;3.069;;;;;;;;;;;;;;;;;;
Mujeres ;58,7%;55.522;58,4%;4.311;;;;;;;;;;;;;;;;;;
1.5. EDUCACIÓN;;;;;;;;;;;;;;;;;;;;;;
1.5.1. Población en etapas educativas (01/01/2018);100,0%;464338;100%;29.625;100%;2.508;100%;4.884;100%;4.538;100%;7.562;100%;2.528;100%;1.351;100%;6.254;;;;
0 a 2 años;18,2%;84.692;17,8%;5.266;16,5%;413;18,8%;919;17,2%;780;17,9%;1.353;19,4%;491;18,5%;250;16,9%;1.060;;;;
Infantil (3 a 5 años);18,7%;86.684;18,0%;5.347;16,4%;412;18,3%;894;17,5%;794;18,2%;1.378;18,4%;465;21,5%;290;17,8%;1.114;;;;
Primaria (6 a 11 años);38,4%;178.445;38,5%;11.410;38,6%;968;38,4%;1.874;38,2%;1.732;39,1%;2.959;37,4%;946;42,3%;571;37,7%;2.360;;;;
Secundaria (12 a 15 años);24,7%;114.517;25,7%;7.602;28,5%;715;24,5%;1.197;27,1%;1.232;24,8%;1.872;24,8%;626;17,8%;240;27,5%;1.720;;;;
Etapas educativas. Total niños;51,2%;237557;51,1%;15.150;50,2%;1.258;51,7%;2.526;51,4%;2.331;50,6%;3.826;50,6%;1.279;52,8%;713;51,4%;3.217;;;;
0 a 2 años;18,2%;43.261;17,9%;2.705;16,1%;202;18,2%;460;16,3%;379;18,5%;708;20,9%;267;19,6%;140;8,8%;549;;;;
Infantil (3 a 5 años);18,7%;44.354;18,4%;2.786;16,9%;213;18,8%;475;17,8%;416;18,8%;721;18,1%;231;21,7%;155;9,2%;575;;;;
Primaria (6 a 11 años);38,5%;91.575;38,4%;5.821;38,2%;480;39,1%;988;38,4%;894;38,5%;1474;37,7%;482;42,6%;304;19,2%;1199;;;;
Secundaria (12 a 15 años);24,6%;58.367;25,3%;3.838;28,9%;363;23,9%;603;27,5%;642;24,1%;923;23,4%;299;16,0%;114;14,3%;894;;;;
Etapas educativas. Total niñas;48,8%;226.781;48,9%;14.475;49,8%;1.250;48,3%;2.358;48,6%;2.207;49,4%;3.736;49,4%;1.249;47,2%;638;48,6%;3.037;;;;
0 a 2 años;18,3%;41.431;17,7%;2.561;16,9%;211;19,5%;459;18,2%;401;17,3%;645;17,9%;224;17,2%;110;16,8%;511;;;;
Infantil (3 a 5 años);18,7%;42.330;17,7%;2.561;15,9%;199;17,8%;419;17,1%;378;17,6%;657;18,7%;234;21,2%;135;17,7%;539;;;;
Primaria (6 a 11 años);38,3%;86.870;38,6%;5.589;39,0%;488;37,6%;886;38,0%;838;39,7%;1485;37,1%;464;41,8%;267;38,2%;1161;;;;
Secundaria (12 a 15 años);24,8%;56.150;26,0%;3.764;28,2%;352;25,2%;594;26,7%;590;25,4%;949;26,2%;327;19,7%;126;27,2%;826;;;;
1.5.2. Escolarización de alumnos por tipo de centro (año escolar 2017/18);100,0%;519.294;100%;35.674;;;;;;;;;;;;;;;;;;
En centros PRIVADOS CONCERTADOS;43,1%;223.703;50,2%;17.919;;;;;;;;;;;;;;;;;;
En centros PRIVADOS SIN CONCIERTO;17,9%;92.853;11,0%;3.932;;;;;;;;;;;;;;;;;;
En centros PÚBLICOS;39,0%;202.738;38,7%;13.823;;;;;;;;;;;;;;;;;;
Total alumnos extranjeros;10,6%;54.812;13,8%;4.922;;;;;;;;;;;;;;;;;;
En centros PRIVADOS CONCERTADOS;34,9%;19.103;36,2%;1.784;;;;;;;;;;;;;;;;;;
En centros PRIVADOS SIN CONCIERTO;9,1%;4.965;3,2%;158;;;;;;;;;;;;;;;;;;
En centros PÚBLICOS;56,1%;30.744;60,5%;2.980;;;;;;;;;;;;;;;;;;
Total alumnos con necesidades de apoyo educativo;4,0%;20.898;4,3%;1.522;;;;;;;;;;;;;;;;;;
En centros PRIVADOS CONCERTADOS;49,2%;10.285;49,3%;750;;;;;;;;;;;;;;;;;;
En centros PRIVADOS SIN CONCIERTO;4,6%;963;2,6%;40;;;;;;;;;;;;;;;;;;
En centros PÚBLICOS;46,2%;9.650;48,1%;732;;;;;;;;;;;;;;;;;;
1.5.3. Nivel de estudios de la población ≥ 25 años (01/01/2019);;;;;;;;;;;;;;;;;;;;;;
No sabe leer ni escribir o sin estudios;4,9%;123.025;6,2%;11.657;7,6%;985;5,7%;1.887;6,7%;1.879;5,7%;3.048;5,2%;789;2,5%;99;7,2%;2.970;;;;
Primaria incompleta;11,6%;291.746;16,3%;30.804;15,9%;2.069;14,9%;4.957;15,7%;4.414;17,3%;9.301;15,1%;2.307;6,9%;274;18,1%;7.482;;;;
Bachiller Elemental, Graduado Escolar, ESO, Formación profesional 1º grado;26,4%;666.553;32,3%;60.856;32,5%;4.235;31,1%;10.375;31,9%;8.965;32,6%;17.503;31,9%;4.859;26,0%;1.036;33,7%;13.883;;;;
Formación profesional 2º grado, Bachiller Superior o BUP;19,1%;482.262;20,4%;38.508;20,0%;2.611;20,4%;6.786;20,4%;5.728;20,5%;11.042;21,2%;3.229;23,7%;945;19,8%;8.167;;;;
Titulados medios, diplomados, arquitecto o ingeniero técnico;9,5%;240.302;8,4%;15.940;7,8%;1.023;8,2%;2.732;8,2%;2.312;8,8%;4.723;8,8%;1.344;15,4%;614;7,7%;3.192;;;;
Estudios superiores, licenciado, arquitecto o ingeniero superior, estudios superiores no universitarios, doctorado, estudios postgraduados;28,4%;717.868;16,2%;30.645;16,1%;2.097;19,6%;6.536;17,0%;4.768;14,9%;8.032;17,7%;2.693;25,5%;1.016;13,3%;5.503;;;;
Nivel de estudios desconocido y no consta;0,1%;3.253;0,2%;288;0,2%;25;0,1%;49;0,1%;27;0,2%;110;0,1%;20;0,0%;0;0,1%;57;;;;
1.5.4. Programa de prevención y control del absentismo escolar;;2.525.009;1;188.698;1;13.045;1;33.322;1;28.093;1;53.759;1;15.241;1;3.984;1;41.254;;;;
Casos trabajados por el programa de absentismo municipal (curso escolar 2018-2019);100,0%;4.025;8,0%;322;;;;;;;;;;;;;;;;;;
Casos trabajados HOMBRES;51,2%;2.060;50,6%;163;;;;;;;;;;;;;;;;;;
Casos trabajados MUJERES;48,8%;1.965;49,4%;159;;;;;;;;;;;;;;;;;;
1.6. SALUD;;;;;;;;;;;;;;;;;;;;;;
1.6.1. Hábitos y estilos de vida (2017-18. Estudio Madrid Salud);;;;;;;;;;;;;;;;;;;;;;
Sedentarismo;30,0%;;30,3%;;;;;;;;;;;;;;;;;;;
Sedentarismo HOMBRES ;25,2%;;;;;;;;;;;;;;;;;;;;;
Sedentarismo MUJERES ;34,0%;;;;;;;;;;;;;;;;;;;;;
Consumo de tabaco diario;18,9%;;20,6%;;;;;;;;;;;;;;;;;;;
Consumo de tabaco diario HOMBRES;20,2%;;;;;;;;;;;;;;;;;;;;;
Consumo de tabaco diario MUJERES ;17,9%;;;;;;;;;;;;;;;;;;;;;
Consumo de medicamentos ;66,3%;;67,7%;;;;;;;;;;;;;;;;;;;
Consumo de medicamentos HOMBRES  ;62,4%;;;;;;;;;;;;;;;;;;;;;
Consumo de medicamentos MUJERES ;69,7%;;;;;;;;;;;;;;;;;;;;;
1.6.2. Indicadores de nivel de salud (2017-18. Estudio Madrid Salud);;;;;;;;;;;;;;;;;;;;;;
Autopercepción de buen estado de salud  (% respuesta muy buena + buena);72,3%;;71,3%;;;;;;;;;;;;;;;;;;;
Autopercepción de buen estado de salud HOMBRES ;77,4%;;;;;;;;;;;;;;;;;;;;;
Autopercepción de buen estado de salud MUJERES ;68,0%;;;;;;;;;;;;;;;;;;;;;
Calidad de vida relacionada con la salud (CVRS) ;20,2%;;20,6%;;;;;;;;;;;;;;;;;;;
Calidad de vida relacionada con la salud (CVRS) HOMBRES;19,0%;;;;;;;;;;;;;;;;;;;;;
Calidad de vida relacionada con la salud (CVRS) MUJERES;21,1%;;;;;;;;;;;;;;;;;;;;;
Presencia de enfermedad crónica ;39,8%;;44,0%;;;;;;;;;;;;;;;;;;;
Presencia de enfermedad crónica HOMBRES ;36,6%;;;;;;;;;;;;;;;;;;;;;
Presencia de enfermedad crónica MUJERES;42,4%;;;;;;;;;;;;;;;;;;;;;
Hipertensión arterial;18,8%;;23,8%;;;;;;;;;;;;;;;;;;;
Hipertensión arterial HOMBRES;19,7%;;;;;;;;;;;;;;;;;;;;;
Hipertensión arterial MUJERES;18,1%;;;;;;;;;;;;;;;;;;;;;
Diabetes Mellitus;6,0%;;9,7%;;;;;;;;;;;;;;;;;;;
Diabetes Mellitus HOMBRES;6,9%;;;;;;;;;;;;;;;;;;;;;
Diabetes Mellitus MUJERES;5,3%;;;;;;;;;;;;;;;;;;;;;
Personas con obesidad ;12,2%;;15,3%;;;;;;;;;;;;;;;;;;;
Personas con obesidad HOMBRES ;13,3%;;;;;;;;;;;;;;;;;;;;;
Personas con obesidad MUJERES;11,2%;;;;;;;;;;;;;;;;;;;;;
Personas con sobrepeso;33,5%;;36,4%;;;;;;;;;;;;;;;;;;;
Personas con sobrepeso HOMBRES;41,1%;;;;;;;;;;;;;;;;;;;;;
Personas con sobrepeso MUJERES;27,0%;;;;;;;;;;;;;;;;;;;;;
Personas mayores de 65 años con alguna dependencia funcional;32,4%;;43,5%;;;;;;;;;;;;;;;;;;;
Alguna dependencia funcional HOMBRES ;39,1%;;;;;;;;;;;;;;;;;;;;;
Alguna dependencia funcional MUJERES;48,6%;;;;;;;;;;;;;;;;;;;;;
Probabilidad de padecer enfermedad mental (GHQ-12);21,1%;;23,3%;;;;;;;;;;;;;;;;;;;
Probabilidad de padecer enfermedad mental (GHQ-12) HOMBRES;16,6%;;;;;;;;;;;;;;;;;;;;;
Probabilidad de padecer enfermedad (GHQ-12) MUJERES;24,9%;;;;;;;;;;;;;;;;;;;;;
Prevalencia de obesidad en la población infantil (2017. Estudio Madrid Salud. UCM);15,8%;;17,1%;;;;;;;;;;;;;;;;;;;
1.6.3. Discapacidad reconocida (31/12/2018);;;;;;;;;;;;;;;;;;;;;;
Nº de personas con grado de discapacidad reconocido;6,1%;200.604;7,9%;15.825;;;;;;;;;;;;;;;;;;
Hombres;48,0%;96.322;48,3%;7.650;;;;;;;;;;;;;;;;;;
Mujeres;52,0%;104.282;51,7%;8.175;;;;;;;;;;;;;;;;;;
Mujeres por cada 100 hombres (Feminización de la discapacidad reconocida);;108,3;;106,86;;;;;;;;;;;;;;;;;;
1.7. CALIDAD DE VIDA  (2019.  Encuesta, más de 16 años);;;;;;;;;;;;;;;;;;;;;;
1.7.1. Calidad de vida y agenda pública (indicador sintético 0-100);;;;;;;;;;;;;;;;;;;;;;
Satisfacción de vivir en su barrio ;;72,0;;68,5;;;;;;;;;;;;;;;;;;
Calidad de vida actual en su barrio ;;71,3;;68,6;;;;;;;;;;;;;;;;;;
Convivencia vecinal;;69,5;;74,4;;;;;;;;;;;;;;;;;;
1.7.2. Satisfacción con los servicios públicos (escala 0-10);;;;;;;;;;;;;;;;;;;;;;
Espacios verdes;;6,9;;7,1;;;;;;;;;;;;;;;;;;
Parques infantiles ;;6,4;;6,2;;;;;;;;;;;;;;;;;;
Centros culturales;;7,0;;6,6;;;;;;;;;;;;;;;;;;
Organización de fiestas y eventos populares;;6,7;;6,6;;;;;;;;;;;;;;;;;;
Instalaciones deportivas;;6,7;;6,5;;;;;;;;;;;;;;;;;;
Servicios sociales municipales;;6,5;;6,5;;;;;;;;;;;;;;;;;;
Desigualdad en las dotaciones de los barrios (% respuesta muy alta + alta);78,4%;;84,0%;;;;;;;;;;;;;;;;;;;
1.7.3. Principales problemas de la ciudadanía (% personas encuestadas);;;;;;;;;;;;;;;;;;;;;;
1º. Limpieza;29,1%;;29,3%;;;;;;;;;;;;;;;;;;;
2º. Contaminación del aire;18,7%;;8,5%;;;;;;;;;;;;;;;;;;;
3º. Tráfico / atascos;11,8%;;5,6%;;;;;;;;;;;;;;;;;;;
1.7.4. Percepción de seguridad (indicador sintético 0-100);;;;;;;;;;;;;;;;;;;;;;
Percepción de seguridad en Madrid;;67,6;;73,0;;;;;;;;;;;;;;;;;;
Percepción de seguridad en el barrio por el día;;76,0;;72,2;;;;;;;;;;;;;;;;;;
Percepción de seguridad en el barrio por la noche;;60,2;;54,4;;;;;;;;;;;;;;;;;;
1.7.5. Problemas que afectan a la seguridad en los espacios públicos del distrito (escala 0-10);;;;;;;;;;;;;;;;;;;;;;
1º Excrementos animales domésticos;;4,0;;6,8;;;;;;;;;;;;;;;;;;
2º Grafitis;;6,6;;5,0;;;;;;;;;;;;;;;;;;
3º Robos, atracos y hurtos;;4,3;;4,8;;;;;;;;;;;;;;;;;;
1.7.6. Administración de la ciudad de Madrid (% de respuesta);;;;;;;;;;;;;;;;;;;;;;
Medio de información de la actividad del Ayuntamiento: REDES SOCIALES;20,9%;;20,7%;;;;;;;;;;;;;;;;;;;
Preferencia de contacto con el Ayuntamiento: EN PERSONA;46,0%;;49,3%;;;;;;;;;;;;;;;;;;;
Percepción sobre la administración del Ayto. en los últimos 5 años: HA MEJORADO;38,6%;;30,5%;;;;;;;;;;;;;;;;;;;
Percepción sobre la administración del Ayto. en los últimos 5 años: HA EMPEORADO;16,6%;;15,5%;;;;;;;;;;;;;;;;;;;
1.7.7. Amigabilidad de la ciudad de Madrid (% respuesta mucho + bastante);;;;;;;;;;;;;;;;;;;;;;
Madrid ciudad amigable con las personas lesbianas, gays, transexuales y bisexuales;76,9%;;84,5%;;;;;;;;;;;;;;;;;;;
1.8. INDICADORES DE VULNERABILIDAD;;;;;;;;;;;;;;;;;;;;;;
1.8.1. Índice de vulnerabilidad territorial (2019);;;;;;;;;;;;;;;;;;;;;;
Índice de vulnerabilidad territorial;;;;0,0088;;0,0093;;0,0093;;0,0091;;0,0088;;0,0086;;0,0080;;0,0087;;;;
Posición en el ranking de distritos y/o barrios de vulnerabilidad territorial;;;;17;;27;;28;;30;;33;;35;;49;;34;;;;
1.8.2. Tasa de riesgo de pobreza o exclusión social. Indicador AROPE (2018. Encuesta de Condiciones de Vida);;;;;;;;;;;;;;;;;;;;;;
Tasa de riesgo de pobreza o exclusión social;25,5%;;;;;;;;;;;;;;;;;;;;;
Tasa de riesgo de pobreza o exclusión social HOMBRES;24,0%;;;;;;;;;;;;;;;;;;;;;
Tasa de riesgo de pobreza o exclusión social MUJERES;26,7%;;;;;;;;;;;;;;;;;;;;;
Tasa de riesgo de pobreza o exclusión social N. ESPAÑOLA (>16 años);21,9%;;;;;;;;;;;;;;;;;;;;;
Tasa de riesgo de pobreza o exclusión social N. EXTRANJERA UNIÓN EUROPEA (>16 años);14,4%;;;;;;;;;;;;;;;;;;;;;
Tasa de riesgo de pobreza o exclusión social N. EXTRANJERA RESTO DEL MUNDO (>16 años);66,1%;;;;;;;;;;;;;;;;;;;;;
1.8.3. Tasa de riesgo de pobreza de los hogares (2016. Estudio de Necesidades Sociales. Hogares);;;;;;;;;;;;;;;;;;;;;;
Pareja o matrimonio con hijos;;35,7%;;;;;;;;;;;;;;;;;;;;
Hogar formado por madre con hijos a cargo;;41,1%;;;;;;;;;;;;;;;;;;;;
Nacido en España;;26,4%;;;;;;;;;;;;;;;;;;;;
Nacido en un país fuera de la Unión Europea;;39,2%;;;;;;;;;;;;;;;;;;;;
1.8.4. Situación económica de los hogares (2016. Estudio de Necesidades Sociales. Hogares);;;;;;;;;;;;;;;;;;;;;;
Dificultad para llegar a fin de mes (% respuesta mucha dificultad + dificultad);;20,0%;;;;;;;;;;;;;;;;;;;;
Imposibilidad de hacer frente a un gasto imprevisto de 650€;;38,7%;;;;;;;;;;;;;;;;;;;;
Dificultad para hacer frente a los gastos derivados del suministro energético;;9,5%;;;;;;;;;;;;;;;;;;;;
Entrevistados que han acudido a Servicios Sociales Municipales para solicitar atención social;;10,0%;;;;;;;;;;;;;;;;;;;;
1.9. SERVICIOS SOCIALES;;;;;;;;;;;;;;;;;;;;;;
1.9.1. Población en general (2019);;;;;;;;;;;;;;;;;;;;;;
Personas atendidas en la Unidad de Primera Atención en Centros de Servicios Sociales;;94.210 ;7,7%;7.225;;;;;;;;;;;;;;;;;;
Solicitudes tramitadas de Renta Mínima de Inserción;;5.474 ;8,1%;441;;;;;;;;;;;;;;;;;;
Perceptores de prestación de la Renta Mínima de Inserción;;17.877 ;7,1%;1.275;;;;;;;;;;;;;;;;;;
Beneficiarios de prestaciones sociales de carácter económico;;13.316 ;11,5%;1.528;;;;;;;;;;;;;;;;;;
Total prestaciones sociales de carácter económico (€);;7.698.372 €;9,3%;713.183;;;;;;;;;;;;;;;;;;
1.9.2. Personas Mayores (2019);;;;;;;;;;;;;;;;;;;;;;
Personas con Servicio de Ayuda a Domicilio (modalidad auxiliar de hogar);;80.375 ;11,9%;9.542;;;;;;;;;;;;;;;;;;
Hombres;;19.939 ;13,4%;2.669;;;;;;;;;;;;;;;;;;
Mujeres;;60.436 ;11,4%;6.873;;;;;;;;;;;;;;;;;;
Personas socias de los Centros Municipales de Mayores;;343.009 ;7,2%;24.621;;;;;;;;;;;;;;;;;;
Hombres;;128.807 ;7,5%;9.719;;;;;;;;;;;;;;;;;;
Mujeres ;;214.202 ;7,0%;14.902;;;;;;;;;;;;;;;;;;
1.9.3. Menores y Familia (2019);;;;;;;;;;;;;;;;;;;;;;
Familias atendidas por el Equipo de Trabajo con Menores y Familia (ETMF);;6.467;5,5%;357;;;;;;;;;;;;;;;;;;
Demandas de intervención en los Centros de Atención a la Infancia (CAI);;2.285;10,1%;231;;;;;;;;;;;;;;;;;;
Menores atendidos por el Servicio de Ayuda a domicilio a Menores y Familias (SAD) ;;1.356;14,2%;192;;;;;;;;;;;;;;;;;;
1.10. VIVIENDA;;;;;;;;;;;;;;;;;;;;;;
1.10.1. Estado de las viviendas;;;;;;;;;;;;;;;;;;;;;;
Nº Total de viviendas (Censo Edificios y Viviendas 2011);100,0%;1.530.955 ;100%;115.500;;;;;;;;;;;;;;;;;;
Viviendas anteriores a 1980;69,4%;1.061.825;82,5%;95.320;;;;;;;;;;;;;;;;;;
Estado ruinoso;0,2%;3.445;0,2%;250;;;;;;;;;;;;;;;;;;
Estado malo;0,8%;12.705;0,7%;810;;;;;;;;;;;;;;;;;;
Estado deficiente;4,4%;66.775;4,5%;5.245;;;;;;;;;;;;;;;;;;
Estado bueno;92,8%;1.420.265;93,0%;107.455;;;;;;;;;;;;;;;;;;
No consta;1,8%;27.770;1,5%;1.735;;;;;;;;;;;;;;;;;;
Valor catastral medio de los bienes inmuebles: personas físicas (2019) en miles de €;;90,9 €;67,6%;61,5;104%;63,9;113%;69,4;103%;63,1;96%;59,1;103%;63,6;98%;60,3;91%;55,8;;;;
Valor catastral medio de los bienes inmuebles: personas jurídicas (2019) en miles de €;;368,6 €;63,0%;232,3;85%;197,6;62%;144,3;76%;176,4;119%;276,2;148%;343,8;138%;319,7;158%;366,1;;;;
Superficie media de la vivienda (m2) en transacción (2019);;83,4;83,0%;69,25;105,2%;72,84;95,0%;65,81;99,4%;68,81;101,2%;70,10;103,4%;71,63;100,7%;69,75;100,8%;69,77;;;;
Duración media del crédito (meses) en transacción de vivienda (2019);;257;105,1%;270;113,3%;306;110,0%;297;115,2%;311;124,1%;335;107,8%;291;15,2%;41;121,5%;328;;;;
1.10.2. Tipología de las viviendas ;;;;;;;;;;;;;;;;;;;;;;
Nº Total de viviendas familiares (Censo Edificios y Viviendas 2011);100%;1.378.931;100,0%;105.362;100,0%;6.632;100,0%;21.243;100,0%;15.712;100,0%;30.218;100,0%;8.305;100,0%;254;100,0%;22.998;1;4921;;
Principal;78,3%;1.080.306;84,6%;89.177;83,7%;5.548;78,0%;16.572;85,6%;13.456;87,2%;26.341;81,7%;6.783;85,0%;216;88,1%;20.261;0,83844747;4126;;
Secundaria;7,7%;106.192;5,7%;6.020;6,4%;422;6,7%;1.421;5,2%;820;5,8%;1.767;8,5%;703;9,1%;23;3,8%;864;0,04450315;219;;
Desocupada;12,9%;178.377;9,3%;9.798;9,8%;648;14,7%;3.113;9,0%;1.415;6,7%;2.032;9,2%;766;5,9%;15;7,9%;1.809;0,114407641;563;;
Otro tipo;1,0%;13.998;0,3%;367;0,2%;14;0,6%;137;0,1%;21;0,3%;78;0,6%;53;0,0%;0;0,3%;64;0,002641739;13;;
1.10.3. Lanzamientos judiciales (Consejo General del Poder Judicial);;;;;;;;;;;;;;;;;;;;;;
Lanzamientos judiciales practicados (2013);100%;5.020 ;;;;;;;;;;;;;;;;;;;;
Como consecuencia de ejecuciones hipotecarias;30%;1.501;;;;;;;;;;;;;;;;;;;;
Como consecuencia de la Ley de Arrendamientos Urbanos;62%;3.137;;;;;;;;;;;;;;;;;;;;
Lanzamientos judiciales practicados (2019);100,0%;2.832 ;;;;;;;;;;;;;;;;;;;;
Como consecuencia de ejecuciones hipotecarias;12,7%;360;;;;;;;;;;;;;;;;;;;;
Como consecuencia de la Ley de Arrendamientos Urbanos;84,2%;2.384;;;;;;;;;;;;;;;;;;;;
1.11. MEDIO AMBIENTE Y RESIDUOS;;;;;;;;;;;;;;;;;;;;;;
1.11.1. Contaminantes del aire (2018);;;;;;;;;;;;;;;;;;;;;;
Partículas suspensión PM2.5 (µgr/m3) -Valor límite: 25 µgr/m3-;;10,3;;;;;;;;;;;;;;;;;;;;
Partículas suspensión PM10 (µgr/m3) -Valor límite: 40 µgr/m3-;;18,5;;;;;;;;;;;;;;;;;;;;
Dióxido de azufre - SO2 (µgr/m3) -Valor límite: 125 µgr/m3-;;6,0;;;;;;;;;;;;;;;;;;;;
Monóxido de carbono - CO (mg/m3) -Valor límite: 10 µgr/m3-;;0,3;;;;;;;;;;;;;;;;;;;;
Ozono - O3 (µgr/m3) -Valor límite: 120 µgr/m3-;;51,0;;;;;;;;;;;;;;;;;;;;
Dióxido de nitrógeno - NO2 (µgr/m3) -Valor límite: 40 µgr/m3-;;37,0;;;;;;;;;;;;;;;;;;;;
Temperatura media anual (ºC);;15,2;;;;;;;;;;;;;;;;;;;;
Protocolo de contaminación: nº de episodios (2019);;3;;;;;;;;;;;;;;;;;;;;
"Protocolo de contaminación: nº de días ""Escenario 1"" (2019)";;12;;;;;;;;;;;;;;;;;;;;
1.11.2. Recogida domiciliaria de resíduos sólidos: envases y resto (2018);;;;;;;;;;;;;;;;;;;;;;
kg/habitante/año;;372;;307;;;;;;;;;;;;;;;;;;
kg/habitante/día;;1,019;;0,841;;;;;;;;;;;;;;;;;;
1.12. SEGURIDAD;;;;;;;;;;;;;;;;;;;;;;
Intervenciones de la Policía Municipal en materia de seguridad (2019);;;;;;;;;;;;;;;;;;;;;;
Relacionadas con las personas;;5.455;2,9%;157;;;;;;;;;;;;;;;;;;
Relacionadas con la tenencia de armas;;1.362;2,1%;29;;;;;;;;;;;;;;;;;;
Relacionadas con el patrimonio;;6.984;2,6%;185;;;;;;;;;;;;;;;;;;
Relacionadas con la tenencia y consumo de drogas;;7.668;2,8%;214;;;;;;;;;;;;;;;;;;
Expedientes instruidos por Agentes Tutores;;557;3,4%;19;;;;;;;;;;;;;;;;;;
Atestados/partes de accidentes de tráfico confeccionados;;21.791;4,8%;1.037;;;;;;;;;;;;;;;;;;
Detenidos e investigados de la Policía Municipal en materia de seguridad (2019);;;;;;;;;;;;;;;;;;;;;;
Total detenidos e investigados;100%;9.265;3,8%;350;;;;;;;;;;;;;;;;;;
Lesiones;4,7%;433;;;;;;;;;;;;;;;;;;;;
Violencia doméstica y de género;8,3%;773;;;;;;;;;;;;;;;;;;;;
Malos tratos a menores;1,1%;103;;;;;;;;;;;;;;;;;;;;
Abusos y agresiones sexuales;0,5%;49;;;;;;;;;;;;;;;;;;;;
Hurtos;12,9%;1.193;;;;;;;;;;;;;;;;;;;;
Robo con violencia e intimidación en personas;2,1%;198;;;;;;;;;;;;;;;;;;;;
Contra la salud pública;3,8%;356;;;;;;;;;;;;;;;;;;;;
Contra la seguridad vial;35,3%;3.275;;;;;;;;;;;;;;;;;;;;
1.13. RESULTADOS ELECCIONES LOCALES (2019);;;;;;;;;;;;;;;;;;;;;;
Censo electoral;100,0%;2.397.881;100%;175.624;100%;12.609;100%;29.739;100%;26.056;100%;49.544;100%;13.646;100,0%;4.008;100,0%;40.022;;;;
Abstención;31,8%;761.923;33,2%;58.383;37,0%;4.661;37,8%;11.246;34,5%;8.977;31,7%;15.720;31,5%;4.296;32,0%;1.284;30,5%;12.199;;;;
Votos en blanco;0,3%;6.945;0,2%;430;0,2%;24;0,2%;55;0,2%;65;0,3%;144;0,3%;38;0,2%;10;0,2%;94;;;;
Votos a candidaturas;68,2%;1.635.958;66,8%;117.241;63,0%;7.948;62,2%;18.493;65,5%;17.079;68,3%;33.824;68,5%;9.350;68,0%;2.724;69,5%;27.823;;;;
Más Madrid;21,1%;505.159;20,5%;36.084;22,6%;2.854;22,0%;6.539;20,9%;5.443;19,2%;9.513;16,5%;2.245;23,0%;922;21,4%;8.568;;;;
PP;16,5%;395.344;15,5%;27.145;10,9%;1.377;13,3%;3.966;15,2%;3.951;17,9%;8.862;20,2%;2.762;8,5%;342;14,7%;5.885;;;;
Ciudadanos;13,0%;312.536;11,0%;19.357;10,5%;1.323;9,3%;2.774;10,7%;2.797;11,0%;5.460;12,5%;1.701;18,2%;729;11,4%;4.573;;;;
PSOE;9,3%;224.074;11,2%;19.615;10,7%;1.352;9,9%;2.930;11,1%;2.884;11,5%;5.722;8,7%;1.190;9,1%;364;12,9%;5.173;;;;
VOX;5,2%;124.969;4,8%;8.459;4,7%;595;4,1%;1.231;3,9%;1.023;4,6%;2.259;7,5%;1.028;5,6%;223;5,2%;2.100;;;;
1.14. SERVICIOS Y EQUIPAMIENTOS MUNICIPALES;;;;;;;;;;;;;;;;;;;;;;
1.14.1. Servicios Sociales Municipales (2020);;;;;;;;;;;;;;;;;;;;;;
Centros de Servicios Sociales;;39;7,7%;3;;1;;0;;0;;1;;0;;0;;1;;;;
Centros Municipales de Mayores ;;90;4,4%;4;;0;;1;;1;;0;;1;;0;;1;;;;
Centros de Día de Alzheimer y Físicos;;97;6,2%;6;;3;;1;;0;;1;;0;;0;;1;;;;
Apartamentos Municipales para Mayores;;2;0,0%;0;;0;;0;;0;;0;;0;;0;;0;;;;
Residencias para personas Mayores ;;3;0,0%;0;;0;;0;;0;;0;;0;;0;;0;;;;
Centros de Apoyo a las Familias (CAF);;7;14,3%;1;;0;;0;;0;;0;;0;;0;;1;;;;
Centros de Atención a la Infancia (CAI);;13;7,7%;1;;0;;0;;1;;0;;0;;0;;0;;;;
Centro de Día de Atención a Niños y Niñas (de 3 a 12 años);;29;10,3%;3;;1;;0;;0;;1;;0;;0;;1;;;;
Espacios de Ocio para Adolescentes (El Enredadero);;6;0,0%;0;;0;;0;;0;;0;;0;;0;;0;;;;
Centros de Adolescentes y Jóvenes (ASPA) ;;8;0,0%;0;;0;;0;;0;;0;;0;;0;;0;;;;
Centros para personas sin hogar;;12;16,7%;2;;0;;0;;0;;0;;0;;2;;0;;;;
1.14.2. Género (2020);;;;;;;;;;;;;;;;;;;;;;
Espacios de Igualdad;;17;0,0%;0;;0;;0;;0;;0;;0;;0;;0;;;;
1.14.3. Salud (2020);;;;;;;;;;;;;;;;;;;;;;
Centros Municipales de Salud Comunitaria (CMSC);;16;6,3%;1;;0;;1;;0;;0;;0;;0;;0;;;;
Centros de Atención a las Adicciones (CAD y CCAD);;10;20,0%;2;;0;;1;;0;;1;;0;;0;;7;;;;
1.14.4. Cultura (2020);;;;;;;;;;;;;;;;;;;;;;
Nº de Bibliotecas Municipales;;34;5,9%;2;;0;;0;;0;;2;;0;;0;;0;;;;
Nº de Bibliotecas Comunidad Madrid;;16;6,3%;1;;0;;0;;0;;0;;0;;0;;1;;;;
Nº de Centros Culturales;;106;8,5%;9;;0;;1;;2;;1;;1;;0;;4;;;;
1.14.5. Deportes (2018);;;;;;;;;;;;;;;;;;;;;;
Centros deportivos Municipales;;72;5,6%;4;25,0%;1;0,0%;0;25,0%;1;0,0%;0;0,0%;0;0,0%;0;50,0%;2;;;;
Superficie deportiva m2 ;;2.074.404;12,8%;266.272;;;;;;;;;;;;;;;;;;
Instalaciones deportivas básicas;;481;7,3%;35;;;;;;;;;;;;;;;;;;
Acceso controlado ;;98;8,2%;8;;;;;;;;;;;;;;;;;;
Campos de fútbol 11;;22;13,6%;3;;1;;0;;0;;0;;0;;0;;2;;;;
Pista de atletismo ;;7;28,6%;2;;1;;0;;0;;0;;0;;0;;1;;;;
Piscinas cubiertas;;49;6,1%;3;;1;;0;;0;;0;;0;;0;;2;;;;
Piscinas de verano;;23;4,3%;1;;0;;0;;0;;0;;0;;0;;1;;;;
1.14.6. Zonas verdes (2019);;;;;;;;;;;;;;;;;;;;;;
Superficie de zonas verdes y Parques de distrito (Ha);;3.322,9;8,3%;275,9;;;;;;;;;;;;;;;;;;
Superficie de zonas verdes y Parques de distrito (Ha) / nº de Habitantes *10.000;;10,2;113,9%;11,6;;;;;;;;;;;;;;;;;;
Superficie Parques Históricos, Singulares y Forestales por distrito  ;;2.501,0;0,5%;13,0;;;;;;;;;;;;;;;;;;
Superficie Parques Históricos, Singulares y Forestales distrito / nº Habitantes *10.000;;7,7;7,1%;0,5;;;;;;;;;;;;;;;;;;
1.14.7. Educación (Curso académico 2019-2020);;;;;;;;;;;;;;;;;;;;;;
Escuelas Infantiles Municipales (2019);;56;7,1%;4;;1;;0;;0;;0;;0;;1;;2;;;;
Escuelas Infantiles Públicas CAM;;150;6,0%;9;;;;;;;;;;;;;;;;;;
Escuelas Infantiles Privadas;;419;6,0%;25;;;;;;;;;;;;;;;;;;
Colegios Públicos Infantil y Primaria (+ 3 centros con Secundaria);;247;8,1%;20;;;;;;;;;;;;;;;;;;
Institutos Públicos de Educación Secundaria;;112;7,1%;8;;;;;;;;;;;;;;;;;;
Colegios Privados Inf. o Pri. o Inf. y Pri.;;88;6,8%;6;;;;;;;;;;;;;;;;;;
Colegios Privados Inf., Pri. y Sec. o Pri. y Sec. ;;274;7,3%;20;;;;;;;;;;;;;;;;;;
1.14.8. Empresa y Comercio (2020);;;;;;;;;;;;;;;;;;;;;;
Mercados Municipales;;45;6,7%;3;;0;;2;;0;;0;;0;;0;;1;;;;
1.15. PARTICIPACIÓN CIUDADANA ;;;;;;;;;;;;;;;;;;;;;;
1.15.1. Entidades de participación ciudadana (2019) ;;;;;;;;;;;;;;;;;;;;;;
Asociaciones (Sección 1ª);;2.412;6,6%;159;6,3%;10;14,5%;23;11,3%;18;33,3%;53;10,7%;17;0,0%;0;23,3%;37;;;;
Nº de asociaciones culturales y casas regionales;;489;5,9%;29;0,0%;0;13,8%;4;10,3%;3;41,4%;12;10,3%;3;0,0%;0;24,1%;7;;;;
Nº de asociaciones de mujeres;;75;4,0%;3;0,0%;0;0,0%;0;33,3%;1;0,0%;0;0,0%;0;0,0%;0;66,7%;2;;;;
Nº de asociaciones de vecinos;;221;8,1%;18;16,7%;3;16,7%;3;5,6%;1;16,7%;3;27,8%;5;0,0%;0;16,7%;3;;;;
Fundaciones (Sección 2ª);;24;0,0%;0;0,0%;0;0,0%;0;0,0%;0;0,0%;0;0,0%;0;0,0%;0;0,0%;0;;;;
;;;;;;;;;;;;;;;;;;;;;;
;;;;;;;;;;;;;;;;;;;;;;
1.16. PRESUPUESTO 2020; En base al Acuerdo de 23 de diciembre de 2019 del Pleno del Ayuntamiento de Madrid. Publicación: BOAM Nùm. 8.551, 30 de diciembre de 2019. ;;;;;;;;;;;;;;;;;;;;;
PROGRAMA;;CAPÍTULOS;;;;;;;;;;;;;;;;;;;;
;;1;;2;;3;;4;;5;;6;;7;;TOTAL;;;;;;
OTRAS ACTUACIONES EN VÍAS PÚBLICAS;153.22;;;125.000 €;;;;;;;;;;;;125.000 €;;;;;;
ZONAS VERDES;171.02;;;125.000 €;;;;;;;;;;;;125.000 €;;;;;;
FAMILIA E INFANCIA;231.02;;;257.283 €;;;;510.000 €;;;;;;;;767.283 €;;;;;;
PERSONAS MAYORES Y SERVICIOS SOCIALES;231.03;;;19.518.869 €;;;;120.000 €;;;;;;25.000 €;;19.663.869 €;;;;;;
INTEGRACIÓN COMUNITARIA Y EMERGENCIA SOCIAL;231.06;3.592.603 €;;291.569 €;;;;381.000 €;;;;;;9.000 €;;4.274.172 €;;;;;;
SALUBRIDAD PÚBLICA;311.01;576.349 €;;9.266 €;;;;;;;;;;;;585.615 €;;;;;;
CENTROS DOCENTES ENSEÑANZA INFANTIL Y PRIMARIA;323.01;;;4.744.586 €;;;;;;;;380.000 €;;;;5.124.586 €;;;;;;
ABSENTISMO;325.01;;;550.672 €;;;;;;;;;;;;550.672 €;;;;;;
SERVICIOS COMPLEMENTARIOS EDUCACIÓN;326.01;;;574.040 €;;;;8.450 €;;;;;;;;582.490 €;;;;;;
ACTIVIDADES CULTURALES;334.01;977.630 €;;1.655.577 €;;;;1.500 €;;;;;;;;2.634.707 €;;;;;;
ACTUACIONES DEPORTIVAS EN DISTRITOS;341.01;;;27.150 €;;;;;;;;;;;;27.150 €;;;;;;
INSTALACIONES DEPORTIVAS;342.01;8.491.370 €;;2.996.369 €;;;;;;;;100.000 €;;;;11.587.739 €;;;;;;
CONSUMO;493.00;132.619 €;;;;;;;;;;;;;;132.619 €;;;;;;
CONCEJALÍA-PRESIDENCIA DEL DISTRITO;912.2;444.231 €;;1.000 €;;;;;;;;;;;;445.231 €;;;;;;
DIREC. Y GESTIÓN ADMTVA. DEL DISTRITO;920.01;5.135.773 €;;448.438 €;;;;;;;;;;;;5.584.211 €;;;;;;
PARTICIPACIÓN CIUDADANA Y VOLUNTARIADO;924.01;;;;;;;140.000 €;;;;;;23.000 €;;163.000 €;;;;;;
EDIFICIOS;933.02;;;3.077.413 €;;;;;;;;100.000 €;;;;3.177.413 €;;;;;;
CENTRO 001;;19.350.575 €;;34.402.232 €;;0 €;;1.160.950 €;;0 €;;580.000 €;;57.000 €;;55.550.757 €;;;;;;
SECCIÓN 210;;19.350.575 €;;34.402.232 €;;0 €;;1.160.950 €;;0 €;;580.000 €;;57.000 €;;55.550.757 €;;;;;;
;;;;;;;;;;;;;;;;;;;;;;
;;;;;;;;;;;;;;;;;;;;;;
;;;;;;;;;;;;;;;;;;;;;;
;;;;;;;;;;;;;;;;;;;;;;
;;;;;;;;;;;;;;;;;;;;;;
;;;;;;;;;;;;;;;;;;;;;;
;;;;;;;;;;;;;;;;;;;;;;
;;;;;;;;;;;;;;;;;;;;;;
;;;;;;;;;;;;;;;;;;;;;;
;;;;;;;;;;;;;;;;;;;;;;
;;;;;;;;;;;;;;;;;;;;;;
;;;;;;;;;;;;;;;;;;;;;;
;;;;;;;;;;;;;;;;;;;;;;
;;;;;;;;;;;;;;;;;;;;;;
;;;;;;;;;;;;;;;;;;;;;;
;;;;;;;;;;;;;;;;;;;;;;
;;;;;;;;;;;;;;;;;;;;;;
