06. TETUÁN. INFORMACIÓN DE DISTRITO Y BARRIOS;;;;;;;;;;;;;;;;;;;;;;;;;;;;;;;;;;;;;;;;
 ;CIUDAD;;TETUÁN;;Bellas Vistas;;Cuatro Caminos;;Castillejos;;Almenara;;Valdeacederas;;Berruguete;;;;;;;;;;;;;;;;;;;;;;;;;
1.1 CARACTERÍSTICAS GENERALES DEL DISTRITO-BARRIO;;;;;;;;;;;;;;;;;;;;;;;;;;;;;;;;;;;;;;;;
Superficie (Ha.) ;;60.445,52;537,47;;71,52;;118,5;;70,47;;99,94;;116,34;;60,71;;;;;;;;;;;;;;;;;;;;;;;;;
Densidad (hab./Ha.) ;;54,03;293,85;;407,54;;292,04;;291,10;;226,56;;223,66;;411,93;;;;;;;;;;;;;;;;;;;;;;;;;
1.2. LA POBLACIÓN DEL DISTRITO;;;;;;;;;;;;;;;;;;;;;;;;;;;;;;;;;;;;;;;;
1.2.1. Estructura de la población (01/01/2019);;;;;;;;;;;;;;;;;;;;;;;;;;;;;;;;;;;;;;;;
Sexo de la población;100%;3.266.126;4,8%;157.937;18,5%;29.146;21,9%;34.608;13,0%;20.513;14,3%;22.642;16,5%;26.021;15,8%;25.007;;;;;;;;;;;;;;;;;;;;;;;;
Hombres;46,6%;1.521.178;45,4%;71.632;45,6%;13.292;45,0%;15.580;44,9%;9.201;45,6%;10.314;46,4%;12.082;44,6%;11.163;;;;;;;;;;;;;;;;;;;;;;;;
Mujeres;53,4%;1.744.948;54,6%;86.305;54,4%;15.854;55,0%;19.028;55,1%;11.312;54,4%;12.328;53,6%;13.939;55,4%;13.844;;;;;;;;;;;;;;;;;;;;;;;;
Edad media de la población;;44,14;;44,23;;43,51;;45,79;;46,80;;44,80;;41,86;;42,75;;;;;;;;;;;;;;;;;;;;;;;;
De 0 a 14 años;13,3%;435.675;11,0%;17.399;11,3%;3.288;10,1%;3.485;9,3%;1.902;11,3%;2.555;12,3%;3.213;11,8%;2.956;;;;;;;;;;;;;;;;;;;;;;;;
De 15 a 29;15,7%;512.070;16,8%;26.587;17,6%;5.133;16,5%;5.698;14,9%;3.066;16,9%;3.823;17,2%;4.485;17,5%;4.382;;;;;;;;;;;;;;;;;;;;;;;;
De 30 a 44;22,8%;744.312;25,9%;40.965;26,3%;7.656;24,8%;8.594;25,6%;5.250;24,2%;5.485;27,9%;7.271;26,8%;6.709;;;;;;;;;;;;;;;;;;;;;;;;
De 45 a 64;27,9%;912.424;26,9%;42.460;26,5%;7.712;26,0%;8.991;26,4%;5.414;27,7%;6.279;27,9%;7.266;27,2%;6.798;;;;;;;;;;;;;;;;;;;;;;;;
De 65 a 79;13,0%;423.670;11,9%;18.801;11,9%;3.472;14,3%;4.961;15,0%;3.074;10,8%;2.454;8,9%;2.316;10,1%;2.524;;;;;;;;;;;;;;;;;;;;;;;;
De 80 y + ;7,3%;237.975;7,4%;11.725;6,5%;1.885;8,3%;2.879;8,8%;1.807;9,0%;2.046;5,6%;1.470;6,6%;1.638;;;;;;;;;;;;;;;;;;;;;;;;
De 65 y +;20,3%;661.645;19,3%;30.526;18,4%;5.357;22,7%;7.840;23,8%;4.881;19,9%;4.500;14,5%;3.786;16,6%;4.162;;;;;;;;;;;;;;;;;;;;;;;;
Población en etapa educativa (De 3 a 16 años -16 no incluidos-);11,6%;379.646;9,2%;14.487;9,3%;2.719;8,4%;2.890;7,4%;1.525;9,6%;2.177;10,2%;2.664;10,0%;2.512;;;;;;;;;;;;;;;;;;;;;;;;
Proporción de juventud (Población de 0-15 años/Población total);14,2%;;11,7%;;12,0%;;10,7%;;9,8%;;12,1%;;13,1%;;12,6%;;;;;;;;;;;;;;;;;;;;;;;;;
Proporción de envejecimiento (Población > 65 años/Población total);20,3%;;19,3%;;18,4%;;22,7%;;23,8%;;19,9%;;14,6%;;16,6%;;;;;;;;;;;;;;;;;;;;;;;;;
Proporción de sobreenvejecimiento (Población > 80 años/Población >65 años);36,0%;;38,4%;;35,2%;;36,7%;;37,0%;;45,5%;;38,8%;;39,4%;;;;;;;;;;;;;;;;;;;;;;;;;
Índice de envejecimiento activo (2017);;37,0;;;;;;;;;;;;;;;;;;;;;;;;;;;;;;;;;;;;;;
Hombres;;38,6;;;;;;;;;;;;;;;;;;;;;;;;;;;;;;;;;;;;;;
Mujeres;;35,8;;;;;;;;;;;;;;;;;;;;;;;;;;;;;;;;;;;;;;
Proporción de dependencia (Población de 0-15 + población 65 y + / Pob. 16-64) ;52,6%;;45,03;;43,54;;50,14;;50,54;;47,03;;38,24;;41,31;;;;;;;;;;;;;;;;;;;;;;;;;
Personas con nacionalidad española;85,9%;2.805.478;81,0%;127.859;77,2%;22.496;85,1%;29.450;84,9%;17.420;85,6%;19.381;77,3%;20.120;75,9%;18.992;;;;;;;;;;;;;;;;;;;;;;;;
Personas con nacionalidad española HOMBRES;46,6%;1.308.240;45,8%;58.540;45,7%;10.284;45,4%;13.358;45,4%;7.900;45,9%;8.897;47,2%;9.492;45,3%;8.609;;;;;;;;;;;;;;;;;;;;;;;;
Personas con nacionalidad española MUJERES;53,4%;1.497.238;54,2%;69.319;54,3%;12.212;54,6%;16.092;54,6%;9.520;54,1%;10.484;52,8%;10.628;54,7%;10.383;;;;;;;;;;;;;;;;;;;;;;;;
Personas con nacionalidad extranjera;14,1%;460.623;19,0%;30.078;22,8%;6.650;14,9%;5.158;15,1%;3.093;14,4%;3.261;22,7%;5.901;24,1%;6.015;;;;;;;;;;;;;;;;;;;;;;;;
Personas con nacionalidad extranjera HOMBRES;46,2%;212.925;43,5%;13.092;45,2%;3.008;43,1%;2.222;42,1%;1.301;43,5%;1.417;43,9%;2.590;42,5%;2.554;;;;;;;;;;;;;;;;;;;;;;;;
Personas con nacionalidad extranjera MUJERES;53,8%;247.698;56,5%;16.986;54,8%;3.642;56,9%;2.936;57,9%;1.792;56,5%;1.844;56,1%;3.311;57,5%;3.461;;;;;;;;;;;;;;;;;;;;;;;;
Proporción de inmigrantes (Extranjeros menos UE y resto países de OCDE / Población total);9,8%;;15,0%;;18,8%;;11,0%;;10,8%;;11,1%;;18,0%;;19,7%;;;;;;;;;;;;;;;;;;;;;;;;;
1ª nacionalidad extranjera en el Distrito: Filipinas (% respecto total extranjeros del distrito);2,8%;12.901;4,6%;1.396;12,1%;805;8,5%;440;7,9%;244;22,8%;743;15,9%;941;3,9%;233;;;;;;;;;;;;;;;;;;;;;;;;
2ª nacionalidad extranjera en el Distrito: Paraguay (% respecto total extranjeros del distrito);0,7%;3.332;11,1%;3332;8,1%;540;7,2%;369;8,0%;247;11,8%;384;16,7%;985;13,4%;807;;;;;;;;;;;;;;;;;;;;;;;;
1.2.2. Estructura de los hogares (01-01-2019);;;;;;;;;;;;;;;;;;;;;;;;;;;;;;;;;;;;;;;;
Nº total de hogares;100%;1.290.164;5,1%;66.428;17,9%;11.860;22,6%;15.031;14,1%;9.351;14,0%;9.324;16,0%;10.607;15,4%;10.255;;;;;;;;;;;;;;;;;;;;;;;;
Tamaño medio del hogar;;2,53  ;;2,38;;2,46;;2,30;;2,19;;2,43;;2,45;;2,44;;;;;;;;;;;;;;;;;;;;;;;;
Hogares con una mujer sola >65 años;9,8%;126.044;10,0%;6.648;10,3%;1.225;11,6%;1.740;11,4%;1.066;9,2%;859;7,6%;803;9,3%;955;;;;;;;;;;;;;;;;;;;;;;;;
Hogares con un hombre solo >65 años;2,8%;36.720;3,0%;2.002;3,1%;362;3,1%;473;3,7%;349;3,1%;287;2,3%;248;2,8%;283;;;;;;;;;;;;;;;;;;;;;;;;
Hogares monoparentales: una mujer adulta con uno o más menores;21,1%;27.460;1,5%;1.018;1,3%;158;1,4%;206;1,1%;105;1,8%;169;1,8%;191;1,8%;189;;;;;;;;;;;;;;;;;;;;;;;;
Hogares monoparentales: un hombre adulto con uno o más menores;0,4%;5.491;0,3%;230;0,3%;39;0,4%;58;0,3%;31;0,3%;26;0,4%;42;0,3%;34;;;;;;;;;;;;;;;;;;;;;;;;
1.2.3. Dinámica demográfica;;;;;;;;;;;;;;;;;;;;;;;;;;;;;;;;;;;;;;;;
Tasa bruta de natalidad 2018 (‰);;8,57;;8,9;;9,1;;8,4;;8,5;;8,2;;10,8;;8,6;;;;;;;;;;;;;;;;;;;;;;;;
Tasa de crecimiento demográfico 2018 (%);;1,37;;1,3;;1,4;;1,0;;0,7;;1,0;;1,7;;1,6;;;;;;;;;;;;;;;;;;;;;;;;
Esperanza de vida al nacer MUJERES *(mortalidad del periodo 2013-2016);;87,5;;87,7;;88,6;;88,5;;87,7;;86,8;;85,8;;87,9;;;;;;;;;;;;;;;;;;;;;;;;
Esperanza de vida al nacer HOMBRES *(mortalidad del periodo 2013-2016);;81,9;;81,6;;82,0;;81,7;;82,9;;80,2;;81,4;;80,9;;;;;;;;;;;;;;;;;;;;;;;;
Esperanza de vida al nacer MUJERES (2018);;87,6;;87,2;;;;;;;;;;;;;;;;;;;;;;;;;;;;;;;;;;;;
Esperanza de vida al nacer HOMBRES (2018);;82,2;;81,5;;;;;;;;;;;;;;;;;;;;;;;;;;;;;;;;;;;;
Esperanza de vida > 65 años MUJERES (2018);;24,6;;24,5;;;;;;;;;;;;;;;;;;;;;;;;;;;;;;;;;;;;
Esperanza de vida > 65 años HOMBRES (2018);;20,6;;20,1;;;;;;;;;;;;;;;;;;;;;;;;;;;;;;;;;;;;
1.2.4. Mujeres y hombres;;;;;;;;;;;;;;;;;;;;;;;;;;;;;;;;;;;;;;;;
Índice de desigualdad de género IDG (2018);;0,8308;;;;;;;;;;;;;;;;;;;;;;;;;;;;;;;;;;;;;;
Índice de desigualdad de género IDG (2008);;0,7462;;;;;;;;;;;;;;;;;;;;;;;;;;;;;;;;;;;;;;
1.3. INDICADORES ECONÓMICOS ;;;;;;;;;;;;;;;;;;;;;;;;;;;;;;;;;;;;;;;;
Renta neta media anual de los hogares (Urban Audit). 2016;;39.613,0 €;90%;35.609 €;81%;28.861 €;125%;44.416 €;131%;46.596 €;83%;29.675 €;81%;28.694 €;82%;29.321 €;;;;;;;;;;;;;;;;;;;;;;;;
Renta disponible Bruta Per Cápita 2016(a);;21.755;;21.324,0 €;;;;;;;;;;;;;;;;;;;;;;;;;;;;;;;;;;;;
Crecimiento/decrecimiento Renta Bruta Per Cápita 2016(a)-2008;3,1%;658;0,0%;3,6 €;;;;;;;;;;;;;;;;;;;;;;;;;;;;;;;;;;;;
Pensión media mensual del Distrito HOMBRES (2018);; 1.456,2 € ;; 1.395,6 € ;;;;;;;;;;;;;;;;;;;;;;;;;;;;;;;;;;;;
Pensión media mensual del Distrito MUJERES (2018);; 954,0 € ;; 971,4 € ;;;;;;;;;;;;;;;;;;;;;;;;;;;;;;;;;;;;
1.4. INDICADORES DE DESEMPLEO;;;;;;;;;;;;;;;;;;;;;;;;;;;;;;;;;;;;;;;;
Tasa de actividad global ciudad de Madrid (EPA. 1º trimestre 2020);61,2%;;;;;;;;;;;;;;;;;;;;;;;;;;;;;;;;;;;;;;;
Hombres ;66,4%;;;;;;;;;;;;;;;;;;;;;;;;;;;;;;;;;;;;;;;
Mujeres;57,0%;;;;;;;;;;;;;;;;;;;;;;;;;;;;;;;;;;;;;;;
Número de parados ciudad de Madrid (EPA. 1º trimestre 2020) (miles);;176,6;;;;;;;;;;;;;;;;;;;;;;;;;;;;;;;;;;;;;;
Hombres (miles);;83,9;;;;;;;;;;;;;;;;;;;;;;;;;;;;;;;;;;;;;;
Mujeres (miles);;92,7;;;;;;;;;;;;;;;;;;;;;;;;;;;;;;;;;;;;;;
Paro registrado (nº de personas registradas en SEPE en febrero 2020);;167.188;4,9%;8.193;17,6%;1.443;15,3%;1.254;8,9%;731;19,9%;1.632;18,2%;1.493;16,7%;1.367;;;;;;;;;;;;;;;;;;;;;;;;
Tasa absoluta de paro registrado (febrero 2020);7,6%;;7,3%;;7,1%;;5,5%;;5,4%;;10,6%;;8,0%;;7,7%;;;;;;;;;;;;;;;;;;;;;;;;;
Tasa absoluta de paro registrado MUJERES;8,1%;;7,6%;;7,4%;;5,9%;;5,7%;;11,3%;;8,3%;;7,9%;;;;;;;;;;;;;;;;;;;;;;;;;
De 16 a 24 años;4,2%;;4,2%;;4,1%;;2,3%;;1,7%;;8,9%;;4,3%;;4,0%;;;;;;;;;;;;;;;;;;;;;;;;;
De 25 a 44 años;7,5%;;6,5%;;6,3%;;4,8%;;4,5%;;9,5%;;7,5%;;6,9%;;;;;;;;;;;;;;;;;;;;;;;;;
De 45 a 64 años;9,8%;;10,1%;;9,9%;;8,1%;;8,1%;;14,1%;;10,4%;;10,4%;;;;;;;;;;;;;;;;;;;;;;;;;
Tasa absoluta de paro registrado HOMBRES ;7,0%;;6,9%;;6,8%;;5,0%;;5,1%;;9,9%;;7,6%;;7,4%;;;;;;;;;;;;;;;;;;;;;;;;;
De 16 a 24 años;4,4%;;4,0%;;2,6%;;1,6%;;2,6%;;8,5%;;4,9%;;4,2%;;;;;;;;;;;;;;;;;;;;;;;;;
De 25 a 44 años;6,0%;;5,3%;;5,5%;;3,9%;;4,0%;;7,1%;;6,1%;;5,3%;;;;;;;;;;;;;;;;;;;;;;;;;
De 45 a 64 años;8,9%;;10,1%;;10,1%;;7,6%;;7,4%;;13,9%;;10,5%;;11,3%;;;;;;;;;;;;;;;;;;;;;;;;;
Parados de larga duración (febrero 2020);38,2%;63.943;37,8%;3.100;;;;;;;;;;;;;;;;;;;;;;;;;;;;;;;;;;;;
Hombres;39,7%;25.381;40,0%;1.240;;;;;;;;;;;;;;;;;;;;;;;;;;;;;;;;;;;;
Mujeres ;60,3%;38.562;60,0%;1.860;;;;;;;;;;;;;;;;;;;;;;;;;;;;;;;;;;;;
Parados que SÍ perciben prestaciones (febrero 2020);43,4%;72.603;47,5%;3.889;;;;;;;;;;;;;;;;;;;;;;;;;;;;;;;;;;;;
Hombres;48,2%;34.979;46,9%;1825;;;;;;;;;;;;;;;;;;;;;;;;;;;;;;;;;;;;
Mujeres ;51,8%;37.624;53,1%;2.064;;;;;;;;;;;;;;;;;;;;;;;;;;;;;;;;;;;;
Parados que NO perciben prestaciones (febrero 2020);56,6%;94.585;52,5%;4.304;;;;;;;;;;;;;;;;;;;;;;;;;;;;;;;;;;;;
Hombres;41,3%;39.063;41,8%;1.798;;;;;;;;;;;;;;;;;;;;;;;;;;;;;;;;;;;;
Mujeres ;58,7%;55.522;58,2%;2.506;;;;;;;;;;;;;;;;;;;;;;;;;;;;;;;;;;;;
1.5. EDUCACIÓN;;;;;;;;;;;;;;;;;;;;;;;;;;;;;;;;;;;;;;;;
1.5.1. Población en etapas educativas (01/01/2018);100,0%;464338;100%;18.510;100%;3.484;100%;3.718;100%;2.006;100%;2.742;100%;3.412;100%;3.148;;;;;;;;;;;;;;;;;;;;;;;;
0 a 2 años;18,2%;84.692;21,7%;4.023;22,0%;765;22,3%;828;24,0%;481;20,6%;565;21,9%;748;20,2%;636;;;;;;;;;;;;;;;;;;;;;;;;
Infantil (3 a 5 años);18,7%;86.684;19,0%;3.522;18,8%;655;18,8%;700;19,7%;395;17,4%;476;19,8%;676;19,7%;620;;;;;;;;;;;;;;;;;;;;;;;;
Primaria (6 a 11 años);38,4%;178.445;36,3%;6.717;36,3%;1.264;35,3%;1.312;37,2%;746;35,7%;979;36,4%;1.241;37,3%;1.175;;;;;;;;;;;;;;;;;;;;;;;;
Secundaria (12 a 15 años);24,7%;114.517;22,9%;4.248;23,0%;800;23,6%;878;19,1%;384;26,3%;722;21,9%;747;22,8%;717;;;;;;;;;;;;;;;;;;;;;;;;
Etapas educativas. Total niños;51,2%;237557;51,2%;9.483;51,8%;1806;52,0%;1.932;51,6%;1.035;50,7%;1.391;51,2%;1.747;49,9%;1572;;;;;;;;;;;;;;;;;;;;;;;;
0 a 2 años;18,2%;43.261;21,4%;2.034;21,9%;395;22,6%;437;23,6%;244;19,6%;273;21,3%;372;19,9%;313;;;;;;;;;;;;;;;;;;;;;;;;
Infantil (3 a 5 años);18,7%;44.354;18,5%;1.759;18,3%;330;18,6%;359;20,1%;208;16,8%;234;19,2%;335;18,6%;293;;;;;;;;;;;;;;;;;;;;;;;;
Primaria (6 a 11 años);38,5%;91.575;37,3%;3.535;35,5%;641;36,3%;702;37,9%;392;37,7%;525;37,8%;661;39,1%;614;;;;;;;;;;;;;;;;;;;;;;;;
Secundaria (12 a 15 años);24,6%;58.367;22,7%;2.155;24,4%;440;22,5%;434;18,5%;191;25,8%;359;21,7%;379;22,4%;352;;;;;;;;;;;;;;;;;;;;;;;;
Etapas educativas. Total niñas;48,8%;226.781;48,8%;9.027;48,2%;1678;48,0%;1.786;48,4%;971;49,3%;1.351;48,8%;1.665;50,1%;1576;;;;;;;;;;;;;;;;;;;;;;;;
0 a 2 años;18,3%;41.431;22,0%;1.989;22,1%;370;21,9%;391;24,4%;237;21,6%;292;22,6%;376;20,5%;323;;;;;;;;;;;;;;;;;;;;;;;;
Infantil (3 a 5 años);18,7%;42.330;19,5%;1.763;19,4%;325;19,1%;341;19,3%;187;17,9%;242;20,5%;341;20,7%;327;;;;;;;;;;;;;;;;;;;;;;;;
Primaria (6 a 11 años);38,3%;86.870;35,2%;3.182;37,1%;623;34,2%;610;36,5%;354;33,6%;454;34,8%;580;35,6%;561;;;;;;;;;;;;;;;;;;;;;;;;
Secundaria (12 a 15 años);24,8%;56.150;23,2%;2.093;21,5%;360;24,9%;444;19,9%;193;26,9%;363;22,1%;368;23,2%;365;;;;;;;;;;;;;;;;;;;;;;;;
1.5.2. Escolarización de alumnos por tipo de centro (año escolar 2017/18);100,0%;519.294;100%;12.731;;;;;;;;;;;;;;;;;;;;;;;;;;;;;;;;;;;;
En centros PRIVADOS CONCERTADOS;43,1%;223.703;48,8%;6.209;;;;;;;;;;;;;;;;;;;;;;;;;;;;;;;;;;;;
En centros PRIVADOS SIN CONCIERTO;17,9%;92.853;13,7%;1.739;;;;;;;;;;;;;;;;;;;;;;;;;;;;;;;;;;;;
En centros PÚBLICOS;39,0%;202.738;37,6%;4.783;;;;;;;;;;;;;;;;;;;;;;;;;;;;;;;;;;;;
Total alumnos extranjeros;10,6%;54.812;19,6%;2.501;;;;;;;;;;;;;;;;;;;;;;;;;;;;;;;;;;;;
En centros PRIVADOS CONCERTADOS;34,9%;19.103;36,8%;920;;;;;;;;;;;;;;;;;;;;;;;;;;;;;;;;;;;;
En centros PRIVADOS SIN CONCIERTO;9,1%;4.965;3,4%;86;;;;;;;;;;;;;;;;;;;;;;;;;;;;;;;;;;;;
En centros PÚBLICOS;56,1%;30.744;59,8%;1.495;;;;;;;;;;;;;;;;;;;;;;;;;;;;;;;;;;;;
Total alumnos con necesidades de apoyo educativo;4,0%;20.898;6,7%;858;;;;;;;;;;;;;;;;;;;;;;;;;;;;;;;;;;;;
En centros PRIVADOS CONCERTADOS;49,2%;10.285;70,6%;606;;;;;;;;;;;;;;;;;;;;;;;;;;;;;;;;;;;;
En centros PRIVADOS SIN CONCIERTO;4,6%;963;0,5%;4;;;;;;;;;;;;;;;;;;;;;;;;;;;;;;;;;;;;
En centros PÚBLICOS;46,2%;9.650;28,9%;248;;;;;;;;;;;;;;;;;;;;;;;;;;;;;;;;;;;;
1.5.3. Nivel de estudios de la población ≥ 25 años (01/01/2019);;;;;;;;;;;;;;;;;;;;;;;;;;;;;;;;;;;;;;;;
No sabe leer ni escribir o sin estudios;4,9%;123.025;3,9%;4.883;3,6%;824;2,3%;653;2,1%;354;6,7%;1.194;5,3%;1.088;3,9%;770;;;;;;;;;;;;;;;;;;;;;;;;
Primaria incompleta;11,6%;291.746;10,6%;13.461;11,2%;2.591;6,7%;1.892;6,7%;1.139;15,2%;2.735;13,1%;2.675;12,4%;2.429;;;;;;;;;;;;;;;;;;;;;;;;
Bachiller Elemental, Graduado Escolar, ESO, Formación profesional 1º grado;26,4%;666.553;26,5%;33.602;29,5%;6.840;19,5%;5.533;18,6%;3.180;29,4%;5.268;32,3%;6.592;31,5%;6.189;;;;;;;;;;;;;;;;;;;;;;;;
Formación profesional 2º grado, Bachiller Superior o BUP;19,1%;482.262;18,2%;22.985;18,7%;4.339;17,3%;4.900;18,0%;3.081;17,0%;3.042;18,7%;3.821;19,4%;3.802;;;;;;;;;;;;;;;;;;;;;;;;
Titulados medios, diplomados, arquitecto o ingeniero técnico;9,5%;240.302;9,2%;11.711;9,1%;2.104;10,2%;2.893;10,6%;1.807;8,2%;1.466;8,4%;1.719;8,8%;1.722;;;;;;;;;;;;;;;;;;;;;;;;
Estudios superiores, licenciado, arquitecto o ingeniero superior, estudios superiores no universitarios, doctorado, estudios postgraduados;28,4%;717.868;31,4%;39.769;27,8%;6.437;43,6%;12.350;44,0%;7.531;23,6%;4.228;22,1%;4.516;24,0%;4.707;;;;;;;;;;;;;;;;;;;;;;;;
Nivel de estudios desconocido y no consta;0,1%;3.253;0,2%;205;0,2%;36;0,3%;81;0,1%;25;0,1%;11;0,1%;24;0,1%;28;;;;;;;;;;;;;;;;;;;;;;;;
1.5.4. Programa de prevención y control del absentismo escolar;;2.525.009;1;126.616;1;23.171;1;28.302;1;17.117;1;17.944;1;20.435;1;19.647;;;;;;;;;;;;;;;;;;;;;;;;
Casos trabajados por el programa de absentismo municipal (curso escolar 2018-2019);100,0%;4.025;5,6%;226;;;;;;;;;;;;;;;;;;;;;;;;;;;;;;;;;;;;
Casos trabajados HOMBRES;51,2%;2.060;46,0%;104;;;;;;;;;;;;;;;;;;;;;;;;;;;;;;;;;;;;
Casos trabajados MUJERES;48,8%;1.965;54,0%;122;;;;;;;;;;;;;;;;;;;;;;;;;;;;;;;;;;;;
1.6. SALUD;;;;;;;;;;;;;;;;;;;;;;;;;;;;;;;;;;;;;;;;
1.6.1. Hábitos y estilos de vida (2017-18. Estudio Madrid Salud);;;;;;;;;;;;;;;;;;;;;;;;;;;;;;;;;;;;;;;;
Sedentarismo;30,0%;;31,3%;;;;;;;;;;;;;;;;;;;;;;;;;;;;;;;;;;;;;
Sedentarismo HOMBRES ;25,2%;;;;;;;;;;;;;;;;;;;;;;;;;;;;;;;;;;;;;;;
Sedentarismo MUJERES ;34,0%;;;;;;;;;;;;;;;;;;;;;;;;;;;;;;;;;;;;;;;
Consumo de tabaco diario;18,9%;;20,2%;;;;;;;;;;;;;;;;;;;;;;;;;;;;;;;;;;;;;
Consumo de tabaco diario HOMBRES;20,2%;;;;;;;;;;;;;;;;;;;;;;;;;;;;;;;;;;;;;;;
Consumo de tabaco diario MUJERES ;17,9%;;;;;;;;;;;;;;;;;;;;;;;;;;;;;;;;;;;;;;;
Consumo de medicamentos ;66,3%;;70,1%;;;;;;;;;;;;;;;;;;;;;;;;;;;;;;;;;;;;;
Consumo de medicamentos HOMBRES  ;62,4%;;;;;;;;;;;;;;;;;;;;;;;;;;;;;;;;;;;;;;;
Consumo de medicamentos MUJERES ;69,7%;;;;;;;;;;;;;;;;;;;;;;;;;;;;;;;;;;;;;;;
1.6.2. Indicadores de nivel de salud (2017-18. Estudio Madrid Salud);;;;;;;;;;;;;;;;;;;;;;;;;;;;;;;;;;;;;;;;
Autopercepción de buen estado de salud  (% respuesta muy buena + buena);72,3%;;66,8%;;;;;;;;;;;;;;;;;;;;;;;;;;;;;;;;;;;;;
Autopercepción de buen estado de salud HOMBRES ;77,4%;;;;;;;;;;;;;;;;;;;;;;;;;;;;;;;;;;;;;;;
Autopercepción de buen estado de salud MUJERES ;68,0%;;;;;;;;;;;;;;;;;;;;;;;;;;;;;;;;;;;;;;;
Calidad de vida relacionada con la salud (CVRS) ;20,2%;;20,4%;;;;;;;;;;;;;;;;;;;;;;;;;;;;;;;;;;;;;
Calidad de vida relacionada con la salud (CVRS) HOMBRES;19,0%;;;;;;;;;;;;;;;;;;;;;;;;;;;;;;;;;;;;;;;
Calidad de vida relacionada con la salud (CVRS) MUJERES;21,1%;;;;;;;;;;;;;;;;;;;;;;;;;;;;;;;;;;;;;;;
Presencia de enfermedad crónica ;39,8%;;41,5%;;;;;;;;;;;;;;;;;;;;;;;;;;;;;;;;;;;;;
Presencia de enfermedad crónica HOMBRES ;36,6%;;;;;;;;;;;;;;;;;;;;;;;;;;;;;;;;;;;;;;;
Presencia de enfermedad crónica MUJERES;42,4%;;;;;;;;;;;;;;;;;;;;;;;;;;;;;;;;;;;;;;;
Hipertensión arterial;18,8%;;16,9%;;;;;;;;;;;;;;;;;;;;;;;;;;;;;;;;;;;;;
Hipertensión arterial HOMBRES;19,7%;;;;;;;;;;;;;;;;;;;;;;;;;;;;;;;;;;;;;;;
Hipertensión arterial MUJERES;18,1%;;;;;;;;;;;;;;;;;;;;;;;;;;;;;;;;;;;;;;;
Diabetes Mellitus;6,0%;;7,3%;;;;;;;;;;;;;;;;;;;;;;;;;;;;;;;;;;;;;
Diabetes Mellitus HOMBRES;6,9%;;;;;;;;;;;;;;;;;;;;;;;;;;;;;;;;;;;;;;;
Diabetes Mellitus MUJERES;5,3%;;;;;;;;;;;;;;;;;;;;;;;;;;;;;;;;;;;;;;;
Personas con obesidad ;12,2%;;11,6%;;;;;;;;;;;;;;;;;;;;;;;;;;;;;;;;;;;;;
Personas con obesidad HOMBRES ;13,3%;;;;;;;;;;;;;;;;;;;;;;;;;;;;;;;;;;;;;;;
Personas con obesidad MUJERES;11,2%;;;;;;;;;;;;;;;;;;;;;;;;;;;;;;;;;;;;;;;
Personas con sobrepeso;33,5%;;32,0%;;;;;;;;;;;;;;;;;;;;;;;;;;;;;;;;;;;;;
Personas con sobrepeso HOMBRES;41,1%;;;;;;;;;;;;;;;;;;;;;;;;;;;;;;;;;;;;;;;
Personas con sobrepeso MUJERES;27,0%;;;;;;;;;;;;;;;;;;;;;;;;;;;;;;;;;;;;;;;
Personas mayores de 65 años con alguna dependencia funcional;32,4%;;37,9%;;;;;;;;;;;;;;;;;;;;;;;;;;;;;;;;;;;;;
Alguna dependencia funcional HOMBRES ;39,1%;;;;;;;;;;;;;;;;;;;;;;;;;;;;;;;;;;;;;;;
Alguna dependencia funcional MUJERES;48,6%;;;;;;;;;;;;;;;;;;;;;;;;;;;;;;;;;;;;;;;
Probabilidad de padecer enfermedad mental (GHQ-12);21,1%;;21,5%;;;;;;;;;;;;;;;;;;;;;;;;;;;;;;;;;;;;;
Probabilidad de padecer enfermedad mental (GHQ-12) HOMBRES;16,6%;;;;;;;;;;;;;;;;;;;;;;;;;;;;;;;;;;;;;;;
Probabilidad de padecer enfermedad (GHQ-12) MUJERES;24,9%;;;;;;;;;;;;;;;;;;;;;;;;;;;;;;;;;;;;;;;
Prevalencia de obesidad en la población infantil (2017. Estudio Madrid Salud. UCM);15,8%;;17,1%;;;;;;;;;;;;;;;;;;;;;;;;;;;;;;;;;;;;;
1.6.3. Discapacidad reconocida (31/12/2018);;;;;;;;;;;;;;;;;;;;;;;;;;;;;;;;;;;;;;;;
Nº de personas con grado de discapacidad reconocido;6,1%;200.604;4,5%;8.959;;;;;;;;;;;;;;;;;;;;;;;;;;;;;;;;;;;;
Hombres;48,0%;96.322;46,2%;4.143;;;;;;;;;;;;;;;;;;;;;;;;;;;;;;;;;;;;
Mujeres;52,0%;104.282;53,8%;4.816;;;;;;;;;;;;;;;;;;;;;;;;;;;;;;;;;;;;
Mujeres por cada 100 hombres (Feminización de la discapacidad reconocida);;108,3;;116,24;;;;;;;;;;;;;;;;;;;;;;;;;;;;;;;;;;;;
1.7. CALIDAD DE VIDA  (2019. Encuesta, más de 16 años);;;;;;;;;;;;;;;;;;;;;;;;;;;;;;;;;;;;;;;;
1.7.1. Calidad de vida y agenda pública (indicador sintético 0-100);;;;;;;;;;;;;;;;;;;;;;;;;;;;;;;;;;;;;;;;
Satisfacción de vivir en su barrio ;;72,0;;66,5;;;;;;;;;;;;;;;;;;;;;;;;;;;;;;;;;;;;
Calidad de vida actual en su barrio ;;71,3;;67,1;;;;;;;;;;;;;;;;;;;;;;;;;;;;;;;;;;;;
Convivencia vecinal;;69,5;;68,4;;;;;;;;;;;;;;;;;;;;;;;;;;;;;;;;;;;;
1.7.2. Satisfacción con los servicios públicos (escala 0-10);;;;;;;;;;;;;;;;;;;;;;;;;;;;;;;;;;;;;;;;
Espacios verdes;;6,9;;6,8;;;;;;;;;;;;;;;;;;;;;;;;;;;;;;;;;;;;
Parques infantiles ;;6,4;;6,3;;;;;;;;;;;;;;;;;;;;;;;;;;;;;;;;;;;;
Centros culturales;;7,0;;7,2;;;;;;;;;;;;;;;;;;;;;;;;;;;;;;;;;;;;
Organización de fiestas y eventos populares;;6,7;;6,9;;;;;;;;;;;;;;;;;;;;;;;;;;;;;;;;;;;;
Instalaciones deportivas;;6,7;;6,8;;;;;;;;;;;;;;;;;;;;;;;;;;;;;;;;;;;;
Servicios sociales municipales;;6,5;;6,8;;;;;;;;;;;;;;;;;;;;;;;;;;;;;;;;;;;;
Desigualdad en las dotaciones de los barrios (% respuesta muy alta + alta);78,4%;;74,30%;;;;;;;;;;;;;;;;;;;;;;;;;;;;;;;;;;;;;
1.7.3. Principales problemas de la ciudadanía (% personas encuestadas);;;;;;;;;;;;;;;;;;;;;;;;;;;;;;;;;;;;;;;;
1º. Limpieza;29,1%;;44,0%;;;;;;;;;;;;;;;;;;;;;;;;;;;;;;;;;;;;;
2º. Contaminación del aire;18,7%;;17,6%;;;;;;;;;;;;;;;;;;;;;;;;;;;;;;;;;;;;;
3º. Tráfico / atascos;11,8%;;15,0%;;;;;;;;;;;;;;;;;;;;;;;;;;;;;;;;;;;;;
1.7.4. Percepción de seguridad (indicador sintético 0-100);;;;;;;;;;;;;;;;;;;;;;;;;;;;;;;;;;;;;;;;
Percepción de seguridad en Madrid;;67,6;;70,3;;;;;;;;;;;;;;;;;;;;;;;;;;;;;;;;;;;;
Percepción de seguridad en el barrio por el día;;76,0;;80,8;;;;;;;;;;;;;;;;;;;;;;;;;;;;;;;;;;;;
Percepción de seguridad en el barrio por la noche;;60,2;;60,4;;;;;;;;;;;;;;;;;;;;;;;;;;;;;;;;;;;;
1.7.5. Problemas que afectan a la seguridad en los espacios públicos del distrito (escala 0-10);;;;;;;;;;;;;;;;;;;;;;;;;;;;;;;;;;;;;;;;
1º Excrementos animales domésticos;;6,6;;6,7;;;;;;;;;;;;;;;;;;;;;;;;;;;;;;;;;;;;
2º Personas orinando en la calle;;4,0;;;;;;;;;;;;;;;;;;;;;;;;;;;;;;;;;;;;;;4,6
3º Consumo o menudeo de drogas;;4,3;;4,4;;;;;;;;;;;;;;;;;;;;;;;;;;;;;;;;;;;;
1.7.6. Administración de la ciudad de Madrid (% de respuesta);;;;;;;;;;;;;;;;;;;;;;;;;;;;;;;;;;;;;;;;
Medio de información de la actividad del Ayuntamiento: REDES SOCIALES;20,9%;;27,4%;;;;;;;;;;;;;;;;;;;;;;;;;;;;;;;;;;;;;
Preferencia de contacto con el Ayuntamiento: EN PERSONA;46,0%;;38,3%;;;;;;;;;;;;;;;;;;;;;;;;;;;;;;;;;;;;;
Percepción sobre la administración del Ayto. en los últimos 5 años: HA MEJORADO;38,6%;;34,5%;;;;;;;;;;;;;;;;;;;;;;;;;;;;;;;;;;;;;
Percepción sobre la administración del Ayto. en los últimos 5 años: HA EMPEORADO;16,6%;;14,8%;;;;;;;;;;;;;;;;;;;;;;;;;;;;;;;;;;;;;
1.7.7. Amigabilidad de la ciudad de Madrid (% respuesta mucho + bastante);;;;;;;;;;;;;;;;;;;;;;;;;;;;;;;;;;;;;;;;
Madrid ciudad amigable con las personas lesbianas, gays, transexuales y bisexuales;76,9%;;79,5%;;;;;;;;;;;;;;;;;;;;;;;;;;;;;;;;;;;;;
1.8. INDICADORES DE VULNERABILIDAD;;;;;;;;;;;;;;;;;;;;;;;;;;;;;;;;;;;;;;;;
1.8.1. Índice de vulnerabilidad territorial (2019);;;;;;;;;;;;;;;;;;;;;;;;;;;;;;;;;;;;;;;;
Índice de vulnerabilidad territorial;;;;0,0080;;0,0082;;0,0073;;0,0072;;0,0086;;0,0084;;0,0084;;;;;;;;;;;;;;;;;;;;;;;;
Posición en el ranking de distritos y/o barrios de vulnerabilidad territorial;;;;14;;48;;68;;69;;36;;41;;42;;;;;;;;;;;;;;;;;;;;;;;;
1.8.2. Tasa de riesgo de pobreza o exclusión social. Indicador AROPE (2018. Encuesta de Condiciones de Vida);;;;;;;;;;;;;;;;;;;;;;;;;;;;;;;;;;;;;;;;
Tasa de riesgo de pobreza o exclusión social;25,5%;;;;;;;;;;;;;;;;;;;;;;;;;;;;;;;;;;;;;;;
Tasa de riesgo de pobreza o exclusión social HOMBRES;24,0%;;;;;;;;;;;;;;;;;;;;;;;;;;;;;;;;;;;;;;;
Tasa de riesgo de pobreza o exclusión social MUJERES;26,7%;;;;;;;;;;;;;;;;;;;;;;;;;;;;;;;;;;;;;;;
Tasa de riesgo de pobreza o exclusión social N. ESPAÑOLA (>16 años);21,9%;;;;;;;;;;;;;;;;;;;;;;;;;;;;;;;;;;;;;;;
Tasa de riesgo de pobreza o exclusión social N. EXTRANJERA UNIÓN EUROPEA (>16 años);14,4%;;;;;;;;;;;;;;;;;;;;;;;;;;;;;;;;;;;;;;;
Tasa de riesgo de pobreza o exclusión social N. EXTRANJERA RESTO DEL MUNDO (>16 años);66,1%;;;;;;;;;;;;;;;;;;;;;;;;;;;;;;;;;;;;;;;
1.8.3. Tasa de riesgo de pobreza de los hogares (2016. Estudio de Necesidades Sociales. Hogares);;;;;;;;;;;;;;;;;;;;;;;;;;;;;;;;;;;;;;;;
Pareja o matrimonio con hijos;;35,7%;;;;;;;;;;;;;;;;;;;;;;;;;;;;;;;;;;;;;;
Hogar formado por madre con hijos a cargo;;41,1%;;;;;;;;;;;;;;;;;;;;;;;;;;;;;;;;;;;;;;
Nacido en España;;26,4%;;;;;;;;;;;;;;;;;;;;;;;;;;;;;;;;;;;;;;
Nacido en un país fuera de la Unión Europea;;39,2%;;;;;;;;;;;;;;;;;;;;;;;;;;;;;;;;;;;;;;
1.8.4. Situación económica de los hogares (2016. Estudio de Necesidades Sociales. Hogares);;;;;;;;;;;;;;;;;;;;;;;;;;;;;;;;;;;;;;;;
Dificultad para llegar a fin de mes (% respuesta mucha dificultad + dificultad);;20,0%;;;;;;;;;;;;;;;;;;;;;;;;;;;;;;;;;;;;;;
Imposibilidad de hacer frente a un gasto imprevisto de 650€;;38,7%;;;;;;;;;;;;;;;;;;;;;;;;;;;;;;;;;;;;;;
Dificultad para hacer frente a los gastos derivados del suministro energético;;9,5%;;;;;;;;;;;;;;;;;;;;;;;;;;;;;;;;;;;;;;
Entrevistados que han acudido a Servicios Sociales Municipales para solicitar atención social;;10,0%;;;;;;;;;;;;;;;;;;;;;;;;;;;;;;;;;;;;;;
1.9. SERVICIOS SOCIALES;;;;;;;;;;;;;;;;;;;;;;;;;;;;;;;;;;;;;;;;
1.9.1. Población en general (2019);;;;;;;;;;;;;;;;;;;;;;;;;;;;;;;;;;;;;;;;
Personas atendidas en la Unidad de Primera Atención en Centros de Servicios Sociales;;94.210 ;5,4%;5.105;;;;;;;;;;;;;;;;;;;;;;;;;;;;;;;;;;;;
Solicitudes tramitadas de Renta Mínima de Inserción;;5.474 ;5,7%;313;;;;;;;;;;;;;;;;;;;;;;;;;;;;;;;;;;;;
Perceptores de prestación de la Renta Mínima de Inserción;;17.877 ;5,0%;900;;;;;;;;;;;;;;;;;;;;;;;;;;;;;;;;;;;;
Beneficiarios de prestaciones sociales de carácter económico;;13.316 ;3,9%;515;;;;;;;;;;;;;;;;;;;;;;;;;;;;;;;;;;;;
Total prestaciones sociales de carácter económico (€);;7.698.372 €;5,7%;437.372;;;;;;;;;;;;;;;;;;;;;;;;;;;;;;;;;;;;
1.9.2. Personas Mayores (2019);;;;;;;;;;;;;;;;;;;;;;;;;;;;;;;;;;;;;;;;
Personas con Servicio de Ayuda a Domicilio (modalidad auxiliar de hogar);;80.375 ;4,2%;3.400;;;;;;;;;;;;;;;;;;;;;;;;;;;;;;;;;;;;
Hombres;;19.939 ;3,8%;751;;;;;;;;;;;;;;;;;;;;;;;;;;;;;;;;;;;;
Mujeres;;60.436 ;4,4%;2.649;;;;;;;;;;;;;;;;;;;;;;;;;;;;;;;;;;;;
Personas socias de los Centros Municipales de Mayores;;343.009 ;4,0%;13.719;;;;;;;;;;;;;;;;;;;;;;;;;;;;;;;;;;;;
Hombres;;128.807 ;3,8%;4.888;;;;;;;;;;;;;;;;;;;;;;;;;;;;;;;;;;;;
Mujeres ;;214.202 ;4,1%;8.831;;;;;;;;;;;;;;;;;;;;;;;;;;;;;;;;;;;;
1.9.3. Menores y Familia (2019);;;;;;;;;;;;;;;;;;;;;;;;;;;;;;;;;;;;;;;;
Familias atendidas por el Equipo de Trabajo con Menores y Familia (ETMF);;6.467;8,1%;526;;;;;;;;;;;;;;;;;;;;;;;;;;;;;;;;;;;;
Demandas de intervención en los Centros de Atención a la Infancia (CAI);;2.285;6,1%;140;;;;;;;;;;;;;;;;;;;;;;;;;;;;;;;;;;;;
Menores atendidos por el Servicio de Ayuda a domicilio a Menores y Familias (SAD) ;;1.356;6,9%;94;;;;;;;;;;;;;;;;;;;;;;;;;;;;;;;;;;;;
1.10. VIVIENDA;;;;;;;;;;;;;;;;;;;;;;;;;;;;;;;;;;;;;;;;
1.10.1. Estado de las viviendas;;;;;;;;;;;;;;;;;;;;;;;;;;;;;;;;;;;;;;;;
Nº Total de viviendas (Censo Edificios y Viviendas 2011);100,0%;1.530.955 ;100%;80.160;;;;;;;;;;;;;;;;;;;;;;;;;;;;;;;;;;;;
Viviendas anteriores a 1980;69,4%;1.061.825;70,5%;56.530;;;;;;;;;;;;;;;;;;;;;;;;;;;;;;;;;;;;
Estado ruinoso;0,2%;3.445;0,3%;270;;;;;;;;;;;;;;;;;;;;;;;;;;;;;;;;;;;;
Estado malo;0,8%;12.705;1,4%;1.130;;;;;;;;;;;;;;;;;;;;;;;;;;;;;;;;;;;;
Estado deficiente;4,4%;66.775;7,4%;5.940;;;;;;;;;;;;;;;;;;;;;;;;;;;;;;;;;;;;
Estado bueno;92,8%;1.420.265;90,1%;72.245;;;;;;;;;;;;;;;;;;;;;;;;;;;;;;;;;;;;
No consta;1,8%;27.770;0,7%;580;;;;;;;;;;;;;;;;;;;;;;;;;;;;;;;;;;;;
Valor catastral medio de los bienes inmuebles: personas físicas (2019) en miles de €;;90,9 €;98,1%;89,2;87,8%;78,3;129,8%;115,7;128,4%;114,5;91,8%;81,8;63,4%;56,5;78,3%;69,8;;;;;;;;;;;;;;;;;;;;;;;;
Valor catastral medio de los bienes inmuebles: personas jurídicas (2019) en miles de €;;368,6 €;73,5%;270,8;65,5%;177,3;204,9%;555,0;118,5%;320,8;54,5%;147,7;36,6%;99,2;39,3%;106,3;;;;;;;;;;;;;;;;;;;;;;;;
Superficie media de la vivienda (m2) en transacción (2019);;83,4;87,8%;73,26;86,8%;63,58;116,2%;85,12;117,9%;86,35;110,9%;81,26;84,9%;62,20;82,8%;60,68;;;;;;;;;;;;;;;;;;;;;;;;
Duración media del crédito (meses) en transacción de vivienda (2019);;257;110,1%;283;97,2%;275;104,6%;296;97,9%;277;88,3%;250;101,4%;287;102,8%;291;;;;;;;;;;;;;;;;;;;;;;;;
1.10.2. Tipología de las viviendas ;;;;;;;;;;;;;;;;;;;;;;;;;;;;;;;;;;;;;;;;
Nº Total de viviendas familiares (Censo Edificios y Viviendas 2011);100%;1.378.931;100%;76.191;100%;14.468;100%;18.306;100%;11.342;100%;9.052;100%;11.665;100%;11.358;;;;;;;;;;;;;;;;;;;;;;;;
Principal;78,3%;1.080.306;71,2%;54.242;72,3%;10.458;72,1%;13.199;68,2%;7.739;72,8%;6.590;70,4%;8.216;70,8%;8.040;;;;;;;;;;;;;;;;;;;;;;;;
Secundaria;7,7%;106.192;9,7%;7.424;9,7%;1.399;10,0%;1.827;18,5%;2.102;6,9%;623;4,5%;526;8,3%;947;;;;;;;;;;;;;;;;;;;;;;;;
Desocupada;12,9%;178.377;16,4%;12.523;15,1%;2.184;15,2%;2.775;10,4%;1.184;14,4%;1.308;24,0%;2.801;20,0%;2.271;;;;;;;;;;;;;;;;;;;;;;;;
Otro tipo;1,0%;13.998;2,6%;2.002;3,0%;427;2,8%;505;2,8%;317;5,9%;531;1,0%;122;0,9%;100;;;;;;;;;;;;;;;;;;;;;;;;
1.10.3. Lanzamientos judiciales (Consejo General del Poder Judicial);;;;;;;;;;;;;;;;;;;;;;;;;;;;;;;;;;;;;;;;
Lanzamientos judiciales practicados (2013);100%;5.020 ;;;;;;;;;;;;;;;;;;;;;;;;;;;;;;;;;;;;;;
Como consecuencia de ejecuciones hipotecarias;30%;1.501;;;;;;;;;;;;;;;;;;;;;;;;;;;;;;;;;;;;;;
Como consecuencia de la Ley de Arrendamientos Urbanos;62%;3.137;;;;;;;;;;;;;;;;;;;;;;;;;;;;;;;;;;;;;;
Lanzamientos judiciales practicados (2019);100,0%;2.832 ;;;;;;;;;;;;;;;;;;;;;;;;;;;;;;;;;;;;;;
Como consecuencia de ejecuciones hipotecarias;12,7%;360;;;;;;;;;;;;;;;;;;;;;;;;;;;;;;;;;;;;;;
Como consecuencia de la Ley de Arrendamientos Urbanos;84,2%;2.384;;;;;;;;;;;;;;;;;;;;;;;;;;;;;;;;;;;;;;
1.11. MEDIO AMBIENTE Y RESIDUOS;;;;;;;;;;;;;;;;;;;;;;;;;;;;;;;;;;;;;;;;
1.11.1. Contaminantes del aire (2018);;;;;;;;;;;;;;;;;;;;;;;;;;;;;;;;;;;;;;;;
Partículas suspensión PM2.5 (µgr/m3) -Valor límite: 25 µgr/m3-;;10,3;;;;;;;;;;;;;;;;;;;;;;;;;;;;;;;;;;;;;;
Partículas suspensión PM10 (µgr/m3) -Valor límite: 40 µgr/m3-;;18,5;;;;;;;;;;;;;;;;;;;;;;;;;;;;;;;;;;;;;;
Dióxido de azufre - SO2 (µgr/m3) -Valor límite: 125 µgr/m3-;;6,0;;;;;;;;;;;;;;;;;;;;;;;;;;;;;;;;;;;;;;
Monóxido de carbono - CO (mg/m3) -Valor límite: 10 µgr/m3-;;0,3;;;;;;;;;;;;;;;;;;;;;;;;;;;;;;;;;;;;;;
Ozono - O3 (µgr/m3) -Valor límite: 120 µgr/m3-;;51,0;;;;;;;;;;;;;;;;;;;;;;;;;;;;;;;;;;;;;;
Dióxido de nitrógeno - NO2 (µgr/m3) -Valor límite: 40 µgr/m3-;;37,0;;;;;;;;;;;;;;;;;;;;;;;;;;;;;;;;;;;;;;
Temperatura media anual (ºC);;15,2;;;;;;;;;;;;;;;;;;;;;;;;;;;;;;;;;;;;;;
Protocolo de contaminación: nº de episodios (2019);;3;;;;;;;;;;;;;;;;;;;;;;;;;;;;;;;;;;;;;;
"Protocolo de contaminación: nº de días ""Escenario 1"" (2019)";;12;;;;;;;;;;;;;;;;;;;;;;;;;;;;;;;;;;;;;;
1.11.2. Recogida domiciliaria de resíduos sólidos: envases y resto (2018);;;;;;;;;;;;;;;;;;;;;;;;;;;;;;;;;;;;;;;;
kg/habitante/año;;372;;372;;;;;;;;;;;;;;;;;;;;;;;;;;;;;;;;;;;;
kg/habitante/día;;1,019;;1,019;;;;;;;;;;;;;;;;;;;;;;;;;;;;;;;;;;;;
1.12. SEGURIDAD;;;;;;;;;;;;;;;;;;;;;;;;;;;;;;;;;;;;;;;;
Intervenciones de la Policía Municipal en materia de seguridad (2019);;;;;;;;;;;;;;;;;;;;;;;;;;;;;;;;;;;;;;;;
Relacionadas con las personas;;5.455;6,3%;344;;;;;;;;;;;;;;;;;;;;;;;;;;;;;;;;;;;;
Relacionadas con la tenencia de armas;;1.362;2,2%;30;;;;;;;;;;;;;;;;;;;;;;;;;;;;;;;;;;;;
Relacionadas con el patrimonio;;6.984;3,3%;228;;;;;;;;;;;;;;;;;;;;;;;;;;;;;;;;;;;;
Relacionadas con la tenencia y consumo de drogas;;7.668;3,4%;258;;;;;;;;;;;;;;;;;;;;;;;;;;;;;;;;;;;;
Expedientes instruidos por Agentes Tutores;;557;2,0%;11;;;;;;;;;;;;;;;;;;;;;;;;;;;;;;;;;;;;
Atestados/partes de accidentes de tráfico confeccionados;;21.791;4,8%;1.040;;;;;;;;;;;;;;;;;;;;;;;;;;;;;;;;;;;;
Detenidos e investigados de la Policía Municipal en materia de seguridad (2019);;;;;;;;;;;;;;;;;;;;;;;;;;;;;;;;;;;;;;;;
Total detenidos e investigados;100%;9.265;5,4%;502;;;;;;;;;;;;;;;;;;;;;;;;;;;;;;;;;;;;
Lesiones;4,7%;433;;;;;;;;;;;;;;;;;;;;;;;;;;;;;;;;;;;;;;
Violencia doméstica y de género;8,3%;773;;;;;;;;;;;;;;;;;;;;;;;;;;;;;;;;;;;;;;
Malos tratos a menores;1,1%;103;;;;;;;;;;;;;;;;;;;;;;;;;;;;;;;;;;;;;;
Abusos y agresiones sexuales;0,5%;49;;;;;;;;;;;;;;;;;;;;;;;;;;;;;;;;;;;;;;
Hurtos;12,9%;1.193;;;;;;;;;;;;;;;;;;;;;;;;;;;;;;;;;;;;;;
Robo con violencia e intimidación en personas;2,1%;198;;;;;;;;;;;;;;;;;;;;;;;;;;;;;;;;;;;;;;
Contra la salud pública;3,8%;356;;;;;;;;;;;;;;;;;;;;;;;;;;;;;;;;;;;;;;
Contra la seguridad vial;35,3%;3.275;;;;;;;;;;;;;;;;;;;;;;;;;;;;;;;;;;;;;;
1.13. RESULTADOS ELECCIONES LOCALES (2019);;;;;;;;;;;;;;;;;;;;;;;;;;;;;;;;;;;;;;;;
Censo electoral;100,0%;2.397.881;100%;112.989;100%;19.827;100%;26.351;100%;15.896;100%;16.890;100%;17.472;100,0%;16.553;;;;;;;;;;;;;;;;;;;;;;;;
Abstención;31,8%;761.923;35,3%;39.912;37,7%;7.468;29,5%;7.763;29,4%;4.666;40,5%;6.834;39,9%;6.964;37,6%;6.217;;;;;;;;;;;;;;;;;;;;;;;;
Votos en blanco;0,3%;6.945;0,3%;346;0,4%;84;0,2%;65;0,3%;42;0,3%;47;0,3%;60;0,3%;48;;;;;;;;;;;;;;;;;;;;;;;;
Votos a candidaturas;68,2%;1.635.958;64,7%;73.077;62,3%;12.359;70,5%;18.588;70,6%;11.230;59,5%;10.056;60,1%;10.508;62,4%;10.336;;;;;;;;;;;;;;;;;;;;;;;;
Más Madrid;21,1%;505.159;18,9%;21.319;21,1%;4.179;16,4%;4.314;15,0%;2.387;19,4%;3.272;21,4%;3.737;20,7%;3.430;;;;;;;;;;;;;;;;;;;;;;;;
PP;16,5%;395.344;16,9%;19.120;14,2%;2.814;23,6%;6.224;25,4%;4.041;12,4%;2.089;10,2%;1.786;13,1%;2.166;;;;;;;;;;;;;;;;;;;;;;;;
Ciudadanos;13,0%;312.536;12,2%;13.769;10,4%;2.062;14,9%;3.925;15,1%;2.405;9,8%;1.658;11,0%;1.921;10,9%;1.798;;;;;;;;;;;;;;;;;;;;;;;;
PSOE;9,3%;224.074;8,4%;9.544;9,1%;1.808;6,6%;1.738;5,7%;912;9,9%;1.667;10,3%;1.792;9,8%;1.627;;;;;;;;;;;;;;;;;;;;;;;;
VOX;5,2%;124.969;5,6%;6.283;4,4%;873;6,9%;1.808;7,4%;1.171;5,1%;869;4,2%;738;5,0%;824;;;;;;;;;;;;;;;;;;;;;;;;
1.14. SERVICIOS Y EQUIPAMIENTOS MUNICIPALES;;;;;;;;;;;;;;;;;;;;;;;;;;;;;;;;;;;;;;;;
1.14.1. Servicios Sociales Municipales (2020);;;;;;;;;;;;;;;;;;;;;;;;;;;;;;;;;;;;;;;;
Centros de Servicios Sociales;;39;5,1%;2;;0;;0;;0;;1;;0;;1;;;;;;;;;;;;;;;;;;;;;;;;
Centros Municipales de Mayores ;;90;3,3%;3;;2;;0;;0;;0;;1;;0;;;;;;;;;;;;;;;;;;;;;;;;
Centros de Día de Alzheimer y Físicos;;97;4,1%;4;;3;;0;;0;;0;;1;;0;;;;;;;;;;;;;;;;;;;;;;;;
Apartamentos Municipales para Mayores;;2;0,0%;0;;0;;0;;0;;0;;0;;0;;;;;;;;;;;;;;;;;;;;;;;;
Residencias para personas Mayores ;;3;0,0%;0;;0;;0;;0;;0;;0;;0;;;;;;;;;;;;;;;;;;;;;;;;
Centros de Apoyo a las Familias (CAF);;7;0,0%;0;;0;;0;;0;;0;;0;;0;;;;;;;;;;;;;;;;;;;;;;;;
Centros de Atención a la Infancia (CAI);;13;7,7%;1;;0;;0;;0;;1;;0;;0;;;;;;;;;;;;;;;;;;;;;;;;
Centro de Día de Atención a Niños y Niñas (de 3 a 12 años);;29;6,9%;2;;1;;0;;0;;1;;0;;0;;;;;;;;;;;;;;;;;;;;;;;;
Espacios de Ocio para Adolescentes (El Enredadero);;6;0,0%;0;;0;;0;;0;;0;;0;;0;;;;;;;;;;;;;;;;;;;;;;;;
Centros de Adolescentes y Jóvenes (ASPA) ;;8;12,5%;1;;1;;0;;0;;0;;0;;0;;;;;;;;;;;;;;;;;;;;;;;;
Centros para personas sin hogar;;12;8,3%;1;;0;;0;;0;;1;;0;;0;;;;;;;;;;;;;;;;;;;;;;;;
1.14.2. Género (2020);;;;;;;;;;;;;;;;;;;;;;;;;;;;;;;;;;;;;;;;
Espacios de Igualdad;;17;5,9%;1;;1;;0;;0;;0;;0;;0;;;;;;;;;;;;;;;;;;;;;;;;
1.14.3. Salud (2020);;;;;;;;;;;;;;;;;;;;;;;;;;;;;;;;;;;;;;;;
Centros Municipales de Salud Comunitaria (CMSC);;16;6,3%;1;;0;;0;;0;;1;;0;;0;;;;;;;;;;;;;;;;;;;;;;;;
Centros de Atención a las Adicciones (CAD y CCAD);;10;20,0%;2;;0;;0;;0;;1;;1;;0;;;;;;;;;;;;;;;;;;;;;;;;
1.14.4. Cultura (2020);;;;;;;;;;;;;;;;;;;;;;;;;;;;;;;;;;;;;;;;
Nº de Bibliotecas Municipales;;34;5,9%;2;;1;;0;;0;;1;;0;;0;;;;;;;;;;;;;;;;;;;;;;;;
Nº de Bibliotecas Comunidad Madrid;;16;0,0%;0;;0;;0;;0;;0;;0;;0;;;;;;;;;;;;;;;;;;;;;;;;
Nº de Centros Culturales;;106;3,8%;4;;1;;1;;0;;1;;0;;1;;;;;;;;;;;;;;;;;;;;;;;;
1.14.5. Deportes (2018);;;;;;;;;;;;;;;;;;;;;;;;;;;;;;;;;;;;;;;;
Centros deportivos Municipales;;72;4,2%;3;0,0%;0;0,0%;0;33,3%;1;33,3%;1;0,0%;0;33,3%;1;;;;;;;;;;;;;;;;;;;;;;;;
Superficie deportiva m2 ;;2.074.404;0,9%;18.355;;;;;;;;;;;;;;;;;;;;;;;;;;;;;;;;;;;;
Instalaciones deportivas básicas;;481;1,7%;8;;;;;;;;;;;;;;;;;;;;;;;;;;;;;;;;;;;;
Acceso controlado ;;98;1,0%;1;;;;;;;;;;;;;;;;;;;;;;;;;;;;;;;;;;;;
Campos de fútbol 11;;22;0,0%;0;;0;;0;;0;;0;;0;;0;;;;;;;;;;;;;;;;;;;;;;;;
Pista de atletismo ;;7;0,0%;0;;0;;0;;0;;0;;0;;0;;;;;;;;;;;;;;;;;;;;;;;;
Piscinas cubiertas;;49;6,1%;3;;0;;0;;1;;1;;0;;1;;;;;;;;;;;;;;;;;;;;;;;;
Piscinas de verano;;23;0,0%;0;;0;;0;;0;;0;;0;;0;;;;;;;;;;;;;;;;;;;;;;;;
1.14.6. Zonas verdes (2019);;;;;;;;;;;;;;;;;;;;;;;;;;;;;;;;;;;;;;;;
Superficie de zonas verdes y Parques de distrito (Ha);;3.322,9;1,9%;63,2;;;;;;;;;;;;;;;;;;;;;;;;;;;;;;;;;;;;
Superficie de zonas verdes y Parques de distrito (Ha) / nº de Habitantes *10.000;;10,2;39,4%;4,0;;;;;;;;;;;;;;;;;;;;;;;;;;;;;;;;;;;;
Superficie Parques Históricos, Singulares y Forestales por distrito  ;;2.501,0;0,0%;0,0;;;;;;;;;;;;;;;;;;;;;;;;;;;;;;;;;;;;
Superficie Parques Históricos, Singulares y Forestales distrito / nº Habitantes *10.000;;7,7;0,0%;0,0;;;;;;;;;;;;;;;;;;;;;;;;;;;;;;;;;;;;
1.14.7. Educación (Curso académico 2019-2020);;;;;;;;;;;;;;;;;;;;;;;;;;;;;;;;;;;;;;;;
Escuelas Infantiles Municipales (2019);;56;7,1%;4;;1;;2;;0;;1;;0;;0;;;;;;;;;;;;;;;;;;;;;;;;
Escuelas Infantiles Públicas CAM;;150;5,3%;8;;;;;;;;;;;;;;;;;;;;;;;;;;;;;;;;;;;;
Escuelas Infantiles Privadas;;419;3,8%;16;;;;;;;;;;;;;;;;;;;;;;;;;;;;;;;;;;;;
Colegios Públicos Infantil y Primaria (+ 3 centros con Secundaria);;247;2,8%;7;;;;;;;;;;;;;;;;;;;;;;;;;;;;;;;;;;;;
Institutos Públicos de Educación Secundaria;;112;2,7%;3;;;;;;;;;;;;;;;;;;;;;;;;;;;;;;;;;;;;
Colegios Privados Inf. o Pri. o Inf. y Pri.;;88;1,1%;1;;;;;;;;;;;;;;;;;;;;;;;;;;;;;;;;;;;;
Colegios Privados Inf., Pri. y Sec. o Pri. y Sec. ;;274;2,2%;6;;;;;;;;;;;;;;;;;;;;;;;;;;;;;;;;;;;;
1.14.8. Empresa y Comercio (2020);;;;;;;;;;;;;;;;;;;;;;;;;;;;;;;;;;;;;;;;
Mercados Municipales;;45;8,9%;4;;0;;2;;0;;0;;2;;0;;;;;;;;;;;;;;;;;;;;;;;;
1.15. PARTICIPACIÓN CIUDADANA ;;;;;;;;;;;;;;;;;;;;;;;;;;;;;;;;;;;;;;;;
1.15.1. Entidades de participación ciudadana (2019) ;;;;;;;;;;;;;;;;;;;;;;;;;;;;;;;;;;;;;;;;
Asociaciones (Sección 1ª);;2.412;4,5%;108;15,7%;17;21,3%;23;15,7%;17;23,1%;25;13,9%;15;10,2%;11;;;;;;;;;;;;;;;;;;;;;;;;
Nº de asociaciones culturales y casas regionales;;489;3,1%;15;26,7%;4;46,7%;7;6,7%;1;6,7%;1;6,7%;1;6,7%;1;;;;;;;;;;;;;;;;;;;;;;;;
Nº de asociaciones de mujeres;;75;4,0%;3;0,0%;0;0,0%;0;33,3%;1;33,3%;1;33,3%;1;0,0%;0;;;;;;;;;;;;;;;;;;;;;;;;
Nº de asociaciones de vecinos;;221;3,6%;8;0,0%;0;12,5%;1;37,5%;3;25,0%;2;12,5%;1;12,5%;1;;;;;;;;;;;;;;;;;;;;;;;;
Fundaciones (Sección 2ª);;24;4,2%;1;0,0%;0;0,0%;0;0,0%;0;100,0%;1;0,0%;0;0,0%;0;;;;;;;;;;;;;;;;;;;;;;;;
;;;;;;;;;;;;;;;;;;;;;;;;;;;;;;;;;;;;;;;;
;;;;;;;;;;;;;;;;;;;;;;;;;;;;;;;;;;;;;;;;
;;;;;;;;;;;;;;;;;;;;;;;;;;;;;;;;;;;;;;;;
;;;;;;;;;;;;;;;;;;;;;;;;;;;;;;;;;;;;;;;;
1.16. PRESUPUESTO 2020; En base al Acuerdo de 23 de diciembre de 2019 del Pleno del Ayuntamiento de Madrid. Publicación: BOAM Nùm. 8.551, 30 de diciembre de 2019. ;;;;;;;;;;;;;;;;;;;;;;;;;;;;;;;;;;;;;;;
PROGRAMA;;CAPÍTULOS;;;;;;;;;;;;;;;;;;;;;;;;;;;;;;;;;;;;;;
;;1;;2;;3;;4;;5;;6;;7;;TOTAL;;;;;;;;;;;;;;;;;;;;;;;;
OTRAS ACTUACIONES EN VÍAS PÚBLICAS;153.22;;;89.000 €;;;;;;;;;;;;89.000 €;;;;;;;;;;;;;;;;;;;;;;;;
ZONAS VERDES;171.02;;;100.000 €;;;;;;;;21.253 €;;;;121.253 €;;;;;;;;;;;;;;;;;;;;;;;;
FAMILIA E INFANCIA;231.02;;;732.135 €;;;;240.000 €;;;;;;15.000 €;;987.135 €;;;;;;;;;;;;;;;;;;;;;;;;
PERSONAS MAYORES Y SERVICIOS SOCIALES;231.03;;;7.813.224 €;;;;94.000 €;;;;10.000 €;;15.000 €;;7.932.224 €;;;;;;;;;;;;;;;;;;;;;;;;
INTEGRACIÓN COMUNITARIA Y EMERGENCIA SOCIAL;231.06;2.041.719 €;;673.412 €;;;;160.000 €;;;;4.000 €;;;;2.879.131 €;;;;;;;;;;;;;;;;;;;;;;;;
SALUBRIDAD PÚBLICA;311.01;622.918 €;;18.803 €;;;;;;;;;;;;641.721 €;;;;;;;;;;;;;;;;;;;;;;;;
CENTROS DOCENTES ENSEÑANZA INFANTIL Y PRIMARIA;323.01;;;2.790.367 €;;;;;;;;100.000 €;;;;2.890.367 €;;;;;;;;;;;;;;;;;;;;;;;;
ABSENTISMO;325.01;;;109.025 €;;;;;;;;;;;;109.025 €;;;;;;;;;;;;;;;;;;;;;;;;
SERVICIOS COMPLEMENTARIOS EDUCACIÓN;326.01;;;784.566 €;;;;;;;;;;;;784.566 €;;;;;;;;;;;;;;;;;;;;;;;;
ACTIVIDADES CULTURALES;334.01;410.242 €;;1.183.624 €;;;;11.000 €;;;;;;;;1.604.866 €;;;;;;;;;;;;;;;;;;;;;;;;
ACTUACIONES DEPORTIVAS EN DISTRITOS;341.01;;;70.000 €;;;;;;;;;;;;70.000 €;;;;;;;;;;;;;;;;;;;;;;;;
INSTALACIONES DEPORTIVAS;342.01;3.722.067 €;;1.623.211 €;;;;;;;;;;;;5.345.278 €;;;;;;;;;;;;;;;;;;;;;;;;
CONSUMO;493.00;145.147 €;;1.100 €;;;;;;;;;;;;146.247 €;;;;;;;;;;;;;;;;;;;;;;;;
CONCEJALÍA-PRESIDENCIA DEL DISTRITO;912.2;352.712 €;;500 €;;;;;;;;;;;;353.212 €;;;;;;;;;;;;;;;;;;;;;;;;
DIREC. Y GESTIÓN ADMTVA. DEL DISTRITO;920.01;4.153.382 €;;256.926 €;;;;;;;;;;;;4.410.308 €;;;;;;;;;;;;;;;;;;;;;;;;
PARTICIPACIÓN CIUDADANA Y VOLUNTARIADO;924.01;;;41.500 €;;;;100.000 €;;;;;;;;141.500 €;;;;;;;;;;;;;;;;;;;;;;;;
EDIFICIOS;933.02;;;2.249.476 €;;;;;;;;1.447.920 €;;;;3.697.396 €;;;;;;;;;;;;;;;;;;;;;;;;
CENTRO 001;;11.448.187 €;;18.536.869 €;;0 €;;605.000 €;;0 €;;1.583.173 €;;30.000 €;;32.203.229 €;;;;;;;;;;;;;;;;;;;;;;;;
SECCIÓN 206;;11.448.187 €;;18.536.869 €;;0 €;;605.000 €;;0 €;;1.583.173 €;;30.000 €;;32.203.229 €;;;;;;;;;;;;;;;;;;;;;;;;
