08. FUENCARRAL-EL PARDO. INFORMACIÓN DE DISTRITO Y BARRIOS;;;;;;;;;;;;;;;;;;;;;;;;;;;;;;;;;;;;;;;;;;;;;;;;;;;;;;;;;;;
 ;CIUDAD;;FUENCARRAL-EL PARDO;;El Pardo;;Fuentelarreina;;Peñagrande;;Del Pilar;;La Paz;;Valverde;;Mirasierra;;El Goloso;;;;;;;;;;;;;;;;;;;;;;;;;;;;;;;;;;;;;;;;
1.1 CARACTERÍSTICAS GENERALES DEL DISTRITO-BARRIO;;;;;;;;;;;;;;;;;;;;;;;;;;;;;;;;;;;;;;;;;;;;;;;;;;;;;;;;;;;
Superficie (Ha.) ;60.445,52;;23.783,84;;18.758,34;;138,26;;288,73;;136,32;;215,48;;898,12;;699,28;;2.649,31;;;;;;;;;;;;;;;;;;;;;;;;;;;;;;;;;;;;;;;;
Densidad (hab./Ha.) ;54,37;;10,35;;0,18;;24,20;;152,00;;332,70;;150,11;;70,87;;50,39;;7,20;;;;;;;;;;;;;;;;;;;;;;;;;;;;;;;;;;;;;;;;
1.2. LA POBLACIÓN DEL DISTRITO;;;;;;;;;;;;;;;;;;;;;;;;;;;;;;;;;;;;;;;;;;;;;;;;;;;;;;;;;;;
1.2.1. Estructura de la población (01/01/2022);;;;;;;;;;;;;;;;;;;;;;;;;;;;;;;;;;;;;;;;;;;;;;;;;;;;;;;;;;;
Sexo de la población;100%;3.286.662;7,5%;246.281;1,4%;3.382;1,4%;3.346;17,8%;43.887;18,4%;45.354;13,1%;32.346;25,8%;63.651;14,3%;35.240;7,2%;19.075;;;;;;;;;;;;;;;;;;;;;;;;;;;;;;;;;;;;;;;
Hombres;46,7%;1.534.824;47,1%;115.955;49,8%;1.683;45,2%;1.513;46,4%;20.379;45,5%;20.645;46,6%;15.059;47,6%;30.328;48,0%;16.920;49,4%;9.428;;;;;;;;;;;;;;;;;;;;;;;;;;;;;;;;;;;;;;;
Mujeres;53,3%;1.751.838;52,9%;130.326;50,2%;1.699;54,8%;1.833;53,6%;23.508;54,5%;24.709;53,4%;17.287;52,4%;33.323;52,0%;18.320;50,6%;9.647;;;;;;;;;;;;;;;;;;;;;;;;;;;;;;;;;;;;;;;
Edad media de la población;;44,44;;43,58;;47,54;;45,17;;47,33;;48,83;;50,33;;38,54;;39,35;;34,66;;;;;;;;;;;;;;;;;;;;;;;;;;;;;;;;;;;;;;;
De 0 a 14 años;12,7%;416.413;16,5%;40.626;11,4%;385;16,7%;558;12,1%;5.315;10,1%;4.563;10,8%;3.484;21,3%;13.542;20,8%;7.344;28,5%;5.435;;;;;;;;;;;;;;;;;;;;;;;;;;;;;;;;;;;;;;;
De 15 a 29;16,2%;533.423;14,1%;34.737;13,7%;462;16,0%;536;13,9%;6.080;12,9%;5.868;11,6%;3.754;14,6%;9.307;17,7%;6.250;13,0%;2.480;;;;;;;;;;;;;;;;;;;;;;;;;;;;;;;;;;;;;;;
De 30 a 44;21,7%;713.650;20,4%;50.300;20,0%;678;14,7%;491;19,0%;8.345;21,7%;9.854;18,4%;5.955;22,8%;14.519;17,6%;6.194;22,4%;4.264;;;;;;;;;;;;;;;;;;;;;;;;;;;;;;;;;;;;;;;
De 45 a 64;29,1%;956.577;27,5%;67.693;30,2%;1.020;26,5%;888;27,9%;12.232;26,3%;11.916;23,7%;7.662;29,2%;18.596;28,4%;10.020;28,1%;5.359;;;;;;;;;;;;;;;;;;;;;;;;;;;;;;;;;;;;;;;
De 65 a 79;13,2%;433.244;15,0%;36.850;13,7%;464;17,2%;576;19,6%;8.599;18,4%;8.353;27,5%;8.888;7,9%;5.020;11,6%;4.099;4,5%;851;;;;;;;;;;;;;;;;;;;;;;;;;;;;;;;;;;;;;;;
De 80 y + ;7,1%;233.355;6,5%;16.075;11,0%;373;8,9%;297;7,6%;3.316;10,6%;4.800;8,0%;2.603;4,2%;2.667;3,8%;1.333;3,6%;686;;;;;;;;;;;;;;;;;;;;;;;;;;;;;;;;;;;;;;;
De 65 y +;20,3%;666.599;21,5%;52.925;24,7%;837;26,1%;873;27,1%;11.915;29,0%;13.153;35,5%;11.491;12,1%;7.687;15,4%;5.432;8,1%;1.537;;;;;;;;;;;;;;;;;;;;;;;;;;;;;;;;;;;;;;;
"Población en etapa educativa (De 3 a 16 años, 16 no incluidos; 2021)";13,9%;455.915;17,8%;43.940;12,2%;413;17,5%;584;13,2%;5.785;10,9%;4.962;11,6%;3.743;23,4%;14.902;21,5%;7.588;31,3%;5.963;;;;;;;;;;;;;;;;;;;;;;;;;;;;;;;;;;;;;;;
"Proporción de juventud (Población de 0-15 años/Población total; 2021) ";13,8%;;17,74%;;12,00%;;17,40%;;13,03%;;10,79%;;11,34%;;23,27%;;21,95%;;31,50%;;;;;;;;;;;;;;;;;;;;;;;;;;;;;;;;;;;;;;;;
"Proporción de envejecimiento (Población > 65 años/Población total; 2021)";20,0%;;21,06%;;24,75%;;25,63%;;26,42%;;28,86%;;34,26%;;11,81%;;15,14%;;7,11%;;;;;;;;;;;;;;;;;;;;;;;;;;;;;;;;;;;;;;;;
"Proporción de sobreenvejecimiento (Población>80 años/Población>65 años; 2021)";35,4%;;29,91%;;44,48%;;33,72%;;27,58%;;35,22%;;21,83%;;36,13%;;23,54%;;43,91%;;;;;;;;;;;;;;;;;;;;;;;;;;;;;;;;;;;;;;;;
Índice de envejecimiento activo (2018);;37,0;;;;;;;;;;;;;;;;;;;;;;;;;;;;;;;;;;;;;;;;;;;;;;;;;;;;;;;;;
Hombres;;38,6;;;;;;;;;;;;;;;;;;;;;;;;;;;;;;;;;;;;;;;;;;;;;;;;;;;;;;;;;
Mujeres;;35,8;;;;;;;;;;;;;;;;;;;;;;;;;;;;;;;;;;;;;;;;;;;;;;;;;;;;;;;;;
Proporción de dependencia (Población de 0-15 + población 65 y + / Pob. 16-64) (01/01/2021);51,0%;;63,4%;;58,1%;;75,5%;;65,2%;;65,7%;;83,8%;;54,0%;;59,0%;;62,9%;;;;;;;;;;;;;;;;;;;;;;;;;;;;;;;;;;;;;;;;
Personas con nacionalidad española (01/01/2021);83,3%;2.788.297;89,6%;224.865;93,6%;3.271;93,2%;3.105;90,2%;40.645;85,7%;40.295;92,3%;31.108;86,1%;55.889;95,9%;32.762;93,0%;17.790;;;;;;;;;;;;;;;;;;;;;;;;;;;;;;;;;;;;;;;
Personas con nacionalidad española HOMBRES;46,7%;1.301.434;47,4%;106.594;50,4%;1.649;46,3%;1.439;46,8%;19.026;45,8%;18.445;46,8%;14.557;48,0%;26.820;48,3%;15.828;49,6%;8.830;;;;;;;;;;;;;;;;;;;;;;;;;;;;;;;;;;;;;;;
Personas con nacionalidad española MUJERES;53,3%;1.486.863;52,6%;118.271;49,6%;1.622;53,7%;1.666;53,2%;21.619;54,2%;21.850;53,2%;16.551;52,0%;29.069;51,7%;16.934;50,4%;8.960;;;;;;;;;;;;;;;;;;;;;;;;;;;;;;;;;;;;;;;
Personas con nacionalidad extranjera (01/01/2021);14,1%;523.994;9,1%;22.827;4,9%;172;7,5%;251;8,3%;3.738;12,1%;5.675;5,6%;1.897;12,6%;8.153;5,3%;1.803;6,0%;1.138;;;;;;;;;;;;;;;;;;;;;;;;;;;;;;;;;;;;;;;
Personas con nacionalidad extranjera HOMBRES;46,5%;243.712;43,5%;9.926;43,0%;74;28,7%;72;41,7%;1.558;44,4%;2.518;42,8%;811;45,2%;3.684;38,4%;692;45,4%;517;;;;;;;;;;;;;;;;;;;;;;;;;;;;;;;;;;;;;;;
Personas con nacionalidad extranjera MUJERES;53,5%;280.282;56,5%;12.901;57,0%;98;71,3%;179;58,3%;2.180;55,6%;3.157;57,2%;1086;54,8%;4.469;61,6%;1.111;54,6%;621;;;;;;;;;;;;;;;;;;;;;;;;;;;;;;;;;;;;;;;
Proporción de personas migrantes (Personas extranjeras menos UE y resto países de OCDE / Población total) (01/01/2021);11,2%;;6,2%;;3,4%;;4,7%;;5,8%;;9,1%;;3,5%;;8,9%;;2,3%;;2,8%;;;;;;;;;;;;;;;;;;;;;;;;;;;;;;;;;;;;;;;;
1ª nacionalidad extranjera en el Distrito: VENEZUELA (% respecto total de población extranjera del distrito);8,0%;41.761;10,0%;2292;3,5%;6;1,6%;4;9,2%;343;11,5%;653;7,5%;142;11,5%;940;1,3%;110;1,2%;94;;;;;;;;;;;;;;;;;;;;;;;;;;;;;;;;;;;;;;;
2ª nacionalidad extranjera en el Distrito: CHINA (% respecto total de población extranjera del distrito);7,7%;40.205;7,8%;1.775;4,1%;7;0,0%;0;8,1%;304;8,1%;457;7,2%;136;9,9%;811;0,3%;24;0,4%;36;;;;;;;;;;;;;;;;;;;;;;;;;;;;;;;;;;;;;;;
1.2.2. Estructura de los hogares (01-01-2021);;;;;;;;;;;;;;;;;;;;;;;;;;;;;;;;;;;;;;;;;;;;;;;;;;;;;;;;;;;
Nº total de hogares;100%;1.306.612;7,0%;91.408;1,4%;1.315;1,2%;1.135;18,7%;17.118;21,3%;19.496;13,7%;12.522;25,1%;22.939;18,3%;11.038;7,2%;5.845;;;;;;;;;;;;;;;;;;;;;;;;;;;;;;;;;;;;;;;
Tamaño medio del hogar;;2,54  ;;2,71;;2,62;;2,96;;2,59;;2,36;;2,64;;2,79;;3,13;;3,24;;;;;;;;;;;;;;;;;;;;;;;;;;;;;;;;;;;;;;;
Hogares con una mujer sola >65 años;9,9%;129.292;9,0%;8.208;13,2%;173;10,2%;116;10,4%;1.775;13,3%;2.594;10,7%;1.343;6,5%;1.500;5,5%;604;1,8%;103;;;;;;;;;;;;;;;;;;;;;;;;;;;;;;;;;;;;;;;
Hogares con un hombre solo >65 años;2,9%;38.397;2,6%;2.356;4,0%;52;3,3%;38;3,3%;564;3,4%;671;3,3%;412;1,6%;369;1,8%;199;0,9%;51;;;;;;;;;;;;;;;;;;;;;;;;;;;;;;;;;;;;;;;
Hogares monoparentales: una mujer adulta con uno o más menores;2,0%;26.000;2,6%;2.398;2,2%;29;1,3%;15;2,0%;348;1,5%;300;1,3%;161;3,8%;863;3,0%;335;5,9%;347;;;;;;;;;;;;;;;;;;;;;;;;;;;;;;;;;;;;;;;
Hogares monoparentales: un hombre adulto con uno o más menores;0,4%;5.236;0,7%;682;1,1%;14;0,8%;9;0,5%;93;0,2%;45;0,3%;36;1,2%;273;0,9%;95;2,0%;117;;;;;;;;;;;;;;;;;;;;;;;;;;;;;;;;;;;;;;;
1.2.3. Dinámica demográfica;;;;;;;;;;;;;;;;;;;;;;;;;;;;;;;;;;;;;;;;;;;;;;;;;;;;;;;;;;;
Tasa bruta de natalidad 2020 (‰);;7,8;;8,8;;6,4;;5,7;;6,7;;6,5;;6,2;;10,4;;12,0;;13,8;;;;;;;;;;;;;;;;;;;;;;;;;;;;;;;;;;;;;;;
Tasa de crecimiento demográfico 2020 (%);;-0,7;;-0,9;;-0,8;;1,4;;-1,2;;-1,9;;-1,9;;-1,0;;1,5;;-0,6;;;;;;;;;;;;;;;;;;;;;;;;;;;;;;;;;;;;;;;
Esperanza de vida al nacer MUJERES (mortalidad del periodo 2013-2016);;87,5;;87,9;;85,9;;87,5;;87,4;;88,4;;87,3;;87,0;;86,2;;107,4;;;;;;;;;;;;;;;;;;;;;;;;;;;;;;;;;;;;;;;
Esperanza de vida al nacer HOMBRES (mortalidad del periodo 2013-2016);;81,9;;83,1;;80,0;;84,7;;83,2;;82,1;;84,0;;81,7;;82,5;;93,7;;;;;;;;;;;;;;;;;;;;;;;;;;;;;;;;;;;;;;;
Esperanza de vida al nacer MUJERES (2020);;85,2;;85,3;;;;;;;;;;;;;;;;;;;;;;;;;;;;;;;;;;;;;;;;;;;;;;;;;;;;;;;
Esperanza de vida al nacer HOMBRES (2020);;79,3;;79,9;;;;;;;;;;;;;;;;;;;;;;;;;;;;;;;;;;;;;;;;;;;;;;;;;;;;;;;
Esperanza de vida > 65 años MUJERES (2020);;22,4;;22,3;;;;;;;;;;;;;;;;;;;;;;;;;;;;;;;;;;;;;;;;;;;;;;;;;;;;;;;
Esperanza de vida > 65 años HOMBRES (2020);;17,7;;18,3;;;;;;;;;;;;;;;;;;;;;;;;;;;;;;;;;;;;;;;;;;;;;;;;;;;;;;;
1.2.4. Mujeres y hombres;;;;;;;;;;;;;;;;;;;;;;;;;;;;;;;;;;;;;;;;;;;;;;;;;;;;;;;;;;;
Índice de desigualdad de género (2019);;0,842;;;;;;;;;;;;;;;;;;;;;;;;;;;;;;;;;;;;;;;;;;;;;;;;;;;;;;;;;
Índice de desigualdad de género (2009);;0,795;;;;;;;;;;;;;;;;;;;;;;;;;;;;;;;;;;;;;;;;;;;;;;;;;;;;;;;;;
1.3. INDICADORES ECONÓMICOS ;;;;;;;;;;;;;;;;;;;;;;;;;;;;;;;;;;;;;;;;;;;;;;;;;;;;;;;;;;;
Renta neta media anual de los hogares (Urban Audit). 2018;;42.283,0 €;125%;52.858,0 €;74%;38.883,1 €;172%;90.678,0 €;93%;48.909,2 €;67%;35.593,9 €;117%;61.899,3 €;88%;46.290,1 €;137%;72.361 €;128%;67.420 €;;;;;;;;;;;;;;;;;;;;;;;;;;;;;;;;;;;;;;;
Renta disponible Bruta Per Cápita 2019 ;;21.638,0 €;;25.933 €;;;;;;;;;;;;;;;;;;;;;;;;;;;;;;;;;;;;;;;;;;;;;;;;;;;;;;;
Pensión media mensual del Distrito HOMBRES (2020);;1.521,8 €;112%;1.708,4 €;89%;1.526,5 €;117%;1.995,0 €;98%;1.677,5 €;92%;1.577,9 €;116%;1.977,3 €;86%;1.471,2 €;113%; 1.923,1 € ;84%; 1.430,4 € ;;;;;;;;;;;;;;;;;;;;;;;;;;;;;;;;;;;;;;;
Pensión media mensual del Distrito MUJERES (2020);;1.146,5 €;110%;1.266,3 €;91%;1.148,4 €;111%;1.401,9 €;99%;1.258,5 €;92%;1.159,3 €;118%;1.499,6 €;88%;1.114,5 €;114%; 1.445,6 € ;85%; 1.082,7 € ;;;;;;;;;;;;;;;;;;;;;;;;;;;;;;;;;;;;;;;
1.4. INDICADORES DE DESEMPLEO;;;;;;;;;;;;;;;;;;;;;;;;;;;;;;;;;;;;;;;;;;;;;;;;;;;;;;;;;;;
Tasa de actividad global ciudad de Madrid (EPA. 4º trimestre 2021);62,9;;;;;;;;;;;;;;;;;;;;;;;;;;;;;;;;;;;;;;;;;;;;;;;;;;;;;;;;;;
Hombres ;67,9;;;;;;;;;;;;;;;;;;;;;;;;;;;;;;;;;;;;;;;;;;;;;;;;;;;;;;;;;;
Mujeres;58,5;;;;;;;;;;;;;;;;;;;;;;;;;;;;;;;;;;;;;;;;;;;;;;;;;;;;;;;;;;
Número de personas paradas en la ciudad de Madrid (EPA. 4º trimestre 2021) (miles);;175,6;;;;;;;;;;;;;;;;;;;;;;;;;;;;;;;;;;;;;;;;;;;;;;;;;;;;;;;;;
Hombres (miles);;79,7;;;;;;;;;;;;;;;;;;;;;;;;;;;;;;;;;;;;;;;;;;;;;;;;;;;;;;;;;
Mujeres (miles);;95,8;;;;;;;;;;;;;;;;;;;;;;;;;;;;;;;;;;;;;;;;;;;;;;;;;;;;;;;;;
Paro registrado (nº de personas registradas en SEPE en febrero 2022);;160.316;5,3%;8.500;1,6%;135;0,7%;56;19,3%;1.644;22,5%;1.914;9,7%;821;29,2%;2.485;10,2%;867;4,8%;406;;;;;;;;;;;;;;;;;;;;;;;;;;;;;;;;;;;;;;;
Tasa absoluta de paro registrado (febrero 2022);7,33;;5,63;;6,35;;3,03;;6,36;;7,10;;4,88;;6,06;;4,00;;3,49;;;;;;;;;;;;;;;;;;;;;;;;;;;;;;;;;;;;;;;;
Tasa absoluta de paro registrado HOMBRES ;6,52;;4,80;;5,06;;2,39;;5,61;;6,26;;3,97;;5,16;;3,23;;2,81;;;;;;;;;;;;;;;;;;;;;;;;;;;;;;;;;;;;;;;;
De 16 a 24 años;3,33;;1,83;;2,12;;0,63;;2,39;;2,33;;1,02;;2,61;;0,73;;1,00;;;;;;;;;;;;;;;;;;;;;;;;;;;;;;;;;;;;;;;;
De 25 a 44 años;5,45;;3,98;;2,82;;2,73;;4,65;;4,73;;3,60;;4,41;;2,73;;1,96;;;;;;;;;;;;;;;;;;;;;;;;;;;;;;;;;;;;;;;;
De 45 a 64 años;8,63;;6,51;;8,04;;2,89;;7,50;;8,98;;5,27;;6,63;;4,69;;4,05;;;;;;;;;;;;;;;;;;;;;;;;;;;;;;;;;;;;;;;;
Tasa absoluta de paro registrado MUJERES ;8,08;;6,39;;7,92;;3,56;;7,03;;7,87;;5,70;;6,88;;4,70;;4,16;;;;;;;;;;;;;;;;;;;;;;;;;;;;;;;;;;;;;;;;
De 16 a 24 años;3,34;;1,93;;1,08;;0,64;;2,13;;2,66;;1,07;;2,71;;1,16;;0,77;;;;;;;;;;;;;;;;;;;;;;;;;;;;;;;;;;;;;;;;
De 25 a 44 años;7,30;;5,61;;7,60;;2,58;;5,74;;6,79;;4,39;;6,68;;3,77;;3,40;;;;;;;;;;;;;;;;;;;;;;;;;;;;;;;;;;;;;;;;
De 45 a 64 años;10,17;;8,35;;9,47;;5,21;;9,34;;10,16;;7,95;;8,30;;6,74;;5,93;;;;;;;;;;;;;;;;;;;;;;;;;;;;;;;;;;;;;;;;
Personas paradas de larga duración (febrero 2022);51,9%;83.245;52,7%;4.476;;;;;;;;;;;;;;;;;;;;;;;;;;;;;;;;;;;;;;;;;;;;;;;;;;;;;;;
Hombres;38,9%;32.359;36,3%;1.623;;;;;;;;;;;;;;;;;;;;;;;;;;;;;;;;;;;;;;;;;;;;;;;;;;;;;;;
Mujeres ;61,1%;50.886;63,7%;2.853;;;;;;;;;;;;;;;;;;;;;;;;;;;;;;;;;;;;;;;;;;;;;;;;;;;;;;;
Personas paradas que SI perciben prestaciones (febrero 2022);42,4%;68.028;45,7%;3.888;;;;;;;;;;;;;;;;;;;;;;;;;;;;;;;;;;;;;;;;;;;;;;;;;;;;;;;
Hombres;47,3%;32.178;44,8%;1.740;;;;;;;;;;;;;;;;;;;;;;;;;;;;;;;;;;;;;;;;;;;;;;;;;;;;;;;
Mujeres ;52,7%;35.850;55,2%;2.148;;;;;;;;;;;;;;;;;;;;;;;;;;;;;;;;;;;;;;;;;;;;;;;;;;;;;;;
Personas paradas que NO perciben prestaciones (febrero 2022);57,6%;92.288;54,3%;4.612;;;;;;;;;;;;;;;;;;;;;;;;;;;;;;;;;;;;;;;;;;;;;;;;;;;;;;;
Hombres;39,5%;36.473;37,6%;1.732;;;;;;;;;;;;;;;;;;;;;;;;;;;;;;;;;;;;;;;;;;;;;;;;;;;;;;;
Mujeres ;60,5%;55.815;62,4%;2.880;;;;;;;;;;;;;;;;;;;;;;;;;;;;;;;;;;;;;;;;;;;;;;;;;;;;;;;
1.5. EDUCACIÓN;;;;;;;;;;;;;;;;;;;;;;;;;;;;;;;;;;;;;;;;;;;;;;;;;;;;;;;;;;;
1.5.1. Población en etapas educativas (01/01/2021);100,0%;455.915;100%;43.940;100%;413;100%;584;100%;5.785;100%;4.962;100%;3.743;100%;14.902;100%;7.588;100%;5.963;;;;;;;;;;;;;;;;;;;;;;;;;;;;;;;;;;;;;;;
0 a 2 años;17,2%;78.328;16,3%;7.143;16,7%;69;14,7%;86;16,1%;929;19,0%;942;18,4%;687;14,8%;2.211;17,5%;1.330;14,9%;889;;;;;;;;;;;;;;;;;;;;;;;;;;;;;;;;;;;;;;;
Infantil (3 a 5 años);18,5%;84.424;19,2%;8.424;21,8%;90;17,5%;102;17,8%;1.028;20,0%;994;20,5%;768;19,3%;2.875;19,2%;1.455;18,6%;1.112;;;;;;;;;;;;;;;;;;;;;;;;;;;;;;;;;;;;;;;
Primaria (6 a 11 años);38,4%;175.023;40,7%;17.867;38,3%;158;42,3%;247;39,8%;2.303;37,4%;1.856;38,4%;1.436;42,5%;6.338;38,8%;2.946;43,3%;2.583;;;;;;;;;;;;;;;;;;;;;;;;;;;;;;;;;;;;;;;
Secundaria (12 a 15 años);25,9%;118.140;23,9%;10.506;23,2%;96;25,5%;149;26,4%;1.525;23,6%;1.170;22,8%;852;23,3%;3.478;24,5%;1.857;23,1%;1.379;;;;;;;;;;;;;;;;;;;;;;;;;;;;;;;;;;;;;;;
Etapas educativas. Total niños;51,1%;233.089;51,5%;22.610;50,8%;210;50,9%;297;51,6%;2.984;51,9%;2.573;51,1%;1.914;51,7%;7.700;50,8%;3.854;51,6%;3.078;;;;;;;;;;;;;;;;;;;;;;;;;;;;;;;;;;;;;;;
0 a 2 años;17,1%;39.956;16,0%;3.628;15,7%;33;15,2%;45;16,0%;478;18,6%;479;17,7%;338;14,8%;1.142;8,6%;653;7,7%;460;;;;;;;;;;;;;;;;;;;;;;;;;;;;;;;;;;;;;;;
Infantil (3 a 5 años);18,6%;43.338;19,2%;4.333;20,0%;42;19,9%;59;17,7%;528;19,6%;504;19,7%;377;19,8%;1.526;9,5%;718;9,7%;579;;;;;;;;;;;;;;;;;;;;;;;;;;;;;;;;;;;;;;;
Primaria (6 a 11 años);38,4%;89.462;41,0%;9.271;42,9%;90;41,4%;123;40,0%;1.193;38,3%;985;40,2%;769;42,2%;3.249;19,8%;1.506;22,7%;1.356;;;;;;;;;;;;;;;;;;;;;;;;;;;;;;;;;;;;;;;
Secundaria (12 a 15 años);25,9%;60.333;23,8%;5.378;21,4%;45;23,6%;70;26,3%;785;23,5%;605;22,5%;430;23,2%;1.783;12,9%;977;11,5%;683;;;;;;;;;;;;;;;;;;;;;;;;;;;;;;;;;;;;;;;
Etapas educativas. Total niñas;48,9%;222.826;48,5%;21.330;49,2%;203;49,1%;287;48,4%;2.801;48,1%;2.389;48,9%;1.829;48,3%;7.202;49,2%;3.734;48,4%;2.885;;;;;;;;;;;;;;;;;;;;;;;;;;;;;;;;;;;;;;;
0 a 2 años;17,2%;38.372;16,5%;3.515;17,7%;36;14,3%;41;16,1%;451;19,4%;463;19,1%;349;14,8%;1.069;18,1%;677;14,9%;429;;;;;;;;;;;;;;;;;;;;;;;;;;;;;;;;;;;;;;;
Infantil (3 a 5 años);18,4%;41.086;19,2%;4.091;23,6%;48;15,0%;43;17,9%;500;20,5%;490;21,4%;391;18,7%;1.349;19,7%;737;18,5%;533;;;;;;;;;;;;;;;;;;;;;;;;;;;;;;;;;;;;;;;
Primaria (6 a 11 años);38,4%;85.561;40,3%;8.596;33,5%;68;43,2%;124;39,6%;1.110;36,5%;871;36,5%;667;42,9%;3.089;38,6%;1.440;42,5%;1.227;;;;;;;;;;;;;;;;;;;;;;;;;;;;;;;;;;;;;;;
Secundaria (12 a 15 años);25,9%;57.807;24,0%;5.128;25,1%;51;27,5%;79;26,4%;740;23,7%;565;23,1%;422;23,5%;1.695;23,6%;880;24,1%;696;;;;;;;;;;;;;;;;;;;;;;;;;;;;;;;;;;;;;;;
1.5.2. Escolarización del alumnado por tipo de centro (año escolar 2019/20);100,0%;531.839;100%;49.927;;;;;;;;;;;;;;;;;;;;;;;;;;;;;;;;;;;;;;;;;;;;;;;;;;;;;;;
En centros PRIVADOS CONCERTADOS;42,4%;225.516;39,9%;19.916;;;;;;;;;;;;;;;;;;;;;;;;;;;;;;;;;;;;;;;;;;;;;;;;;;;;;;;
En centros PRIVADOS SIN CONCIERTO;18,4%;97.728;21,5%;10.741;;;;;;;;;;;;;;;;;;;;;;;;;;;;;;;;;;;;;;;;;;;;;;;;;;;;;;;
En centros PÚBLICOS;39,2%;208.595;38,6%;19.270;;;;;;;;;;;;;;;;;;;;;;;;;;;;;;;;;;;;;;;;;;;;;;;;;;;;;;;
Total alumnos extranjeros;11,7%;62.112;5,9%;2.936;;;;;;;;;;;;;;;;;;;;;;;;;;;;;;;;;;;;;;;;;;;;;;;;;;;;;;;
En centros PRIVADOS CONCERTADOS;34,0%;21.142;29,1%;853;;;;;;;;;;;;;;;;;;;;;;;;;;;;;;;;;;;;;;;;;;;;;;;;;;;;;;;
En centros PRIVADOS SIN CONCIERTO;9,9%;6.167;5,4%;160;;;;;;;;;;;;;;;;;;;;;;;;;;;;;;;;;;;;;;;;;;;;;;;;;;;;;;;
En centros PÚBLICOS;56,0%;34.803;65,5%;1.923;;;;;;;;;;;;;;;;;;;;;;;;;;;;;;;;;;;;;;;;;;;;;;;;;;;;;;;
Total alumnos con necesidades de apoyo educativo;4,7%;25.160;4,1%;2.041;;;;;;;;;;;;;;;;;;;;;;;;;;;;;;;;;;;;;;;;;;;;;;;;;;;;;;;
En centros PRIVADOS CONCERTADOS;44,4%;11.161;46,6%;951;;;;;;;;;;;;;;;;;;;;;;;;;;;;;;;;;;;;;;;;;;;;;;;;;;;;;;;
En centros PRIVADOS SIN CONCIERTO;4,3%;1.082;7,7%;158;;;;;;;;;;;;;;;;;;;;;;;;;;;;;;;;;;;;;;;;;;;;;;;;;;;;;;;
En centros PÚBLICOS;51,3%;12.917;45,7%;932;;;;;;;;;;;;;;;;;;;;;;;;;;;;;;;;;;;;;;;;;;;;;;;;;;;;;;;
1.5.3. Nivel de estudios de la población ≥ 25 años (01/01/2021);;;;;;;;;;;;;;;;;;;;;;;;;;;;;;;;;;;;;;;;;;;;;;;;;;;;;;;;;;;
No sabe leer ni escribir o sin estudios;4,2%;108.764;3,0%;5.610;4,6%;128;1,1%;26;3,8%;1.319;4,6%;1.746;1,5%;419;3,2%;1.413;1,6%;375;1,6%;184;;;;;;;;;;;;;;;;;;;;;;;;;;;;;;;;;;;;;;;
Primaria incompleta;10,5%;270.260;8,1%;14.888;13,0%;362;3,2%;77;9,6%;3.349;12,9%;4.906;6,3%;1.725;7,4%;3.274;3,5%;814;3,3%;381;;;;;;;;;;;;;;;;;;;;;;;;;;;;;;;;;;;;;;;
Bachiller Elemental, Graduado Escolar, ESO, Formación profesional 1º grado;26,4%;676.508;20,3%;37.432;29,7%;830;11,8%;285;23,5%;8.228;28,0%;10.628;16,8%;4.557;21,2%;9.310;10,6%;2.447;10,0%;1.147;;;;;;;;;;;;;;;;;;;;;;;;;;;;;;;;;;;;;;;
Formación profesional 2º grado, Bachiller Superior o BUP;19,4%;497.456;18,8%;34.520;25,4%;709;15,9%;385;19,9%;6.965;19,7%;7.484;19,9%;5.398;18,1%;7.942;16,9%;3.894;15,1%;1.743;;;;;;;;;;;;;;;;;;;;;;;;;;;;;;;;;;;;;;;
Titulaciones medias, diplomatura, arquitectura o ingeniería técnica;9,2%;236.829;11,2%;20.658;8,9%;249;9,1%;220;10,8%;3.802;9,5%;3.610;13,0%;3.542;11,5%;5.049;11,3%;2.611;13,7%;1.575;;;;;;;;;;;;;;;;;;;;;;;;;;;;;;;;;;;;;;;
Estudios superiores, licenciatura, arquitectura superior, estudios superiores no universitarios, docturado, estudios de posgrado;30,2%;774.430;38,5%;70.738;18,4%;515;59,0%;1.430;32,5%;11.383;25,3%;9.609;42,4%;11.512;38,5%;16.945;55,9%;12.871;56,3%;6.473;;;;;;;;;;;;;;;;;;;;;;;;;;;;;;;;;;;;;;;
Nivel de estudios desconocido y no consta;0,1%;2.829;0,1%;121;0,0%;0;0,1%;2;0,0%;16;0,1%;35;0,1%;17;0,1%;29;0,1%;20;0,0%;2;;;;;;;;;;;;;;;;;;;;;;;;;;;;;;;;;;;;;;;
1.5.4. Programa de prevención y control del absentismo escolar;;2.567.076;1;183.967;1;2.793;1;2.425;1;35.062;1;38.018;1;27.170;1;43.962;1;23.032;1;11.505;;;;;;;;;;;;;;;;;;;;;;;;;;;;;;;;;;;;;;;
Casos trabajados por el programa de absentismo municipal (curso escolar 2020-2021);100,0%;5.307;4,1%;216;;;;;;;;;;;;;;;;;;;;;;;;;;;;;;;;;;;;;;;;;;;;;;;;;;;;;;;
Casos trabajados HOMBRES;52,2%;2.772;54,2%;117;;;;;;;;;;;;;;;;;;;;;;;;;;;;;;;;;;;;;;;;;;;;;;;;;;;;;;;
Casos trabajados MUJERES;47,8%;2.535;45,8%;99;;;;;;;;;;;;;;;;;;;;;;;;;;;;;;;;;;;;;;;;;;;;;;;;;;;;;;;
1.6. SALUD;;;;;;;;;;;;;;;;;;;;;;;;;;;;;;;;;;;;;;;;;;;;;;;;;;;;;;;;;;;
1.6.1. Hábitos y estilos de vida (2018. Estudio Madrid Salud);;;;;;;;;;;;;;;;;;;;;;;;;;;;;;;;;;;;;;;;;;;;;;;;;;;;;;;;;;;
Sedentarismo;30,0%;;28,7%;;;;;;;;;;;;;;;;;;;;;;;;;;;;;;;;;;;;;;;;;;;;;;;;;;;;;;;;
Sedentarismo HOMBRES ;25,2%;;;;;;;;;;;;;;;;;;;;;;;;;;;;;;;;;;;;;;;;;;;;;;;;;;;;;;;;;;
Sedentarismo MUJERES ;34,0%;;;;;;;;;;;;;;;;;;;;;;;;;;;;;;;;;;;;;;;;;;;;;;;;;;;;;;;;;;
Consumo de tabaco diario;18,9%;;16,3%;;;;;;;;;;;;;;;;;;;;;;;;;;;;;;;;;;;;;;;;;;;;;;;;;;;;;;;;
Consumo de tabaco diario HOMBRES;20,2%;;;;;;;;;;;;;;;;;;;;;;;;;;;;;;;;;;;;;;;;;;;;;;;;;;;;;;;;;;
Consumo de tabaco diario MUJERES ;17,9%;;;;;;;;;;;;;;;;;;;;;;;;;;;;;;;;;;;;;;;;;;;;;;;;;;;;;;;;;;
Consumo de medicamentos ;66,3%;;65,9%;;;;;;;;;;;;;;;;;;;;;;;;;;;;;;;;;;;;;;;;;;;;;;;;;;;;;;;;
Consumo de medicamentos HOMBRES  ;62,4%;;;;;;;;;;;;;;;;;;;;;;;;;;;;;;;;;;;;;;;;;;;;;;;;;;;;;;;;;;
Consumo de medicamentos MUJERES ;69,7%;;;;;;;;;;;;;;;;;;;;;;;;;;;;;;;;;;;;;;;;;;;;;;;;;;;;;;;;;;
1.6.2. Indicadores de nivel de salud (2018. Estudio Madrid Salud);;;;;;;;;;;;;;;;;;;;;;;;;;;;;;;;;;;;;;;;;;;;;;;;;;;;;;;;;;;
Autopercepción de buen estado de salud  (% respuesta muy buena + buena);72,3%;;73,2%;;;;;;;;;;;;;;;;;;;;;;;;;;;;;;;;;;;;;;;;;;;;;;;;;;;;;;;;
Autopercepción de buen estado de salud HOMBRES ;77,4%;;;;;;;;;;;;;;;;;;;;;;;;;;;;;;;;;;;;;;;;;;;;;;;;;;;;;;;;;;
Autopercepción de buen estado de salud MUJERES ;68,0%;;;;;;;;;;;;;;;;;;;;;;;;;;;;;;;;;;;;;;;;;;;;;;;;;;;;;;;;;;
Calidad de vida relacionada con la salud (CVRS) ;20,2%;;20,1%;;;;;;;;;;;;;;;;;;;;;;;;;;;;;;;;;;;;;;;;;;;;;;;;;;;;;;;;
Calidad de vida relacionada con la salud (CVRS) HOMBRES;19,0%;;;;;;;;;;;;;;;;;;;;;;;;;;;;;;;;;;;;;;;;;;;;;;;;;;;;;;;;;;
Calidad de vida relacionada con la salud (CVRS) MUJERES;21,1%;;;;;;;;;;;;;;;;;;;;;;;;;;;;;;;;;;;;;;;;;;;;;;;;;;;;;;;;;;
Presencia de enfermedad crónica ;39,8%;;37,1%;;;;;;;;;;;;;;;;;;;;;;;;;;;;;;;;;;;;;;;;;;;;;;;;;;;;;;;;
Presencia de enfermedad crónica HOMBRES ;36,6%;;;;;;;;;;;;;;;;;;;;;;;;;;;;;;;;;;;;;;;;;;;;;;;;;;;;;;;;;;
Presencia de enfermedad crónica MUJERES;42,4%;;;;;;;;;;;;;;;;;;;;;;;;;;;;;;;;;;;;;;;;;;;;;;;;;;;;;;;;;;
Hipertensión arterial;18,8%;;16,5%;;;;;;;;;;;;;;;;;;;;;;;;;;;;;;;;;;;;;;;;;;;;;;;;;;;;;;;;
Hipertensión arterial HOMBRES;19,7%;;;;;;;;;;;;;;;;;;;;;;;;;;;;;;;;;;;;;;;;;;;;;;;;;;;;;;;;;;
Hipertensión arterial MUJERES;18,1%;;;;;;;;;;;;;;;;;;;;;;;;;;;;;;;;;;;;;;;;;;;;;;;;;;;;;;;;;;
Diabetes Mellitus;6,0%;;5,3%;;;;;;;;;;;;;;;;;;;;;;;;;;;;;;;;;;;;;;;;;;;;;;;;;;;;;;;;
Diabetes Mellitus HOMBRES;6,9%;;;;;;;;;;;;;;;;;;;;;;;;;;;;;;;;;;;;;;;;;;;;;;;;;;;;;;;;;;
Diabetes Mellitus MUJERES;5,3%;;;;;;;;;;;;;;;;;;;;;;;;;;;;;;;;;;;;;;;;;;;;;;;;;;;;;;;;;;
Personas con obesidad ;12,2%;;10,9%;;;;;;;;;;;;;;;;;;;;;;;;;;;;;;;;;;;;;;;;;;;;;;;;;;;;;;;;
Personas con obesidad HOMBRES ;13,3%;;;;;;;;;;;;;;;;;;;;;;;;;;;;;;;;;;;;;;;;;;;;;;;;;;;;;;;;;;
Personas con obesidad MUJERES;11,2%;;;;;;;;;;;;;;;;;;;;;;;;;;;;;;;;;;;;;;;;;;;;;;;;;;;;;;;;;;
Personas con sobrepeso;33,5%;;33,3%;;;;;;;;;;;;;;;;;;;;;;;;;;;;;;;;;;;;;;;;;;;;;;;;;;;;;;;;
Personas con sobrepeso HOMBRES;41,1%;;;;;;;;;;;;;;;;;;;;;;;;;;;;;;;;;;;;;;;;;;;;;;;;;;;;;;;;;;
Personas con sobrepeso MUJERES;27,0%;;;;;;;;;;;;;;;;;;;;;;;;;;;;;;;;;;;;;;;;;;;;;;;;;;;;;;;;;;
Personas mayores de 65 años con alguna dependencia funcional;32,4%;;35,3%;;;;;;;;;;;;;;;;;;;;;;;;;;;;;;;;;;;;;;;;;;;;;;;;;;;;;;;;
Alguna dependencia funcional HOMBRES ;39,1%;;;;;;;;;;;;;;;;;;;;;;;;;;;;;;;;;;;;;;;;;;;;;;;;;;;;;;;;;;
Alguna dependencia funcional MUJERES;48,6%;;;;;;;;;;;;;;;;;;;;;;;;;;;;;;;;;;;;;;;;;;;;;;;;;;;;;;;;;;
Prevalencia de obesidad en la población infantil (2017. Estudio Madrid Salud. UCM);15,8%;;11,5%;;;;;;;;;;;;;;;;;;;;;;;;;;;;;;;;;;;;;;;;;;;;;;;;;;;;;;;;
Probabilidad de padecer enfermedad mental (GHQ-12);21,1%;;21,1%;;;;;;;;;;;;;;;;;;;;;;;;;;;;;;;;;;;;;;;;;;;;;;;;;;;;;;;;
Probabilidad de padecer enfermedad mental (GHQ-12) HOMBRES;16,6%;;;;;;;;;;;;;;;;;;;;;;;;;;;;;;;;;;;;;;;;;;;;;;;;;;;;;;;;;;
Probabilidad de padecer enfermedad (GHQ-12) MUJERES;24,9%;;;;;;;;;;;;;;;;;;;;;;;;;;;;;;;;;;;;;;;;;;;;;;;;;;;;;;;;;;
1.6.3. Riesgo de mala salud mental en personas de 18 años o más (GHQ-12) Ciudad de Madrid (ENS, 2017, Abril y Octubre de 2020);;;;;;;;;;;;;;;;;;;;;;;;;;;;;;;;;;;;;;;;;;;;;;;;;;;;;;;;;;;
Probabilidad de padecer enfermedad mental (GHQ-12) Abril 2020;57,6%;;;;;;;;;;;;;;;;;;;;;;;;;;;;;;;;;;;;;;;;;;;;;;;;;;;;;;;;;;
Probabilidad de padecer enfermedad mental (GHQ-12) HOMBRES Abril 2020;55,5%;;;;;;;;;;;;;;;;;;;;;;;;;;;;;;;;;;;;;;;;;;;;;;;;;;;;;;;;;;
Probabilidad de padecer enfermedad mental (GHQ-12) MUJERES Abril 2020;59,5%;;;;;;;;;;;;;;;;;;;;;;;;;;;;;;;;;;;;;;;;;;;;;;;;;;;;;;;;;;
Probabilidad de padecer enfermedad mental (GHQ-12) Octubre 2020;49,8%;;;;;;;;;;;;;;;;;;;;;;;;;;;;;;;;;;;;;;;;;;;;;;;;;;;;;;;;;;
Probabilidad de padecer enfermedad mental (GHQ-12) HOMBRES Octubre 2020;39,6%;;;;;;;;;;;;;;;;;;;;;;;;;;;;;;;;;;;;;;;;;;;;;;;;;;;;;;;;;;
Probabilidad de padecer enfermedad mental(GHQ-12)  MUJERES Octubre 2020;58,6%;;;;;;;;;;;;;;;;;;;;;;;;;;;;;;;;;;;;;;;;;;;;;;;;;;;;;;;;;;
Probabilidad de padecer enfermedad mental (GHQ-12)   entre 18-29 años (ENS, 2017);13,9%;;;;;;;;;;;;;;;;;;;;;;;;;;;;;;;;;;;;;;;;;;;;;;;;;;;;;;;;;;
Probabilidad de padecer enfermedad mental (GHQ-12)   entre 30-44 años (ENS, 2017);15,3%;;;;;;;;;;;;;;;;;;;;;;;;;;;;;;;;;;;;;;;;;;;;;;;;;;;;;;;;;;
Probabilidad de padecer enfermedad mental (GHQ-12)   entre 45-64 años (ENS, 2017);19,6%;;;;;;;;;;;;;;;;;;;;;;;;;;;;;;;;;;;;;;;;;;;;;;;;;;;;;;;;;;
Probabilidad de padecer enfermedad mental (GHQ-12)   entre 65 y más años (ENS, 2017);22,7%;;;;;;;;;;;;;;;;;;;;;;;;;;;;;;;;;;;;;;;;;;;;;;;;;;;;;;;;;;
Probabilidad de padecer enfermedad mental (GHQ-12)   entre 18-29 años (Abril, 2020);67,4%;;;;;;;;;;;;;;;;;;;;;;;;;;;;;;;;;;;;;;;;;;;;;;;;;;;;;;;;;;
Probabilidad de padecer enfermedad mental (GHQ-12)   entre 30-44 años (Abril, 2020);66,3%;;;;;;;;;;;;;;;;;;;;;;;;;;;;;;;;;;;;;;;;;;;;;;;;;;;;;;;;;;
Probabilidad de padecer enfermedad mental (GHQ-12)   entre 45-64 años (Abril, 2020);59,1%;;;;;;;;;;;;;;;;;;;;;;;;;;;;;;;;;;;;;;;;;;;;;;;;;;;;;;;;;;
Probabilidad de padecer enfermedad mental (GHQ-12)   entre 65 y más años (Abril, 2020);37,6%;;;;;;;;;;;;;;;;;;;;;;;;;;;;;;;;;;;;;;;;;;;;;;;;;;;;;;;;;;
Probabilidad de padecer enfermedad mental (GHQ-12)   entre 18-29 años  (Octubre, 2020);52,2%;;;;;;;;;;;;;;;;;;;;;;;;;;;;;;;;;;;;;;;;;;;;;;;;;;;;;;;;;;
Probabilidad de padecer enfermedad mental (GHQ-12)   entre 30-44 años  (Octubre, 2020);57,1%;;;;;;;;;;;;;;;;;;;;;;;;;;;;;;;;;;;;;;;;;;;;;;;;;;;;;;;;;;
Probabilidad de padecer enfermedad mental (GHQ-12)   entre 45-64 años  (Octubre, 2020);50,0%;;;;;;;;;;;;;;;;;;;;;;;;;;;;;;;;;;;;;;;;;;;;;;;;;;;;;;;;;;
Probabilidad de padecer enfermedad mental (GHQ-12)   entre 65 y más años (Octubre, 2020);39,4%;;;;;;;;;;;;;;;;;;;;;;;;;;;;;;;;;;;;;;;;;;;;;;;;;;;;;;;;;;
1.6.4. Discapacidad reconocida (2020);;;;;;;;;;;;;;;;;;;;;;;;;;;;;;;;;;;;;;;;;;;;;;;;;;;;;;;;;;;
Nº de personas con grado de discapacidad reconocido;6,2%;207.714;6,1%;12.614;;;;;;;;;;;;;;;;;;;;;;;;;;;;;;;;;;;;;;;;;;;;;;;;;;;;;;;
Hombres;47,8%;99.335;48,1%;6.064;;;;;;;;;;;;;;;;;;;;;;;;;;;;;;;;;;;;;;;;;;;;;;;;;;;;;;;
Mujeres;52,2%;108.379;51,9%;6.550;;;;;;;;;;;;;;;;;;;;;;;;;;;;;;;;;;;;;;;;;;;;;;;;;;;;;;;
Mujeres por cada 100 hombres (Feminización de la discapacidad reconocida);;109,1;;108,0;;;;;;;;;;;;;;;;;;;;;;;;;;;;;;;;;;;;;;;;;;;;;;;;;;;;;;;
1.7. CALIDAD DE VIDA  (2021);;;;;;;;;;;;;;;;;;;;;;;;;;;;;;;;;;;;;;;;;;;;;;;;;;;;;;;;;;;
1.7.1. Calidad de vida y agenda pública ;;;;;;;;;;;;;;;;;;;;;;;;;;;;;;;;;;;;;;;;;;;;;;;;;;;;;;;;;;;
Satisfacción de vivir en su barrio ;;7,6;;8,1;;;;;;;;;;;;;;;;;;;;;;;;;;;;;;;;;;;;;;;;;;;;;;;;;;;;;;;
Calidad de vida actual en su barrio ;;7,2;;7,8;;;;;;;;;;;;;;;;;;;;;;;;;;;;;;;;;;;;;;;;;;;;;;;;;;;;;;;
Convivencia vecinal;;7,1;;7,4;;;;;;;;;;;;;;;;;;;;;;;;;;;;;;;;;;;;;;;;;;;;;;;;;;;;;;;
1.7.2. Satisfacción con los servicios públicos (escala 0-10);;;;;;;;;;;;;;;;;;;;;;;;;;;;;;;;;;;;;;;;;;;;;;;;;;;;;;;;;;;
Espacios verdes;;7,0;;7,2;;;;;;;;;;;;;;;;;;;;;;;;;;;;;;;;;;;;;;;;;;;;;;;;;;;;;;;
Parques infantiles ;;6,6;;6,9;;;;;;;;;;;;;;;;;;;;;;;;;;;;;;;;;;;;;;;;;;;;;;;;;;;;;;;
Centros culturales;;6,9;;7,0;;;;;;;;;;;;;;;;;;;;;;;;;;;;;;;;;;;;;;;;;;;;;;;;;;;;;;;
Organización de fiestas y eventos populares;;7,0;;7,2;;;;;;;;;;;;;;;;;;;;;;;;;;;;;;;;;;;;;;;;;;;;;;;;;;;;;;;
Instalaciones deportivas;;6,9;;7,0;;;;;;;;;;;;;;;;;;;;;;;;;;;;;;;;;;;;;;;;;;;;;;;;;;;;;;;
Servicios sociales municipales;;6,5;;6,7;;;;;;;;;;;;;;;;;;;;;;;;;;;;;;;;;;;;;;;;;;;;;;;;;;;;;;;
1.7.3. Principales problemas de la ciudadanía (% personas encuestadas);;;;;;;;;;;;;;;;;;;;;;;;;;;;;;;;;;;;;;;;;;;;;;;;;;;;;;;;;;;
1º. Limpieza;;28,9;;24,5;;;;;;;;;;;;;;;;;;;;;;;;;;;;;;;;;;;;;;;;;;;;;;;;;;;;;;;
2º. Contaminación del aire;;24,7;;29,7;;;;;;;;;;;;;;;;;;;;;;;;;;;;;;;;;;;;;;;;;;;;;;;;;;;;;;;
3º. Tráfico / atascos;;34,9;;47,4;;;;;;;;;;;;;;;;;;;;;;;;;;;;;;;;;;;;;;;;;;;;;;;;;;;;;;;
1.7.4. Percepción de seguridad (escala 0-10);;;;;;;;;;;;;;;;;;;;;;;;;;;;;;;;;;;;;;;;;;;;;;;;;;;;;;;;;;;
Percepción de seguridad en Madrid;;7,3;;7,3;;;;;;;;;;;;;;;;;;;;;;;;;;;;;;;;;;;;;;;;;;;;;;;;;;;;;;;
Percepción de seguridad en el barrio por el día;;8,2;;8,7;;;;;;;;;;;;;;;;;;;;;;;;;;;;;;;;;;;;;;;;;;;;;;;;;;;;;;;
Percepción de seguridad en el barrio por la noche;;6,7;;7,5;;;;;;;;;;;;;;;;;;;;;;;;;;;;;;;;;;;;;;;;;;;;;;;;;;;;;;;
1.7.5. Medida en la que la ciudadania se siente informada de lo que hace el Ayuntamiento (escala 0-10);;;;;;;;;;;;;;;;;;;;;;;;;;;;;;;;;;;;;;;;;;;;;;;;;;;;;;;;;;;
Medida en la que la ciudadania se siente informada de lo que hace el Ayuntamiento;;5,4;;5,7;;;;;;;;;;;;;;;;;;;;;;;;;;;;;;;;;;;;;;;;;;;;;;;;;;;;;;;
1.7.6. Amigabilidad de la ciudad de Madrid (escala 0-10);;;;;;;;;;;;;;;;;;;;;;;;;;;;;;;;;;;;;;;;;;;;;;;;;;;;;;;;;;;
Madrid ciudad amigable con las personas lesbianas, gays, transexuales y bisexuales;;6,9;;7,3;;;;;;;;;;;;;;;;;;;;;;;;;;;;;;;;;;;;;;;;;;;;;;;;;;;;;;;
1.8. INDICADORES DE VULNERABILIDAD;;;;;;;;;;;;;;;;;;;;;;;;;;;;;;;;;;;;;;;;;;;;;;;;;;;;;;;;;;;
1.8.1. Tasa de riesgo de pobreza o exclusión social. Indicador AROPE (2019. Encuesta de Condiciones de Vida);;;;;;;;;;;;;;;;;;;;;;;;;;;;;;;;;;;;;;;;;;;;;;;;;;;;;;;;;;;
Tasa de riesgo de pobleza o exclusión social;26.2%;;;;;;;;;;;;;;;;;;;;;;;;;;;;;;;;;;;;;;;;;;;;;;;;;;;;;;;;;;
Tasa de riesgo de pobleza o exclusión social HOMBRES;24.3%;;;;;;;;;;;;;;;;;;;;;;;;;;;;;;;;;;;;;;;;;;;;;;;;;;;;;;;;;;
Tasa de riesgo de pobleza o exclusión social MUJERES;27.9%;;;;;;;;;;;;;;;;;;;;;;;;;;;;;;;;;;;;;;;;;;;;;;;;;;;;;;;;;;
Tasa de riesgo de pobleza o exclusión social N. ESPAÑOLA (>16 años);21,3%;;;;;;;;;;;;;;;;;;;;;;;;;;;;;;;;;;;;;;;;;;;;;;;;;;;;;;;;;;
Tasa de riesgo de pobleza o exclusión social N. EXTRANJERA UNIÓN EUROPEA (>16 años);37,1%;;;;;;;;;;;;;;;;;;;;;;;;;;;;;;;;;;;;;;;;;;;;;;;;;;;;;;;;;;
Tasa de riesgo de pobleza o exclusión social N. EXTRANJERA RESTO DEL MUNDO (>16 años);61,7%;;;;;;;;;;;;;;;;;;;;;;;;;;;;;;;;;;;;;;;;;;;;;;;;;;;;;;;;;;
1.8.2. Repercusión económica en los hogares por la crisis de Covid- 19  (Octubre, 2020);;;;;;;;;;;;;;;;;;;;;;;;;;;;;;;;;;;;;;;;;;;;;;;;;;;;;;;;;;;
Hogar Unipersonal, de personas de menos de 65 años. No les ha afectado la crisis del coronavirus en los ingresos del hogar ;;65,9%;;;;;;;;;;;;;;;;;;;;;;;;;;;;;;;;;;;;;;;;;;;;;;;;;;;;;;;;;
Hogar Unipersonal, de personas de menos de 65 años. Les ha afectado la crisis del coronavirus en el aumento de sus  ingresos del hogar ;;0,0%;;;;;;;;;;;;;;;;;;;;;;;;;;;;;;;;;;;;;;;;;;;;;;;;;;;;;;;;;
Hogar Unipersonal, de personas de menos de 65 años. Les ha afectado la crisis del coronavirus en la disminución de sus ingresos del hogar ;;33,7%;;;;;;;;;;;;;;;;;;;;;;;;;;;;;;;;;;;;;;;;;;;;;;;;;;;;;;;;;
Hogar Unipersonal, de personas de  65 años o más. No les ha afectado la crisis del coronavirus en los ingresos del hogar ;;89,8%;;;;;;;;;;;;;;;;;;;;;;;;;;;;;;;;;;;;;;;;;;;;;;;;;;;;;;;;;
Hogar Unipersonal, de personas de  65 años o más. Les ha afectado la crisis del coronavirus en el aumento de sus  ingresos del hogar;;0,0%;;;;;;;;;;;;;;;;;;;;;;;;;;;;;;;;;;;;;;;;;;;;;;;;;;;;;;;;;
Hogar Unipersonal, de personas de  65 años o más. Les ha afectado la crisis del coronavirus en la disminución de sus ingresos del hogar ;;8,7%;;;;;;;;;;;;;;;;;;;;;;;;;;;;;;;;;;;;;;;;;;;;;;;;;;;;;;;;;
Hogares monoparentales. No les ha afectado la crisis del coronavirus en los ingresos del hogar  ;;50,0%;;;;;;;;;;;;;;;;;;;;;;;;;;;;;;;;;;;;;;;;;;;;;;;;;;;;;;;;;
Hogares monoparentales. Les ha afectado la crisis del coronavirus en el aumento de sus  ingresos del hogar;;1,9%;;;;;;;;;;;;;;;;;;;;;;;;;;;;;;;;;;;;;;;;;;;;;;;;;;;;;;;;;
Hogares monoparentales. Les ha afectado la crisis del coronavirus en la disminución de sus ingresos del hogar;;46,8%;;;;;;;;;;;;;;;;;;;;;;;;;;;;;;;;;;;;;;;;;;;;;;;;;;;;;;;;;
Hogares formados por pareja sin hijos/as.  No les ha afectado la crisis del coronavirus en los ingresos del hogar ;;67,8%;;;;;;;;;;;;;;;;;;;;;;;;;;;;;;;;;;;;;;;;;;;;;;;;;;;;;;;;;
Hogares formados por pareja sin hijos/as.  Les ha afectado la crisis del coronavirus en el aumento de sus  ingresos del hogar ;;0,9%;;;;;;;;;;;;;;;;;;;;;;;;;;;;;;;;;;;;;;;;;;;;;;;;;;;;;;;;;
Hogares formados por pareja sin hijos/as. Les ha afectado la crisis del coronavirus en la disminución de sus ingresos del hogar ;;30,6%;;;;;;;;;;;;;;;;;;;;;;;;;;;;;;;;;;;;;;;;;;;;;;;;;;;;;;;;;
Hogares formados por pareja con hijos/as. No les ha afectado la crisis del coronavirus en los ingresos del hogar;;53,5%;;;;;;;;;;;;;;;;;;;;;;;;;;;;;;;;;;;;;;;;;;;;;;;;;;;;;;;;;
Hogares formados por pareja con hijos/as.  Les ha afectado la crisis del coronavirus en el aumento de sus  ingresos del hogar ;;2,7%;;;;;;;;;;;;;;;;;;;;;;;;;;;;;;;;;;;;;;;;;;;;;;;;;;;;;;;;;
Hogares formados por pareja con hijos/as. Les ha afectado la crisis del coronavirus en la disminución de sus ingresos del hogar;;42,5%;;;;;;;;;;;;;;;;;;;;;;;;;;;;;;;;;;;;;;;;;;;;;;;;;;;;;;;;;
1.9. SERVICIOS SOCIALES;;;;;;;;;;;;;;;;;;;;;;;;;;;;;;;;;;;;;;;;;;;;;;;;;;;;;;;;;;;
1.9.1. Población en general (2020);;;;;;;;;;;;;;;;;;;;;;;;;;;;;;;;;;;;;;;;;;;;;;;;;;;;;;;;;;;
Personas atendidas en la Unidad de Primera Atención en Centros de Servicios Sociales;;104.491 ;3,3%;3.479;;;;;;;;;;;;;;;;;;;;;;;;;;;;;;;;;;;;;;;;;;;;;;;;;;;;;;;
Solicitudes tramitadas de Renta Mínima de Inserción ;;4.473 ;3,7%;167;;;;;;;;;;;;;;;;;;;;;;;;;;;;;;;;;;;;;;;;;;;;;;;;;;;;;;;
Personas perceptoras de prestación de la Renta Mínima de Inserción;;14.371 ;3,0%;425;;;;;;;;;;;;;;;;;;;;;;;;;;;;;;;;;;;;;;;;;;;;;;;;;;;;;;;
Personas beneficiarias de prestaciones sociales de carácter económico (2021);;15.535 ;3,7%;574;;;;;;;;;;;;;;;;;;;;;;;;;;;;;;;;;;;;;;;;;;;;;;;;;;;;;;;
Total prestaciones sociales de carácter económico (€);;13.591.487 €;2,8%;385.468;;;;;;;;;;;;;;;;;;;;;;;;;;;;;;;;;;;;;;;;;;;;;;;;;;;;;;;
1.9.2. Personas Mayores (2021);;;;;;;;;;;;;;;;;;;;;;;;;;;;;;;;;;;;;;;;;;;;;;;;;;;;;;;;;;;
Personas con Servicio de Ayuda a Domicilio (modalidad auxiliar de hogar);;77.834 ;6,3%;4.882;;;;;;;;;;;;;;;;;;;;;;;;;;;;;;;;;;;;;;;;;;;;;;;;;;;;;;;
Hombres;;19.039 ;6,3%;1.203;;;;;;;;;;;;;;;;;;;;;;;;;;;;;;;;;;;;;;;;;;;;;;;;;;;;;;;
Mujeres;;58.795 ;6,3%;3.679;;;;;;;;;;;;;;;;;;;;;;;;;;;;;;;;;;;;;;;;;;;;;;;;;;;;;;;
Personas socias de los Centros Municipales de Mayores;;331.471 ;8,6%;28.393;;;;;;;;;;;;;;;;;;;;;;;;;;;;;;;;;;;;;;;;;;;;;;;;;;;;;;;
Hombres;;121.511 ;9,0%;10.879;;;;;;;;;;;;;;;;;;;;;;;;;;;;;;;;;;;;;;;;;;;;;;;;;;;;;;;
Mujeres ;;209.960 ;8,3%;17.514;;;;;;;;;;;;;;;;;;;;;;;;;;;;;;;;;;;;;;;;;;;;;;;;;;;;;;;
1.9.3. Menores y Familia (2020);;;;;;;;;;;;;;;;;;;;;;;;;;;;;;;;;;;;;;;;;;;;;;;;;;;;;;;;;;;
Familias atendidas por el Equipo de Trabajo con Menores y Familia (ETMF);;4.358;6,0%;261;;;;;;;;;;;;;;;;;;;;;;;;;;;;;;;;;;;;;;;;;;;;;;;;;;;;;;;
Demandas de intervención en los Centros de Atención a la Infancia (CAI);;1.615;6,2%;100;;;;;;;;;;;;;;;;;;;;;;;;;;;;;;;;;;;;;;;;;;;;;;;;;;;;;;;
Menores atendidos por el Servicio de Ayuda a domicilio a Menores y Familias (SAD) ;;1.243;4,7%;59;;;;;;;;;;;;;;;;;;;;;;;;;;;;;;;;;;;;;;;;;;;;;;;;;;;;;;;
1.10. VIVIENDA;;;;;;;;;;;;;;;;;;;;;;;;;;;;;;;;;;;;;;;;;;;;;;;;;;;;;;;;;;;
1.10.1. Información sobre datos catastrales;;;;;;;;;;;;;;;;;;;;;;;;;;;;;;;;;;;;;;;;;;;;;;;;;;;;;;;;;;;
Número de inmuebles de uso residencial (2020);;1.494.204,0 ;7,0%;103.959;1,4%;1.464;1,3%;1.318;18,9%;19.662;20,6%;21.466;13,0%;13.539;25,9%;26.887;12,2%;12.666;6,7%;6.957;;;;;;;;;;;;;;;;;;;;;;;;;;;;;;;;;;;;;;;
Superficie media construida (m2) inmuebles de uso residencial (2020);;115,4 ;125,3%;144,6;74,0%;107,0;186,0%;269,0;83,0%;120,0;55,3%;80,0;88,5%;128,0;80,2%;116,0;130,0%;188,0;103,0%;149,0;;;;;;;;;;;;;;;;;;;;;;;;;;;;;;;;;;;;;;;
Año medio de construcción de inmuebles de uso residencial (2020);;1.973,1 ;;1.982;;1.960;;1.973;;1.981;;1.969;;1.980;;1.990;;1.995;;2.007;;;;;;;;;;;;;;;;;;;;;;;;;;;;;;;;;;;;;;;
Valor catastral medio de los bienes inmuebles: personas físicas (2021) en miles de €;;90,4 ;104,4%;94,4;;;;;;;;;;;;;;;;;;;;;;;;;;;;;;;;;;;;;;;;;;;;;;;;;;;;;;;
Valor catastral medio de los bienes inmuebles: personas jurídicas (2021) en miles de €;;370,3 ;140,1%;518,9;;;;;;;;;;;;;;;;;;;;;;;;;;;;;;;;;;;;;;;;;;;;;;;;;;;;;;;
Superficie media de la vivienda (m2) en transacción (2020);;85,6 ;123,9%;106,00;78,5%;83,26;201,5%;213,55;105,2%;111,53;64,7%;68,60;107,7%;114,16;75,7%;80,24;147,8%;156,71;113,9%;120,76;;;;;;;;;;;;;;;;;;;;;;;;;;;;;;;;;;;;;;;
Duración media del crédito (meses) en transacción de vivienda (2020);;296,0 ;108,1%;320;0,0%;0;97,2%;311;101,9%;326;97,5%;312;98,4%;315;97,2%;311;103,4%;331;98,4%;315;;;;;;;;;;;;;;;;;;;;;;;;;;;;;;;;;;;;;;;
1.10.2. Lanzamientos judiciales (Consejo General del Poder Judicial);;;;;;;;;;;;;;;;;;;;;;;;;;;;;;;;;;;;;;;;;;;;;;;;;;;;;;;;;;;
Lanzamientos judiciales practicados (2013);100%;5.020 ;;;;;;;;;;;;;;;;;;;;;;;;;;;;;;;;;;;;;;;;;;;;;;;;;;;;;;;;;
Como consecuencia de ejecuciones hipotecarias;29,9%;1.501;;;;;;;;;;;;;;;;;;;;;;;;;;;;;;;;;;;;;;;;;;;;;;;;;;;;;;;;;
Como consecuencia de la Ley de Arrendamientos Urbanos;62,5%;3.137;;;;;;;;;;;;;;;;;;;;;;;;;;;;;;;;;;;;;;;;;;;;;;;;;;;;;;;;;
Lanzamientos judiciales practicados (2021);100%;2.003 ;;;;;;;;;;;;;;;;;;;;;;;;;;;;;;;;;;;;;;;;;;;;;;;;;;;;;;;;;
Como consecuencia de ejecuciones hipotecarias;12,0%;240;;;;;;;;;;;;;;;;;;;;;;;;;;;;;;;;;;;;;;;;;;;;;;;;;;;;;;;;;
Como consecuencia de la Ley de Arrendamientos Urbanos;85,0%;1.702;;;;;;;;;;;;;;;;;;;;;;;;;;;;;;;;;;;;;;;;;;;;;;;;;;;;;;;;;
1.11. MEDIO AMBIENTE Y RESIDUOS;;;;;;;;;;;;;;;;;;;;;;;;;;;;;;;;;;;;;;;;;;;;;;;;;;;;;;;;;;;
1.11.1. Contaminantes del aire (2020/21);;;;;;;;;;;;;;;;;;;;;;;;;;;;;;;;;;;;;;;;;;;;;;;;;;;;;;;;;;;
Partículas suspensión PM2.5 (µgr/m3) -Valor límite: 25 µgr/m3- ;;9,6;;;;;;;;;;;;;;;;;;;;;;;;;;;;;;;;;;;;;;;;;;;;;;;;;;;;;;;;;
Partículas suspensión PM10 (µgr/m3) -Valor límite: 40 µgr/m3-;;18,6;;;;;;;;;;;;;;;;;;;;;;;;;;;;;;;;;;;;;;;;;;;;;;;;;;;;;;;;;
Dióxido de azufre - SO2 (µgr/m3) -Valor límite: 125 µgr/m3-;;5,7;;;;;;;;;;;;;;;;;;;;;;;;;;;;;;;;;;;;;;;;;;;;;;;;;;;;;;;;;
Monóxido de carbono - CO (mg/m3) -Valor límite: 10 µgr/m3-;;0,3;;;;;;;;;;;;;;;;;;;;;;;;;;;;;;;;;;;;;;;;;;;;;;;;;;;;;;;;;
Ozono - O3 (µgr/m3) -Valor límite: 120 µgr/m3-;;50,4;;;;;;;;;;;;;;;;;;;;;;;;;;;;;;;;;;;;;;;;;;;;;;;;;;;;;;;;;
Dióxido de nitrógeno - NO2 (µgr/m3) -Valor límite: 40 µgr/m3-;;27,2;;;;;;;;;;;;;;;;;;;;;;;;;;;;;;;;;;;;;;;;;;;;;;;;;;;;;;;;;
Temperatura media anual (ºC);;16,1;;;;;;;;;;;;;;;;;;;;;;;;;;;;;;;;;;;;;;;;;;;;;;;;;;;;;;;;;
Protocolo de contaminación: nº de episodios (2021);;2;;;;;;;;;;;;;;;;;;;;;;;;;;;;;;;;;;;;;;;;;;;;;;;;;;;;;;;;;
"Protocolo de contaminación: nº de días ""Escenario 1"" (2021)";;5;;;;;;;;;;;;;;;;;;;;;;;;;;;;;;;;;;;;;;;;;;;;;;;;;;;;;;;;;
1.11.2. Recogida domiciliaria de residuos sólidos: envases y resto (2020);;;;;;;;;;;;;;;;;;;;;;;;;;;;;;;;;;;;;;;;;;;;;;;;;;;;;;;;;;;
kg/habitante/año;;293;;283;;;;;;;;;;;;;;;;;;;;;;;;;;;;;;;;;;;;;;;;;;;;;;;;;;;;;;;
kg/habitante/día;;0,80;;0,78;;;;;;;;;;;;;;;;;;;;;;;;;;;;;;;;;;;;;;;;;;;;;;;;;;;;;;;
1.12. SEGURIDAD;;;;;;;;;;;;;;;;;;;;;;;;;;;;;;;;;;;;;;;;;;;;;;;;;;;;;;;;;;;
1.12.1. Intervenciones de la Policía Municipal en materia de seguridad (2021);;;;;;;;;;;;;;;;;;;;;;;;;;;;;;;;;;;;;;;;;;;;;;;;;;;;;;;;;;;
Relacionadas con las personas;;4.132;2,4%;98;;;;;;;;;;;;;;;;;;;;;;;;;;;;;;;;;;;;;;;;;;;;;;;;;;;;;;;
Relacionadas con la tenencia de armas;;815;2,3%;19;;;;;;;;;;;;;;;;;;;;;;;;;;;;;;;;;;;;;;;;;;;;;;;;;;;;;;;
Relacionadas con el patrimonio;;4.655;1,9%;87;;;;;;;;;;;;;;;;;;;;;;;;;;;;;;;;;;;;;;;;;;;;;;;;;;;;;;;
Relacionadas con la tenencia y consumo de drogas;;6.300;4,6%;287;;;;;;;;;;;;;;;;;;;;;;;;;;;;;;;;;;;;;;;;;;;;;;;;;;;;;;;
Inspecciones y actuaciones en locales de espectáculos públicos y actividades recreativas;;20.036;5,7%;1.137;;;;;;;;;;;;;;;;;;;;;;;;;;;;;;;;;;;;;;;;;;;;;;;;;;;;;;;
Expedientes instruidos por Agentes Tutores;;530;3,4%;18;;;;;;;;;;;;;;;;;;;;;;;;;;;;;;;;;;;;;;;;;;;;;;;;;;;;;;;
Atestados/partes de accidentes de tráfico confeccionados;;17.947;5,2%;939;;;;;;;;;;;;;;;;;;;;;;;;;;;;;;;;;;;;;;;;;;;;;;;;;;;;;;;
1.12.2. Personas detenidas e investigadas por la Policía Municipal en materia de seguridad (2021);;;;;;;;;;;;;;;;;;;;;;;;;;;;;;;;;;;;;;;;;;;;;;;;;;;;;;;;;;;
Total personas detenidas e investigadas;100%;8.105;3,2%;259;;;;;;;;;;;;;;;;;;;;;;;;;;;;;;;;;;;;;;;;;;;;;;;;;;;;;;;
Lesiones;4,0%;328;;;;;;;;;;;;;;;;;;;;;;;;;;;;;;;;;;;;;;;;;;;;;;;;;;;;;;;;;
Violencia doméstica y de género;8,5%;687;;;;;;;;;;;;;;;;;;;;;;;;;;;;;;;;;;;;;;;;;;;;;;;;;;;;;;;;;
Malos tratos a menores;0,7%;56;;;;;;;;;;;;;;;;;;;;;;;;;;;;;;;;;;;;;;;;;;;;;;;;;;;;;;;;;
Abusos y agresiones sexuales;0,7%;60;;;;;;;;;;;;;;;;;;;;;;;;;;;;;;;;;;;;;;;;;;;;;;;;;;;;;;;;;
Hurtos;9,5%;769;;;;;;;;;;;;;;;;;;;;;;;;;;;;;;;;;;;;;;;;;;;;;;;;;;;;;;;;;
Robo con violencia e intimidación en personas;2,1%;171;;;;;;;;;;;;;;;;;;;;;;;;;;;;;;;;;;;;;;;;;;;;;;;;;;;;;;;;;
Contra la salud pública;4,6%;371;;;;;;;;;;;;;;;;;;;;;;;;;;;;;;;;;;;;;;;;;;;;;;;;;;;;;;;;;
Contra la seguridad vial;41,3%;3.344;;;;;;;;;;;;;;;;;;;;;;;;;;;;;;;;;;;;;;;;;;;;;;;;;;;;;;;;;
1.13. RESULTADOS ELECCIONES LOCALES (2019);;;;;;;;;;;;;;;;;;;;;;;;;;;;;;;;;;;;;;;;;;;;;;;;;;;;;;;;;;;
Censo electoral;100,0%;2.397.881;100%;182.995;100%;2.903;100%;2.481;100%;35.420;100%;36.864;100%;28.372;100,0%;41.495;100,0%;24.056;100,0%;11.404;;;;;;;;;;;;;;;;;;;;;;;;;;;;;;;;;;;;;;;
Abstención;31,8%;761.923;26,9%;49.249;33,0%;959;21,3%;528;27,1%;9.603;32,3%;11.893;21,6%;6.132;29,9%;12.427;20,7%;4.968;24,0%;2.739;;;;;;;;;;;;;;;;;;;;;;;;;;;;;;;;;;;;;;;
Votos blancos;0,3%;6.945;0,3%;551;0,1%;2;0,1%;2;0,3%;120;0,3%;119;0,3%;75;0,3%;128;0,3%;71;0,3%;34;;;;;;;;;;;;;;;;;;;;;;;;;;;;;;;;;;;;;;;
Votos a candidaturas;68,2%;1.623.174;72,6%;132.808;66,6%;1.934;78,5%;1.948;72,3%;25.602;67,1%;24.745;78,0%;22.118;69,6%;28.870;78,9%;18.981;75,5%;8.610;;;;;;;;;;;;;;;;;;;;;;;;;;;;;;;;;;;;;;;
Más Madrid;31,1%;505.159;25,6%;33.954;18,5%;357;9,0%;176;28,7%;7.344;29,5%;7.307;24,1%;5.334;27,2%;7.867;19,5%;3.702;21,7%;1.867;;;;;;;;;;;;;;;;;;;;;;;;;;;;;;;;;;;;;;;
PP;24,4%;395.344;27,8%;36.871;30,5%;590;54,3%;1.058;26,4%;6.751;24,9%;6.162;32,3%;7.135;21,6%;6.233;34,6%;6.571;27,5%;2.371;;;;;;;;;;;;;;;;;;;;;;;;;;;;;;;;;;;;;;;
Ciudadanos;19,3%;312.536;23,4%;31.091;20,2%;391;20,3%;396;21,3%;5.445;18,2%;4.509;22,9%;5.059;26,9%;7.779;25,8%;4.901;30,3%;2.611;;;;;;;;;;;;;;;;;;;;;;;;;;;;;;;;;;;;;;;
PSOE;13,8%;224.074;11,6%;15.341;11,4%;220;3,9%;75;13,1%;3.353;16,5%;4.091;10,3%;2.289;12,2%;3.512;6,6%;1.245;6,5%;556;;;;;;;;;;;;;;;;;;;;;;;;;;;;;;;;;;;;;;;
VOX;7,7%;124.969;8,9%;11.852;16,6%;321;11,0%;215;7,6%;1.940;7,2%;1.775;8,2%;1.822;8,9%;2.570;11,4%;2.171;12,1%;1.038;;;;;;;;;;;;;;;;;;;;;;;;;;;;;;;;;;;;;;;
1.14. SERVICIOS Y EQUIPAMIENTOS MUNICIPALES;;;;;;;;;;;;;;;;;;;;;;;;;;;;;;;;;;;;;;;;;;;;;;;;;;;;;;;;;;;
1.14.1. Servicios Sociales Municipales (2021);;;;;;;;;;;;;;;;;;;;;;;;;;;;;;;;;;;;;;;;;;;;;;;;;;;;;;;;;;;
Centros de Servicios Sociales;;38;5,3%;2;;0;;0;;1;;0;;0;;1;;0;;0;;;;;;;;;;;;;;;;;;;;;;;;;;;;;;;;;;;;;;;
Centros Municipales de Mayores ;;91;6,6%;6;;1;;0;;1;;1;;2;;1;;0;;0;;;;;;;;;;;;;;;;;;;;;;;;;;;;;;;;;;;;;;;
Centros de Día de Alzheimer y Físicos;;100;6,0%;6;;2;;0;;1;;0;;1;;2;;0;;0;;;;;;;;;;;;;;;;;;;;;;;;;;;;;;;;;;;;;;;
Apartamentos Municipales para Mayores;;2;0,0%;0;;0;;0;;0;;0;;0;;0;;0;;0;;;;;;;;;;;;;;;;;;;;;;;;;;;;;;;;;;;;;;;
Residencias para personas Mayores ;;3;0,0%;0;;0;;0;;0;;0;;0;;0;;0;;0;;;;;;;;;;;;;;;;;;;;;;;;;;;;;;;;;;;;;;;
Centros de Apoyo a las Familias (CAF);;7;14,3%;1;;0;;0;;1;;0;;0;;0;;0;;0;;;;;;;;;;;;;;;;;;;;;;;;;;;;;;;;;;;;;;;
Centros de Atención a la Infancia (CAI);;13;7,7%;1;;0;;0;;1;;0;;0;;0;;0;;0;;;;;;;;;;;;;;;;;;;;;;;;;;;;;;;;;;;;;;;
Centro de Día de Atención a Niños y Niñas (de 3 a 12 años);;29;3,4%;1;;0;;0;;0;;0;;0;;1;;0;;0;;;;;;;;;;;;;;;;;;;;;;;;;;;;;;;;;;;;;;;
Espacios de Ocio para Adolescentes (El Enredadero);;6;16,7%;1;;0;;0;;0;;1;;0;;0;;0;;0;;;;;;;;;;;;;;;;;;;;;;;;;;;;;;;;;;;;;;;
Centros de Adolescentes y Jóvenes (ASPA) ;;8;12,5%;1;;0;;0;;0;;1;;0;;0;;0;;0;;;;;;;;;;;;;;;;;;;;;;;;;;;;;;;;;;;;;;;
Centros para personas sin hogar;;13;0,0%;0;;0;;0;;0;;0;;0;;0;;0;;0;;;;;;;;;;;;;;;;;;;;;;;;;;;;;;;;;;;;;;;
1.14.2. Género (2021);;;;;;;;;;;;;;;;;;;;;;;;;;;;;;;;;;;;;;;;;;;;;;;;;;;;;;;;;;;
Espacios de Igualdad;;18;5,6%;1;;0;;0;;0;;0;;0;;1;;0;;0;;;;;;;;;;;;;;;;;;;;;;;;;;;;;;;;;;;;;;;
1.14.3. Salud (2020);;;;;;;;;;;;;;;;;;;;;;;;;;;;;;;;;;;;;;;;;;;;;;;;;;;;;;;;;;;
Centros Municipales de Salud Comunitaria (CMSC);;16;6,3%;1;;0;;0;;0;;1;;0;;0;;0;;0;;;;;;;;;;;;;;;;;;;;;;;;;;;;;;;;;;;;;;;
Centros de Atención a las Adicciones (CAD y CCAD);;10;0,0%;0;;0;;0;;0;;0;;0;;0;;0;;0;;;;;;;;;;;;;;;;;;;;;;;;;;;;;;;;;;;;;;;
1.14.4. Cultura (2021);;;;;;;;;;;;;;;;;;;;;;;;;;;;;;;;;;;;;;;;;;;;;;;;;;;;;;;;;;;
Nº de Bibliotecas Municipales;;33;3,0%;1;;0;;0;;0;;1;;0;;0;;0;;0;;;;;;;;;;;;;;;;;;;;;;;;;;;;;;;;;;;;;;;
Nº de Bibliotecas Comunidad Madrid;;15;6,7%;1;;0;;0;;0;;0;;1;;0;;0;;0;;;;;;;;;;;;;;;;;;;;;;;;;;;;;;;;;;;;;;;
Nº de Centros y Espacios Culturales;;105;7,6%;8;;1;;0;;1;;1;;1;;2;;1;;1;;;;;;;;;;;;;;;;;;;;;;;;;;;;;;;;;;;;;;;
1.14.5. Deportes (2021);;;;;;;;;;;;;;;;;;;;;;;;;;;;;;;;;;;;;;;;;;;;;;;;;;;;;;;;;;;
Instalaciones deportivas básicas;;509;9,4%;48;;1;;1;;10;;10;;2;;15;;8;;1;;;;;;;;;;;;;;;;;;;;;;;;;;;;;;;;;;;;;;;
Centros deportivos municipales;;78;6,4%;5;;0;;0;;1;;1;;1;;1;;1;;0;;;;;;;;;;;;;;;;;;;;;;;;;;;;;;;;;;;;;;;
Superficie deportiva m2 en centros deportivos municipales (2020);;2.074.404;6,2%;128.652;;;;;;;;;;;;;;;;;;;;;;;;;;;;;;;;;;;;;;;;;;;;;;;;;;;;;;;
Campos de fútbol 11;;22;9,1%;2;;0;;0;;0;;0;;1;;0;;1;;0;;;;;;;;;;;;;;;;;;;;;;;;;;;;;;;;;;;;;;;
Pista de atletismo ;;8;0,0%;0;;0;;0;;0;;0;;0;;0;;0;;0;;;;;;;;;;;;;;;;;;;;;;;;;;;;;;;;;;;;;;;
Piscinas cubiertas;;50;6,0%;3;;0;;0;;0;;1;;1;;0;;1;;0;;;;;;;;;;;;;;;;;;;;;;;;;;;;;;;;;;;;;;;
Piscinas de verano;;23;8,7%;2;;0;;0;;0;;0;;1;;1;;0;;0;;;;;;;;;;;;;;;;;;;;;;;;;;;;;;;;;;;;;;;
1.14.6. Zonas verdes (2021);;;;;;;;;;;;;;;;;;;;;;;;;;;;;;;;;;;;;;;;;;;;;;;;;;;;;;;;;;;
Superficie de zonas verdes y Parques de distrito (Ha);;3.407,3;10,6%;360,5;;;;;;;;;;;;;;;;;;;;;;;;;;;;;;;;;;;;;;;;;;;;;;;;;;;;;;;
Superficie de zonas verdes y Parques de distrito (Ha) / nº de Habitantes *10.000;;10,2;141,2%;14,4;;;;;;;;;;;;;;;;;;;;;;;;;;;;;;;;;;;;;;;;;;;;;;;;;;;;;;;
Superficie Parques Históricos, Singulares y Forestales por distrito  ;;2.624,2;0,6%;16,3;;;;;;;;;;;;;;;;;;;;;;;;;;;;;;;;;;;;;;;;;;;;;;;;;;;;;;;
Superficie Parques Históricos, Singulares y Forestales distrito / nº Habitantes *10.000;;7,8;8,3%;0,6;;;;;;;;;;;;;;;;;;;;;;;;;;;;;;;;;;;;;;;;;;;;;;;;;;;;;;;
1.14.7. Educación (Curso académico 2021/22);;;;;;;;;;;;;;;;;;;;;;;;;;;;;;;;;;;;;;;;;;;;;;;;;;;;;;;;;;;
Escuelas Infantiles Municipales ;;74;8,1%;6;;0;;0;;1;;0;;0;;3;;1;;1;;;;;;;;;;;;;;;;;;;;;;;;;;;;;;;;;;;;;;;
Escuelas Infantiles Públicas CAM y Municipales;;154;8,4%;13;;;;;;;;;;;;;;;;;;;;;;;;;;;;;;;;;;;;;;;;;;;;;;;;;;;;;;;
Escuelas Infantiles Privadas;;402;11,9%;48;;;;;;;;;;;;;;;;;;;;;;;;;;;;;;;;;;;;;;;;;;;;;;;;;;;;;;;
Colegios Públicos Infantil y Primaria ;;249;8,8%;22;;1;;0;;2;;3;;5;;7;;2;;2;;;;;;;;;;;;;;;;;;;;;;;;;;;;;;;;;;;;;;;
Institutos Públicos de Educación Secundaria;;114;9,6%;11;;;;;;;;;;;;;;;;;;;;;;;;;;;;;;;;;;;;;;;;;;;;;;;;;;;;;;;
Colegios Privados Inf. o Pri. o Inf. y Pri.;;78;5,1%;4;;;;;;;;;;;;;;;;;;;;;;;;;;;;;;;;;;;;;;;;;;;;;;;;;;;;;;;
Colegios Privados Inf., Pri. y Sec. o Pri. y Sec. ;;278;6,5%;18;;;;;;;;;;;;;;;;;;;;;;;;;;;;;;;;;;;;;;;;;;;;;;;;;;;;;;;
1.14.8. Empresa y Comercio (2021);;;;;;;;;;;;;;;;;;;;;;;;;;;;;;;;;;;;;;;;;;;;;;;;;;;;;;;;;;;
Mercados Municipales;;45;0,0%;0;;0;;0;;0;;0;;0;;0;;0;;0;;;;;;;;;;;;;;;;;;;;;;;;;;;;;;;;;;;;;;;
1.15. PARTICIPACIÓN CIUDADANA ;;;;;;;;;;;;;;;;;;;;;;;;;;;;;;;;;;;;;;;;;;;;;;;;;;;;;;;;;;;
1.15.1. Entidades de participación ciudadana (2021) ;;;;;;;;;;;;;;;;;;;;;;;;;;;;;;;;;;;;;;;;;;;;;;;;;;;;;;;;;;;
Asociaciones (Sección 1ª);;2.682;7,0%;189;4,2%;8;0,5%;1;16,4%;31;24,3%;46;12,7%;24;25,9%;49;9,5%;18;6,3%;12;;;;;;;;;;;;;;;;;;;;;;;;;;;;;;;;;;;;;;;
Nº de asociaciones culturales y casas regionales;;550;5,5%;30;3,3%;1;0,0%;0;13,3%;4;33,3%;10;16,7%;5;20,0%;6;6,7%;2;6,7%;2;;;;;;;;;;;;;;;;;;;;;;;;;;;;;;;;;;;;;;;
Nº de asociaciones de mujeres;;90;4,4%;4;25,0%;1;0,0%;0;25,0%;1;25,0%;1;25,0%;1;0,0%;0;0,0%;0;0,0%;0;;;;;;;;;;;;;;;;;;;;;;;;;;;;;;;;;;;;;;;
Nº de asociaciones vecinales;;236;10,2%;24;16,7%;4;4,2%;1;12,5%;3;20,8%;5;0,0%;0;33,3%;8;8,3%;2;4,2%;1;;;;;;;;;;;;;;;;;;;;;;;;;;;;;;;;;;;;;;;
Fundaciones (Sección 2ª);;87;2,3%;2;0,0%;0;0,0%;0;0,0%;0;0,0%;0;0,0%;0;0,0%;0;0,0%;2;0,0%;0;;;;;;;;;;;;;;;;;;;;;;;;;;;;;;;;;;;;;;;
;;;;;;;;;;;;;;;;;;;;;;;;;;;;;;;;;;;;;;;;;;;;;;;;;;;;;;;;;;;
;;;;;;;;;;;;;;;;;;;;;;;;;;;;;;;;;;;;;;;;;;;;;;;;;;;;;;;;;;;
1.16. PRESUPUESTO 2022;Acuerdo de 29 de diciembre de 2021 del Pleno del Ayuntamiento de Madrid. Publicación: BOAM Nùm. 9.046, 31 de diciembre de 2021. BOCM Núm. 312, 31 de diciembre de 2021.;;;;;;;;;;;;;;;;;;;;;;;;;;;;;;;;;;;;;;;;;;;;;;;;;;;;;;;;;;
PROGRAMA;;CAPÍTULOS;;;;;;;;;;;;;;;;;;;;;;;;;;;;;;;;;;;;;;;;;;;;;;;;;;;;;;;;;
;;1;;2;;3;;4;;5;;6;;7;;TOTAL;;;;;;;;;;;;;;;;;;;;;;;;;;;;;;;;;;;;;;;;;;;
OTRAS ACTUACIONES EN VÍAS PÚBLICAS;153.22;;;586.000 €;;;;;;;;;;;;586.000 €;;;;;;;;;;;;;;;;;;;;;;;;;;;;;;;;;;;;;;;;;;;
ZONAS VERDES;171.02;;;;;;;;;;;150.000 €;;;;150.000 €;;;;;;;;;;;;;;;;;;;;;;;;;;;;;;;;;;;;;;;;;;;
FAMILIA E INFANCIA;231.02;;;336.957 €;;;;175.000 €;;;;;;;;511.957 €;;;;;;;;;;;;;;;;;;;;;;;;;;;;;;;;;;;;;;;;;;;
MAYORES;231.03;;;12.213.657 €;;;;25.000 €;;;;25.000 €;;15.000 €;;12.278.657 €;;;;;;;;;;;;;;;;;;;;;;;;;;;;;;;;;;;;;;;;;;;
SERVICIOS SOCIALES Y EMERGENCIA SOCIAL;231.06;2.498.105 €;;335.155 €;;;;512.474 €;;;;15.000 €;;12.000 €;;3.372.734 €;;;;;;;;;;;;;;;;;;;;;;;;;;;;;;;;;;;;;;;;;;;
SALUBRIDAD PÚBLICA;311.01;633.506 €;;24.301 €;;;;;;;;;;;;657.807 €;;;;;;;;;;;;;;;;;;;;;;;;;;;;;;;;;;;;;;;;;;;
CENTROS DOCENTES ENSEÑANZA INFANTIL Y PRIMARIA;323.01;;;6.618.213 €;;;;;;;;600.000 €;;;;7.218.213 €;;;;;;;;;;;;;;;;;;;;;;;;;;;;;;;;;;;;;;;;;;;
ABSENTISMO;325.01;;;21.388 €;;;;;;;;;;;;21.388 €;;;;;;;;;;;;;;;;;;;;;;;;;;;;;;;;;;;;;;;;;;;
SERVICIOS COMPLEMENTARIOS EDUCACIÓN;326.01;;;791.099 €;;;;45.000 €;;;;;;;;836.099 €;;;;;;;;;;;;;;;;;;;;;;;;;;;;;;;;;;;;;;;;;;;
ACTIVIDADES CULTURALES;334.01;615.293 €;;2.831.509 €;;;;5.000 €;;;;15.000 €;;;;3.466.802 €;;;;;;;;;;;;;;;;;;;;;;;;;;;;;;;;;;;;;;;;;;;
ACTUACIONES DEPORTIVAS EN DISTRITOS;341.01;;;143.000 €;;;;;;;;;;;;143.000 €;;;;;;;;;;;;;;;;;;;;;;;;;;;;;;;;;;;;;;;;;;;
INSTALACIONES DEPORTIVAS;342.01;7.601.302 €;;721.676 €;;;;;;;;420.000 €;;;;8.742.978 €;;;;;;;;;;;;;;;;;;;;;;;;;;;;;;;;;;;;;;;;;;;
CONSUMO;493.00;166.317 €;;21.500 €;;;;;;;;;;;;187.817 €;;;;;;;;;;;;;;;;;;;;;;;;;;;;;;;;;;;;;;;;;;;
CONCEJALÍA-PRESIDENCIA DEL DISTRITO;912.20;288.415 €;;3.500 €;;;;;;;;;;;;291.915 €;;;;;;;;;;;;;;;;;;;;;;;;;;;;;;;;;;;;;;;;;;;
DIREC. Y GESTIÓN ADMTVA. DEL DISTRITO;920.01;5.110.479 €;;364.869 €;;;;;;;;10.000 €;;;;5.485.348 €;;;;;;;;;;;;;;;;;;;;;;;;;;;;;;;;;;;;;;;;;;;
PARTICIPACIÓN CIUDADANA;924.01;;;;;;;65.000 €;;;;;;5.000 €;;70.000 €;;;;;;;;;;;;;;;;;;;;;;;;;;;;;;;;;;;;;;;;;;;
EDIFICIOS;933.02;;;2.959.363 €;;;;;;;;50.000 €;;;;3.009.363 €;;;;;;;;;;;;;;;;;;;;;;;;;;;;;;;;;;;;;;;;;;;
CENTRO 001;;16.913.417 €;;27.972.187 €;;0 €;;827.474 €;;0 €;;1.285.000 €;;32.000 €;;47.030.078 €;;;;;;;;;;;;;;;;;;;;;;;;;;;;;;;;;;;;;;;;;;;
SECCIÓN 208;;16.913.417 €;;27.972.187 €;;0 €;;827.474 €;;0 €;;1.285.000 €;;32.000 €;;47.030.078 €;;;;;;;;;;;;;;;;;;;;;;;;;;;;;;;;;;;;;;;;;;;
;;;;;;;;;;;;;;;;;;;;;;;;;;;;;;;;;;;;;;;;;;;;;;;;;;;;;;;;;;;
;;;;;;;;;;;;;;;;;;;;;;;;;;;;;;;;;;;;;;;;;;;;;;;;;;;;;;;;;;;
;;;;;;;;;;;;;;;;;;;;;;;;;;;;;;;;;;;;;;;;;;;;;;;;;;;;;;;;;;;
;;;;;;;;;;;;;;;;;;;;;;;;;;;;;;;;;;;;;;;;;;;;;;;;;;;;;;;;;;;
;;;;;;;;;;;;;;;;;;;;;;;;;;;;;;;;;;;;;;;;;;;;;;;;;;;;;;;;;;;
;;;;;;;;;;;;;;;;;;;;;;;;;;;;;;;;;;;;;;;;;;;;;;;;;;;;;;;;;;;
;;;;;;;;;;;;;;;;;;;;;;;;;;;;;;;;;;;;;;;;;;;;;;;;;;;;;;;;;;;
;;;;;;;;;;;;;;;;;;;;;;;;;;;;;;;;;;;;;;;;;;;;;;;;;;;;;;;;;;;
;;;;;;;;;;;;;;;;;;;;;;;;;;;;;;;;;;;;;;;;;;;;;;;;;;;;;;;;;;;
;;;;;;;;;;;;;;;;;;;;;;;;;;;;;;;;;;;;;;;;;;;;;;;;;;;;;;;;;;;
;;;;;;;;;;;;;;;;;;;;;;;;;;;;;;;;;;;;;;;;;;;;;;;;;;;;;;;;;;;
;;;;;;;;;;;;;;;;;;;;;;;;;;;;;;;;;;;;;;;;;;;;;;;;;;;;;;;;;;;
;;;;;;;;;;;;;;;;;;;;;;;;;;;;;;;;;;;;;;;;;;;;;;;;;;;;;;;;;;;
;;;;;;;;;;;;;;;;;;;;;;;;;;;;;;;;;;;;;;;;;;;;;;;;;;;;;;;;;;;
;;;;;;;;;;;;;;;;;;;;;;;;;;;;;;;;;;;;;;;;;;;;;;;;;;;;;;;;;;;
;;;;;;;;;;;;;;;;;;;;;;;;;;;;;;;;;;;;;;;;;;;;;;;;;;;;;;;;;;;
;;;;;;;;;;;;;;;;;;;;;;;;;;;;;;;;;;;;;;;;;;;;;;;;;;;;;;;;;;;
;;;;;;;;;;;;;;;;;;;;;;;;;;;;;;;;;;;;;;;;;;;;;;;;;;;;;;;;;;;
;;;;;;;;;;;;;;;;;;;;;;;;;;;;;;;;;;;;;;;;;;;;;;;;;;;;;;;;;;;
;;;;;;;;;;;;;;;;;;;;;;;;;;;;;;;;;;;;;;;;;;;;;;;;;;;;;;;;;;;
;;;;;;;;;;;;;;;;;;;;;;;;;;;;;;;;;;;;;;;;;;;;;;;;;;;;;;;;;;;
;;;;;;;;;;;;;;;;;;;;;;;;;;;;;;;;;;;;;;;;;;;;;;;;;;;;;;;;;;;
