03. RETIRO. INFORMACIÓN DE DISTRITO Y BARRIOS;;;;;;;;;;;;;;;;
 ;CIUDAD;;RETIRO;;Pacífico;;Adelfas;;La Estrella;;Ibiza;;Los Jerónimos;;Niño Jesús;
1.1 CARACTERÍSTICAS GENERALES DEL DISTRITO-BARRIO;;;;;;;;;;;;;;;;
Superficie (Ha.) ;;60.445,52;546,62;;75,83;;64,08;;102,55;;49,2;;190,64;;64,33;
Densidad (hab./Ha.) ;;53,30;217,72;;443,14;;286,29;;226,60;;436,45;;37,11;;237,53;
1.2. LA POBLACIÓN DEL DISTRITO;;;;;;;;;;;;;;;;
1.2.1. Estructura de la población (01/01/2018);;;;;;;;;;;;;;;;
Sexo de la población;100%;3.221.824;3,7%;119.011;28,2%;33.601;15,4%;18.345;19,5%;23.238;18,0%;21.472;5,9%;7.075;12,8%;15.280
Hombres;46,6%;1.500.340;45,3%;53.863;44,6%;15.000;45,9%;8.427;46,5%;10.796;43,7%;9.384;46,9%;3.315;45,4%;6.941
Mujeres;53,4%;1.721.484;54,7%;65.148;55,4%;18.601;54,1%;9.918;53,5%;12.442;56,3%;12.088;53,1%;3.760;54,6%;8.339
Edad media de la población;;44,12;;47,01;;47,34;;44,86;;48,42;;47,08;;47,97;;46,23
De 0 a 14 años;13,5%;435.302;11,9%;14.151;10,2%;3.435;12,9%;2.362;12,3%;2.868;11,8%;2.526;11,6%;818;14,0%;2.142
De 15 a 29;15,3%;492.310;13,6%;16.144;14,4%;4.855;13,4%;2.463;12,6%;2.928;13,4%;2.886;12,0%;852;14,1%;2.160
De 30 a 44;23,1%;745.852;21,3%;25.356;21,6%;7.257;24,2%;4.440;19,4%;4.504;22,4%;4.812;21,0%;1.489;18,7%;2.854
De 45 a 64;27,7%;891.569;27,7%;32.983;29,2%;9.814;28,8%;5.283;25,2%;5.858;27,5%;5.902;28,8%;2.037;26,8%;4.089
De 65 a 79;13,0%;419.069;16,8%;19.977;15,7%;5.290;14,2%;2.612;21,3%;4.945;15,2%;3.256;16,2%;1.145;17,9%;2.729
De 80 y + ;7,4%;237.722;8,7%;10.400;8,8%;2.950;6,5%;1.185;9,2%;2.135;9,7%;2.090;10,4%;734;8,5%;1.306
De 65 y +;20,4%;656.791;25,5%;30.377;24,5%;8.240;20,7%;3.797;30,5%;7.080;24,9%;5.346;26,6%;1.879;26,4%;4.035
Población en etapa educativa (De 3 a 16 años -16 no incluidos-);11,7%;375.923;10,1%;12.049;8,7%;2.928;10,9%;2.002;10,9%;2.523;9,7%;2.091;9,0%;638;12,2%;1.867
Proporción de juventud (Población de 0-15 años/Población total);14,4%;;12,6%;;10,9%;;13,7%;;13,1%;;12,4%;;12,0%;;14,8%;
Proporción de envejecimiento (Población > 65 años/Población total);20,4%;;25,5%;;24,5%;;20,7%;;30,5%;;24,9%;;26,6%;;26,4%;
Proporción de sobreenvejecimiento (Población > 80 años/Población >65 años);36,2%;;34,2%;;35,8%;;31,2%;;30,2%;;39,1%;;39,1%;;32,4%;
Índice de envejecimiento activo (2017);;37,0;;;;;;;;;;;;;;
Hombres;;38,6;;;;;;;;;;;;;;
Mujeres;;35,8;;;;;;;;;;;;;;
Proporción de dependencia (Población de 0-15 + población 65 y + / Pob. 16-64) ;53,3%;;61,6%;;54,9%;;52,4%;;77,2%;;59,5%;;62,8%;;70,2%;
Personas con nacionalidad española;86,9%;2.799.105;92,9%;110.602;91,7%;30.803;93,5%;17.161;96,3%;22.379;90,1%;19.346;90,6%;6.409;94,9%;14.504
Personas con nacionalidad española HOMBRES;46,6%;1.304.453;45,5%;50.335;44,8%;13.803;46,0%;7.894;46,7%;10.443;44,0%;8.504;47,5%;3.045;45,8%;6.646
Personas con nacionalidad española MUJERES;53,4%;1.494.652;54,5%;60.267;55,2%;17.000;54,0%;9.267;53,3%;11.936;56,0%;10.842;52,5%;3.364;54,2%;7.858
Personas con nacionalidad extranjera;13,1%;422.700;7,1%;8.409;8,3%;2.798;6,5%;1.184;3,7%;859;9,9%;2.126;9,4%;666;5,1%;776
Personas con nacionalidad extranjera HOMBRES;46,3%;195.876;42,0%;3.528;42,8%;1.197;45,0%;533;41,1%;353;41,4%;880;40,5%;270;38,0%;295
Personas con nacionalidad extranjera MUJERES;53,7%;226.824;58,0%;4.881;57,2%;1.601;55,0%;651;58,9%;506;58,6%;1.246;59,5%;396;62,0%;481
Proporción de inmigrantes (Extranjeros menos UE y resto países de OCDE / Población total);9,0%;;3,9%;;5,1%;;3,9%;;2,0%;;5,2%;;3,7%;;2,5%;
1ª Nacionalidad Extranjera en el Distrito: ITALIA (proporción respecto total extranjeros);4,5%;18.840;9,1%;765;7,6%;212;8,5%;101;11,6%;100;9,4%;200;10,5%;70;10,6%;82
2ª Nacionalidad Extranjera en el Distrito: CHINA (proporción respecto total extranjeros);8,8%;37.031;6,9%;579;6,3%;177;10,6%;126;6,6%;57;8,0%;171;0,5%;3;5,8%;45
1.2.2. Estructura de los hogares (01-01-2018);;;;;;;;;;;;;;;;
Nº total de hogares;100%;1.278.258;3,8%;48.504;30,2%;14.628;15,6%;7.577;17,8%;8.622;19,0%;9.238;5,8%;2.810;11,6%;5.629
Tamaño medio del hogar;;2,52;;2,45;;2,30;;2,42;;2,70;;2,32;;2,52;;2,71
Hogares con una mujer sola >65 años;9,8%;124.815;11,4%;5.522;12,2%;1.778;8,9%;676;10,9%;936;12,7%;1.175;10,7%;300;11,7%;657
Hogares con un hombre solo >65 años;2,8%;35.963;2,9%;1.423;3,0%;440;2,3%;178;2,7%;236;3,2%;291;4,1%;114;2,9%;164
Hogares monoparentales: una mujer adulta con uno o más menores;2,1%;27.460;1,6%;768;1,6%;238;1,8%;135;1,2%;107;1,8%;163;1,4%;40;1,5%;85
Hogares monoparentales: un hombre adulto con uno o más menores;0,4%;5.488;0,4%;191;0,4%;53;0,5%;37;0,3%;30;0,4%;39;0,3%;8;0,4%;24
1.2.3. Dinámica demográfica;;;;;;;;;;;;;;;;
Tasa bruta de natalidad 2017 (‰);;9,00;;8,39;;7,65;;10,41;;7,20;;8,50;;11,04;;8,01
Tasa de crecimiento demográfico 2017 (‰);;1,24;;0,42;;-0,08;;1,07;;0,32;;0,58;;0,31;;0,69
Esperanza de vida al nacer MUJERES (mortalidad del periodo 2009-2012);;85,9;;86,5;;86,9;;85,3;;86,9;;86,0;;86,9;;86,2
Esperanza de vida al nacer HOMBRES (mortalidad del periodo 2009-2012);;79,9;;80,8;;80,5;;79,3;;83,5;;78,6;;82,8;;81,0
Esperanza de vida al nacer MUJERES (2017);;87,1;;87,2;;;;;;;;;;;;
Esperanza de vida al nacer HOMBRES (2017);;82,0;;83,9;;;;;;;;;;;;
Esperanza de vida > 65 años MUJERES (2017);;24,3;;24,2;;;;;;;;;;;;
Esperanza de vida > 65 años HOMBRES (2017);;20,3;;20,9;;;;;;;;;;;;
1.2.4. Mujeres y hombres;;;;;;;;;;;;;;;;
Índice de desigualdad de género (2017);;0,816;;;;;;;;;;;;;;
Índice de desigualdad de género (2007);;0,738;;;;;;;;;;;;;;
1.3. INDICADORES ECONÓMICOS ;;;;;;;;;;;;;;;;
Renta neta media anual de los hogares (Urban Audit). 2015;;38.534,6 €;134%;51.790,0 €;81%;41.948,9 €;89%;45.842,9 €;112%;58.249,1 €;88%;45.561,1 €;164%;84.955,3 €;133%;69.100,2 €
Renta disponible Bruta Per Cápita 2014(a);;21.145,9 €;;26.806,1 €;;;;;;;;;;;;
Crecimiento/decrecimiento Renta Bruta Per Cápita 2014(a)-2008;-0,2%;-40,4 €;2,5%;663,2 €;;;;;;;;;;;;
Pensión media mensual del Distrito HOMBRES (2015);;1.376,2 €;;1.632,6 €;;;;;;;;;;;;
Pensión media mensual del Distrito MUJERES (2015);;858,8 €;;1.052,9 €;;;;;;;;;;;;
1.4. INDICADORES DE DESEMPLEO;;;;;;;;;;;;;;;;
Tasa de actividad global ciudad de Madrid (EPA. 3º trimestre 2018);61,2%;;;;;;;;;;;;;;;
Hombres ;66,4%;;;;;;;;;;;;;;;
Mujeres;56,8%;;;;;;;;;;;;;;;
Número de parados ciudad de Madrid (EPA. 3º trimestre 2018) (miles);;200,1;;;;;;;;;;;;;;
Hombres (miles);;97,3;;;;;;;;;;;;;;
Mujeres (miles);;102,8;;;;;;;;;;;;;;
Paro registrado (nº de personas registradas en SEPE en agosto 2018);;167.871;2,5%;4.200;29,9%;1.257;18,3%;770;15,4%;647;17,5%;735;4,0%;170;9,8%;412
Tasa absoluta de paro registrado (agosto 2018);7,9%;;5,7%;;6,1%;;6,7%;;5,2%;;5,7%;;4,2%;;4,8%;
Tasa absoluta de paro registrado MUJERES;8,6%;;6,2%;;6,6%;;7,6%;;5,8%;;6,0%;;4,1%;;5,2%;
De 16 a 24 años;4,6%;;1,7%;;1,8%;;3,2%;;1,2%;;1,9%;;0,5%;;1,0%;
De 25 a 44 años;8,3%;;5,8%;;6,2%;;6,5%;;5,5%;;5,3%;;4,0%;;5,7%;
De 45 a 64 años;10,1%;;7,6%;;8,0%;;9,4%;;7,2%;;7,7%;;4,9%;;6,1%;
Tasa absoluta de paro registrado HOMBRES ;7,1%;;5,2%;;5,6%;;5,8%;;4,6%;;5,4%;;4,3%;;4,4%;
De 16 a 24 años;4,5%;;2,1%;;2,3%;;3,6%;;1,1%;;2,0%;;2,1%;;1,5%;
De 25 a 44 años;6,1%;;4,6%;;5,1%;;4,3%;;4,2%;;4,6%;;3,8%;;4,4%;
De 45 a 64 años;9,1%;;6,7%;;7,1%;;8,0%;;6,0%;;7,1%;;5,2%;;5,3%;
Parados de larga duración (agosto 2018);41,0%;68.898;39,3%;1.650;;;;;;;;;;;;
Hombres;40,4%;27.816;40,3%;665;;;;;;;;;;;;
Mujeres ;59,6%;41.082;59,7%;985;;;;;;;;;;;;
Parados que SÍ perciben prestaciones (agosto 2018);37,3%;62.541;42,0%;1.763;;;;;;;;;;;;
Hombres;47,0%;29.412;45,0%;793;;;;;;;;;;;;
Mujeres ;53,0%;33.129;55,0%;970;;;;;;;;;;;;
Parados que NO perciben prestaciones (agosto 2018);62,7%;105.330;58,0%;2.437;;;;;;;;;;;;
Hombres;40,7%;42.906;41,0%;999;;;;;;;;;;;;
Mujeres ;59,3%;62.424;59,0%;1.438;;;;;;;;;;;;
1.5. EDUCACIÓN;;;;;;;;;;;;;;;;
1.5.1. Población en etapas educativas (01/01/2018);100,0%;463.011;100,0%;15.010;100,0%;3.675;100,0%;2.511;100,0%;3.045;100,0%;2.662;100,0%;849;100,0%;2.268
0 a 2 años;18,8%;87.088;19,7%;2.961;20,3%;747;20,3%;509;17,1%;522;21,5%;571;24,9%;211;17,7%;401
Infantil (3 a 5 años);18,7%;86.699;20,0%;2.995;19,7%;723;18,8%;473;20,0%;608;20,5%;545;21,7%;184;20,4%;462
Primaria (6 a 11 años);38,2%;176.730;36,6%;5.497;35,3%;1.298;35,9%;902;38,1%;1.161;36,4%;969;34,3%;291;38,6%;876
Secundaria (12 a 15 años);24,3%;112.494;23,7%;3.557;24,7%;907;25,0%;627;24,8%;754;21,7%;577;19,2%;163;23,3%;529
Etapas educativas. Total niños;51,2%;237.098;50,2%;7.541;48,6%;1.785;49,9%;1.252;52,2%;1.589;49,5%;1.318;51,1%;434;51,3%;1.163
0 a 2 años;18,8%;44.551;19,6%;1.481;20,6%;368;21,0%;263;17,9%;285;19,7%;259;25,3%;110;16,9%;196
Infantil (3 a 5 años);18,8%;44.489;20,0%;1.507;19,9%;356;17,7%;221;19,6%;312;21,3%;281;22,1%;96;20,7%;241
Primaria (6 a 11 años);38,2%;90.647;36,6%;2.762;34,5%;615;36,3%;455;38,1%;606;37,6%;496;32,7%;142;38,5%;448
Secundaria (12 a 15 años);24,2%;57.411;23,8%;1.791;25,0%;446;25,0%;313;24,3%;386;21,4%;282;19,8%;86;23,9%;278
Etapas educativas. Total niñas;48,8%;225.913;49,8%;7.469;51,4%;1.890;50,1%;1.259;47,8%;1.456;50,5%;1.344;48,9%;415;48,7%;1.105
0 a 2 años;18,8%;42.537;19,8%;1.480;20,1%;379;19,5%;246;16,3%;237;23,2%;312;24,3%;101;18,6%;205
Infantil (3 a 5 años);18,7%;42.210;19,9%;1.488;19,4%;367;20,0%;252;20,3%;296;19,6%;264;21,2%;88;20,0%;221
Primaria (6 a 11 años);38,1%;86.083;36,6%;2.735;36,1%;683;35,5%;447;38,1%;555;35,2%;473;35,9%;149;38,7%;428
Secundaria (12 a 15 años);24,4%;55.083;23,6%;1.766;24,4%;461;24,9%;314;25,3%;368;21,9%;295;18,6%;77;22,7%;251
1.5.2. Escolarización de alumnos por tipo de centro (año escolar 2016/17);100%;510.340;100%;16.798;;;;;;;;;;;;
En centros PRIVADOS CONCERTADOS;43,3%;220.761;54,1%;9.093;;;;;;;;;;;;
En centros PRIVADOS SIN CONCIERTO;17,5%;89.197;13,1%;2.196;;;;;;;;;;;;
En centros PÚBLICOS;39,3%;200.382;32,8%;5.509;;;;;;;;;;;;
Total alumnos extranjeros;10,3%;52.588;5,0%;843;;;;;;;;;;;;
En centros PRIVADOS CONCERTADOS;34,7%;18.249;19,2%;162;;;;;;;;;;;;
En centros PRIVADOS SIN CONCIERTO;8,6%;4.514;4,0%;34;;;;;;;;;;;;
En centros PÚBLICOS;56,7%;29.825;76,7%;647;;;;;;;;;;;;
Total alumnos con necesidades de apoyo educativo;3,9%;19.911;1,7%;287;;;;;;;;;;;;
En centros PRIVADOS CONCERTADOS;50,1%;9.977;36,6%;105;;;;;;;;;;;;
En centros PRIVADOS SIN CONCIERTO;3,8%;764;2,4%;7;;;;;;;;;;;;
En centros PÚBLICOS;46,1%;9.170;61,0%;175;;;;;;;;;;;;
1.5.3. Nivel de estudios de la población ≥ 25 años (01/01/2018);;;;;;;;;;;;;;;;
No sabe leer ni escribir o sin estudios;5,2%;129.614;2,1%;1.982;2,3%;645;2,7%;395;1,8%;335;2,2%;377;1,7%;98;1,1%;132
Primaria incompleta;12,1%;301.397;6,6%;6.268;7,8%;2.144;8,0%;1.166;5,6%;1.043;6,7%;1.163;4,7%;272;4,1%;480
Bachiller Elemental, Graduado Escolar, ESO, Formación profesional 1º grado;26,5%;659.083;16,1%;15.372;17,8%;4.905;18,1%;2.637;14,7%;2.739;16,5%;2.857;14,0%;810;12,2%;1.424
Formación profesional 2º grado, Bachiller Superior o BUP;19,1%;475.507;19,6%;18.721;20,7%;5.678;20,1%;2.936;19,4%;3.612;19,0%;3.293;19,7%;1.140;17,6%;2.062
Titulados medios, diplomados, arquitecto o ingeniero técnico;9,7%;240.663;12,6%;12.018;13,1%;3.589;13,0%;1.892;13,6%;2.525;11,2%;1.950;11,2%;650;12,1%;1.412
Estudios superiores, licenciado, arquitecto o ingeniero superior, estudios superiores no universitarios, doctorado, estudios postgraduados;27,3%;681.198;42,9%;40.955;38,1%;10.479;37,9%;5.524;44,7%;8.299;44,2%;7.668;48,5%;2.805;52,8%;6.180
Nivel de estudios desconocido y no consta;0,1%;3.467;0,1%;142;0,1%;39;0,1%;21;0,1%;22;0,2%;28;0,2%;10;0,2%;22
1.5.4. Programa de prevención y control del absentismo escolar;;;;;;;;;;;;;;;;
Casos trabajados por el programa de absentismo municipal (curso escolar 2017-2018);100,0%;3.901;0,7%;28;;;;;;;;;;;;
Casos trabajados HOMBRES;50,1%;1.955;35,7%;10;;;;;;;;;;;;
Casos trabajados MUJERES;49,9%;1.946;64,3%;18;;;;;;;;;;;;
1.6. SALUD;;;;;;;;;;;;;;;;
1.6.1. Hábitos y estilos de vida (2017. Estudio Madrid Salud);;;;;;;;;;;;;;;;
Sedentarismo;30,0%;;24,4%;;;;;;;;;;;;;
Sedentarismo HOMBRES ;25,2%;;;;;;;;;;;;;;;
Sedentarismo MUJERES ;34,0%;;;;;;;;;;;;;;;
Consumo de tabaco diario;18,9%;;15,3%;;;;;;;;;;;;;
Consumo de tabaco diario HOMBRES;20,2%;;;;;;;;;;;;;;;
Consumo de tabaco diario MUJERES ;17,9%;;;;;;;;;;;;;;;
Consumo de medicamentos ;66,3%;;68,0%;;;;;;;;;;;;;
Consumo de medicamentos HOMBRES  ;62,4%;;;;;;;;;;;;;;;
Consumo de medicamentos MUJERES ;69,7%;;;;;;;;;;;;;;;
1.6.2. Indicadores de nivel de salud (2017. Estudio Madrid Salud);;;;;;;;;;;;;;;;
Autopercepción de buen estado de salud  (% respuesta muy buena + buena);72,3%;;77,2%;;;;;;;;;;;;;
Autopercepción de buen estado de salud HOMBRES ;77,4%;;;;;;;;;;;;;;;
Autopercepción de buen estado de salud MUJERES ;68,0%;;;;;;;;;;;;;;;
Calidad de vida relacionada con la salud (CVRS) ;20,2%;;19,9%;;;;;;;;;;;;;
Calidad de vida relacionada con la salud (CVRS) HOMBRES;19,0%;;;;;;;;;;;;;;;
Calidad de vida relacionada con la salud (CVRS) MUJERES;21,1%;;;;;;;;;;;;;;;
Presencia de enfermedad crónica ;39,8%;;39,5%;;;;;;;;;;;;;
Presencia de enfermedad crónica HOMBRES ;36,6%;;;;;;;;;;;;;;;
Presencia de enfermedad crónica MUJERES;42,4%;;;;;;;;;;;;;;;
Hipertensión arterial;18,8%;;19,5%;;;;;;;;;;;;;
Hipertensión arterial HOMBRES;19,7%;;;;;;;;;;;;;;;
Hipertensión arterial MUJERES;18,1%;;;;;;;;;;;;;;;
Diabetes Mellitus;6,0%;;6,0%;;;;;;;;;;;;;
Diabetes Mellitus HOMBRES;6,9%;;;;;;;;;;;;;;;
Diabetes Mellitus MUJERES;5,3%;;;;;;;;;;;;;;;
Personas con obesidad ;12,2%;;9,9%;;;;;;;;;;;;;
Personas con obesidad HOMBRES ;13,3%;;;;;;;;;;;;;;;
Personas con obesidad MUJERES;11,2%;;;;;;;;;;;;;;;
Personas con sobrepeso;33,5%;;37,0%;;;;;;;;;;;;;
Personas con sobrepeso HOMBRES;41,1%;;;;;;;;;;;;;;;
Personas con sobrepeso MUJERES;27,0%;;;;;;;;;;;;;;;
Personas mayores de 65 años con alguna dependencia funcional;32,4%;;42,4%;;;;;;;;;;;;;
Alguna dependencia funcional HOMBRES ;39,1%;;;;;;;;;;;;;;;
Alguna dependencia funcional MUJERES;48,6%;;;;;;;;;;;;;;;
Probabilidad de padecer enfermedad mental (GHQ-12);21,1%;;18,1%;;;;;;;;;;;;;
Probabilidad de padecer enfermedad mental (GHQ-12) HOMBRES;16,6%;;;;;;;;;;;;;;;
Probabilidad de padecer enfermedad (GHQ-12) MUJERES;24,9%;;;;;;;;;;;;;;;
Prevalencia de obesidad en la población infantil (2017. Estudio Madrid Salud. UCM);15,8%;;10,5%;;;;;;;;;;;;;
1.6.3. Discapacidad reconocida (31/12/2015);;;;;;;;;;;;;;;;
Nº de personas con grado de discapacidad reconocido;5,6%;180.040;4,9%;5.788;;;;;;;;;;;;
Hombres;48,1%;86.609;46,6%;2.699;;;;;;;;;;;;
Mujeres;51,9%;93.431;53,4%;3.089;;;;;;;;;;;;
Mujeres por cada 100 hombres (Feminización de la discapacidad reconocida);;107,9;;114,4;;;;;;;;;;;;
1.7. CALIDAD DE VIDA  (2017. Estudio >16 años);;;;;;;;;;;;;;;;
1.7.1. Calidad de vida y agenda pública (indicador sintético 0-100);;;;;;;;;;;;;;;;
Satisfacción de vivir en su barrio ;;69,8;;73,6;;;;;;;;;;;;
Calidad de vida actual en su barrio ;;69,5;;76,9;;;;;;;;;;;;
Convivencia vecinal;;67,8;;74,0;;;;;;;;;;;;
1.7.2. Satisfacción con los servicios públicos (escala 0-10);;;;;;;;;;;;;;;;
Espacios verdes;;6,6;;7,3;;;;;;;;;;;;
Parques infantiles ;;6,3;;6,9;;;;;;;;;;;;
Centros culturales;;6,9;;6,9;;;;;;;;;;;;
Organización de fiestas y eventos populares;;6,7;;6,7;;;;;;;;;;;;
Instalaciones deportivas;;6,7;;6,9;;;;;;;;;;;;
Servicios sociales municipales;;6,6;;6,9;;;;;;;;;;;;
Desigualdad en las dotaciones de los barrios (% respuesta muy alta + alta);82,9%;;86,7%;;;;;;;;;;;;;
1.7.3. Principales problemas de la ciudadanía (% personas encuestadas);;;;;;;;;;;;;;;;
1º. Limpieza;41,1%;;44,8%;;;;;;;;;;;;;
2º. Contaminación del aire;15,0%;;39,9%;;;;;;;;;;;;;
3º. Tráfico / atascos;10,8%;;27,3%;;;;;;;;;;;;;
1.7.4. Percepción de seguridad (indicador sintético 0-100);;;;;;;;;;;;;;;;
Percepción de seguridad en Madrid;;69,0;;65,0;;;;;;;;;;;;
Percepción de seguridad en el barrio por el día;;75,4;;79,7;;;;;;;;;;;;
Percepción de seguridad en el barrio por la noche;;61,6;;66,3;;;;;;;;;;;;
1.7.5. Problemas que afectan a la seguridad en los espacios públicos del distrito (escala 0-10);;;;;;;;;;;;;;;;
1º. Residuos por excrementos de animales domésticos;;6,7;;6,1;;;;;;;;;;;;
2º. Conductas que ponen en riesgo la seguridad vial;;4,1;;4,4;;;;;;;;;;;;
3º. Molestias por ruido;;3,8;;3,7;;;;;;;;;;;;
1.7.6. Administración de la ciudad (% de respuesta);;;;;;;;;;;;;;;;
Medio de información de la actividad del Ayuntamiento: REDES SOCIALES;19,3%;;17,5%;;;;;;;;;;;;;
Preferencia de contacto con el Ayuntamiento: EN PERSONA;48,6%;;50,3%;;;;;;;;;;;;;
Percepción sobre la administración del Ayto. en los últimos 5 años: HA MEJORADO;35,3%;;28,7%;;;;;;;;;;;;;
Percepción sobre la administración del Ayto. en los últimos 5 años: HA EMPEORADO;14,5%;;14,7%;;;;;;;;;;;;;
1.7.7. Amigabilidad de la ciudad (% respuesta mucho + bastante);;;;;;;;;;;;;;;;
Madrid ciudad amigable con las personas lesbianas, gays, transexuales y bisexuales;70,8%;;61,1%;;;;;;;;;;;;;
1.8. INDICADORES DE VULNERABILIDAD;;;;;;;;;;;;;;;;
1.8.1. Índice de vulnerabilidad territorial (2018);;;;;;;;;;;;;;;;
Índice de vulnerabilidad territorial;;;;0,0059;;0,0062;;0,0063;;0,0057;;0,0061;;0,0056;;0,0055
Posición en el ranking de distritos y/o barrios de vulnerabilidad territorial;;;;21;;104;;97;;119;;106;;121;;124
1.8.2. Tasa de riesgo de pobleza o exclusión social. Indicador AROPE (2017. Encuesta de Condiciones de Vida);;;;;;;;;;;;;;;;
Tasa de riesgo de pobleza o exclusión social;26,0%;;;;;;;;;;;;;;;
Tasa de riesgo de pobleza o exclusión social HOMBRES;23,9%;;;;;;;;;;;;;;;
Tasa de riesgo de pobleza o exclusión social MUJERES;27,9%;;;;;;;;;;;;;;;
Tasa de riesgo de pobleza o exclusión social N. ESPAÑOLA (>16 años);22,0%;;;;;;;;;;;;;;;
Tasa de riesgo de pobleza o exclusión social N. EXTRANJERA UNIÓN EUROPEA (>16 años);18,1%;;;;;;;;;;;;;;;
Tasa de riesgo de pobleza o exclusión social N. EXTRANJERA RESTO DEL MUNDO (>16 años);63,2%;;;;;;;;;;;;;;;
1.8.3. Tasa de riesgo de pobreza de los hogares (2016. Estudio de Necesidades Sociales. Hogares);;;;;;;;;;;;;;;;
Pareja o matrimonio con hijos;;35,7%;;;;;;;;;;;;;;
Hogar formado por madre con hijos a cargo;;41,1%;;;;;;;;;;;;;;
Nacido en España;;26,4%;;;;;;;;;;;;;;
Nacido en un país fuera de la Unión Europea;;39,2%;;;;;;;;;;;;;;
1.8.4. Situación económica de los hogares (2016. Estudio de Necesidades Sociales. Hogares);;;;;;;;;;;;;;;;
Dificultad para llegar a fin de mes (% respuesta mucha dificultad + dificultad);;20,0%;;;;;;;;;;;;;;
Imposibilidad de hacer frente a un gasto imprevisto de 650€;;38,7%;;;;;;;;;;;;;;
Dificultad para hacer frente a los gastos derivados del suministro energético;;9,5%;;;;;;;;;;;;;;
Entrevistados que han acudido a Servicios Sociales Municipales para solicitar atención social;;10,0%;;;;;;;;;;;;;;
1.9. SERVICIOS SOCIALES;;;;;;;;;;;;;;;;
1.9.1. Población en general (2017);;;;;;;;;;;;;;;;
Personas atendidas en la Unidad de Primera Atención en Centros de Servicios Sociales;;129.281;1,7%;2212;;;;;;;;;;;;
Solicitudes tramitadas de Renta Mínima de Inserción;;6.969;0,6%;45;;;;;;;;;;;;
Perceptores de prestación de la Renta Mínima de Inserción;;16.219;0,7%;113;;;;;;;;;;;;
Beneficiarios de prestaciones sociales de carácter económico;;13.632;1,2%;163;;;;;;;;;;;;
Total prestaciones sociales de carácter económico (€);;7.440.030;1,6%;118.021;;;;;;;;;;;;
1.9.2. Personas Mayores (2017);;;;;;;;;;;;;;;;
Personas con Servicio de Ayuda a Domicilio (modalidad auxiliar de hogar);;71.238;1,8%;1311;;;;;;;;;;;;
Hombres;;16.914;1,5%;252;;;;;;;;;;;;
Mujeres;;54.324;1,9%;1.059;;;;;;;;;;;;
Personas socias de los Centros Municipales de Mayores;;325.924;4,3%;14130;;;;;;;;;;;;
Hombres;;124.008;4,1%;5.024;;;;;;;;;;;;
Mujeres ;;201.916;4,5%;9.106;;;;;;;;;;;;
1.9.3. Menores y Familia (2017);;;;;;;;;;;;;;;;
Familias atendidas por el Equipo de Trabajo con Menores y Familia (ETMF);;7.519;2,5%;189;;;;;;;;;;;;
Demandas de intervención en los Centros de Atención a la Infancia (CAI);;2.130;2,4%;51;;;;;;;;;;;;
Menores atendidos por el Servicio de Ayuda a domicilio a Menores y Familias (SAD) ;;1.361;0,8%;11;;;;;;;;;;;;
1.10. VIVIENDA;;;;;;;;;;;;;;;;
1.10.1. PLAN MAD-RE: PLAN ESTRATÉGICO MADRID RECUPERA (Programa de actuaciones 2018-2030);;;;;;;;;;;;;;;;
Planes Integrales Territoriales de Barrios Apirus;;48;0,0%;0;;;;;;;;;;;;
Planes Integrales Territoriales de Ordenación y Gestión;;71;0,0%;0;;;;;;;;;;;;
Proyecto Estratégico Ambiental;;13;0,0%;0;;;;;;;;;;;;
Proyecto Estratégico de Espacio Público;;140;0,0%;0;;;;;;;;;;;;
Proyecto Estratégico de Movilidad;;103;0,0%;0;;;;;;;;;;;;
1.10.2. Estado de las viviendas;;;;;;;;;;;;;;;;
Nº Total de viviendas (Censo Edificios y Viviendas 2011);100%;1.530.955;100%;56595;;;;;;;;;;;;
Viviendas anteriores a 1980;69,4%;1.061.825;76,3%;43.185;;;;;;;;;;;;
Estado ruinoso;0,2%;3.445;0,1%;45;;;;;;;;;;;;
Estado malo;0,8%;12.705;0,5%;255;;;;;;;;;;;;
Estado deficiente;4,4%;66.775;0,8%;445;;;;;;;;;;;;
Estado bueno;92,8%;1.420.265;97,1%;54.950;;;;;;;;;;;;
No consta;1,8%;27.770;1,6%;900;;;;;;;;;;;;
Valor catastral medio de los bienes inmuebles: personas físicas (2018);;91.159,1 €;146,0%;133.088,8 €;71,6%;95.322 €;67,0%;89.196 €;93,5%;124.452 €;120,4%;160.287 €;247,9%;329.937 €;154,5%;205.637 €
Valor catastral medio de los bienes inmuebles: personas jurídicas (2018);;370.572,5 €;131,0%;485.560,5 €;53,7%;260.982 €;38,1%;184.873 €;75,9%;368.587 €;108,9%;528.990 €;384,0%;1.864.688 €;85,3%;414.273 €
Superficie media de la vivienda (m2) en transacción (2017);;84;112,6%;94;74,6%;70;90,6%;85;116,7%;110;94,0%;89;171,6%;162;120,9%;114
Duración media del crédito (meses) en transacción de vivienda (2017);;296;97,0%;287;96,9%;278;105,6%;303;110,1%;316;94,8%;272;96,9%;278;98,6%;283
1.10.3. Tipología de las viviendas ;;;;;;;;;;;;;;;;
Nº Total de viviendas familiares (Censo Edificios y Viviendas 2001);100,0%;1.378.931;100,0%;53.985;100,0%;16.761;100,0%;7.277;100,0%;9.428;100,0%;11.003;100,0%;3.460;100,0%;6.056
Principal;78,3%;1.080.306;83,1%;44.845;82,4%;13.819;80,0%;5.819;88,5%;8.342;82,1%;9.030;75,7%;2.619;86,1%;5.216
Secundaria;7,7%;106.192;5,8%;3.156;6,2%;1.037;4,4%;322;4,6%;429;7,4%;809;5,3%;183;6,2%;376
Desocupada;12,9%;178.377;8,2%;4.443;7,9%;1.321;11,3%;823;5,7%;535;8,9%;980;13,8%;478;5,1%;306
Otro tipo;1,0%;13.998;2,9%;1.541;3,5%;584;4,3%;313;1,3%;122;1,7%;184;5,2%;180;2,6%;158
1.10.4. Lanzamientos judiciales (Consejo General del Poder Judicial);;;;;;;;;;;;;;;;
Lanzamientos judiciales practicados (2013);100%;5.020;;;;;;;;;;;;;;
Como consecuencia de ejecuciones hipotecarias;29,9%;1.501;;;;;;;;;;;;;;
Como consecuencia de la Ley de Arrendamientos Urbanos;62,5%;3.137;;;;;;;;;;;;;;
Lanzamientos judiciales practicados (2017);100%;3.416;;;;;;;;;;;;;;
Como consecuencia de ejecuciones hipotecarias;19,1%;654;;;;;;;;;;;;;;
Como consecuencia de la Ley de Arrendamientos Urbanos;79,4%;2.713;;;;;;;;;;;;;;
1.11. MEDIO AMBIENTE Y RESIDUOS;;;;;;;;;;;;;;;;
1.11.1. Contaminantes del aire (2017);;;;;;;;;;;;;;;;
Partículas suspensión PM2.5 (µgr/m3) -Valor límite: 25 µgr/m3-;;10,2;;;;;;;;;;;;;;
Partículas suspensión PM10 (µgr/m3) -Valor límite: 40 µgr/m3-;;20,1;;;;;;;;;;;;;;
Dióxido de azufre - SO2 (µgr/m3) -Valor límite: 125 µgr/m3-;;7,0;;;;;;;;;;;;;;
Monóxido de carbono - CO2 (mg/m3) -Valor límite: 10 µgr/m3-;;0,4;;;;;;;;;;;;;;
Ozono - O3 (µgr/m3) -Valor límite: 120 µgr/m3-;;48,0;;;;;;;;;;;;;;
Dióxido de nitrógeno - NO2 (µgr/m3) -Valor límite: 40 µgr/m3-;;42,0;;;;;;;;;;;;;;
Temperatura media anual (ºC);;16,6º;;;;;;;;;;;;;;
Protocolo de contaminación: nº de episodios (2018);;4;;;;;;;;;;;;;;
"Protocolo de contaminación: nº de días ""Escenario 1"" (2018)";;7;;;;;;;;;;;;;;
1.11.2. Recogida domiciliaria de resíduos sólidos: envases y resto (2017);;;;;;;;;;;;;;;;
kg/habitante/año;;357;;307;;;;;;;;;;;;
kg/habitante/día;;0,978;;0,841;;;;;;;;;;;;
1.12. SEGURIDAD;;;;;;;;;;;;;;;;
Intervenciones de la Policía Municipal en materia de seguridad (2018);;;;;;;;;;;;;;;;
Relacionadas con las personas;;5.402;1,1%;58;;;;;;;;;;;;
Relacionadas con la tenencia de armas;;805;1,2%;10;;;;;;;;;;;;
Relacionadas con el patrimonio;;6.525;0,9%;61;;;;;;;;;;;;
Relacionadas con la tenencia y consumo de drogas;;8.750;1,2%;109;;;;;;;;;;;;
Expedientes instruidos por Agentes Tutores;;635;0,6%;4;;;;;;;;;;;;
Atestados/partes de accidentes de tráfico confeccionados;;16.229;4,6%;748;;;;;;;;;;;;
Detenidos e investigados de la Policía Municipal en materia de seguridad (2018);;;;;;;;;;;;;;;;
Total detenidos e investigados;100%;9.010;2,1%;192;;;;;;;;;;;;
Lesiones;4,4%;396;;;;;;;;;;;;;;
Violencia doméstica y de género;8,8%;790;;;;;;;;;;;;;;
Malos tratos a menores;0,9%;80;;;;;;;;;;;;;;
Abusos y agresiones sexuales;0,9%;81;;;;;;;;;;;;;;
Hurtos;10,5%;945;;;;;;;;;;;;;;
Robo con violencia e intimidación en personas;1,6%;144;;;;;;;;;;;;;;
Contra la salud pública;2,9%;257;;;;;;;;;;;;;;
Contra la seguridad vial;41,7%;3.758;;;;;;;;;;;;;;
1.13. RESULTADOS ELECCIONES LOCALES (2015);;;;;;;;;;;;;;;;
Censo electoral;100,0%;2.388.047;100%;97.239;100%;27.849;100%;14.284;100%;19.531;100%;17.429;100%;5.784;100,0%;12.362
Abstención;31,2%;743.954;25,3%;24.587;26,3%;7.312;24,9%;3.558;22,2%;4.345;28,2%;4.923;27,8%;1.610;23,0%;2.839
Votos blancos;0,7%;15.825;0,8%;753;0,7%;206;0,9%;131;0,8%;162;0,7%;115;0,6%;33;0,9%;106
Votos a candidaturas;67,7%;1.616.217;73,5%;71.481;72,5%;20.202;73,7%;10.521;76,5%;14.943;70,7%;12.330;71,3%;4.122;75,7%;9.363
PP;23,6%;564.154;32,3%;31.433;28,4%;7.901;26,4%;3.777;36,1%;7.055;30,7%;5.356;40,1%;2.319;40,6%;5.025
PSOE;10,4%;249.286;6,8%;6.659;8,0%;2.229;8,6%;1.235;6,6%;1.280;6,1%;1.060;4,6%;268;4,7%;587
Ahora Madrid;21,8%;519.721;21,0%;20.456;23,5%;6.537;24,8%;3.540;20,0%;3.903;21,0%;3.655;14,9%;862;15,8%;1.959
Ciudadanos;7,8%;186.487;9,4%;9.105;8,7%;2.430;9,9%;1.413;9,5%;1.856;8,9%;1.555;8,8%;508;10,9%;1.343
1.14. SERVICIOS Y EQUIPAMIENTOS MUNICIPALES;;;;;;;;;;;;;;;;
1.14.1. Servicios Sociales Municipales (2019);;;;;;;;;;;;;;;;
Centros de Servicios Sociales;;39;2,6%;1;;0;;0;;1;;0;;0;;0
Centros Municipales de Mayores ;;90;3,3%;3;;1;;0;;1;;0;;0;;1
Centros de Día de Alzheimer y Físicos;;89;3,4%;3;;1;;1;;1;;0;;0;;0
Apartamentos Municipales para Mayores;;2;50,0%;1;;0;;0;;1;;0;;0;;0
Residencias para personas Mayores ;;3;0,0%;0;;0;;0;;0;;0;;0;;0
Centros de Apoyo a las Familias (CAF);;7;0,0%;0;;0;;0;;0;;0;;0;;0
Centros de Atención a la Infancia (CAI);;13;0,0%;0;;0;;0;;0;;0;;0;;0
Centro de Día de Atención a Niños y Niñas (de 3 a 12 años);;28;3,6%;1;;0;;0;;0;;1;;0;;0
Espacios de Ocio para Adolescentes (El Enredadero);;5;20,0%;1;;1;;0;;0;;0;;0;;0
Centros de Adolescentes y Jóvenes (ASPA) ;;9;0,0%;0;;0;;0;;0;;0;;0;;0
Centros para personas sin hogar;;12;0,0%;0;;0;;0;;0;;0;;0;;0
1.14.2. Género (2019);;;;;;;;;;;;;;;;
Espacios de Igualdad;;13;7,7%;1;;0;;1;;0;;0;;0;;0
1.14.3. Salud (2019);;;;;;;;;;;;;;;;
Centros Municipales de Salud Comunitaria (CMSC);;16;0,0%;0;;0;;0;;0;;0;;0;;0
Centros de Atención a las Adicciones (CAD y CCAD);;10;0,0%;0;;0;;0;;0;;0;;0;;0
1.14.4. Cultura (2019);;;;;;;;;;;;;;;;
Nº de Bibliotecas Municipales;;34;2,9%;1;;0;;0;;0;;0;;1;;0
Nº de Bibliotecas Comunidad Madrid;;16;6,3%;1;;0;;1;;0;;0;;0;;0
Nº de Centros Culturales;;108;5,6%;6;;2;;1;;0;;1;;2;;0
1.14.5. Deportes (2019);;;;;;;;;;;;;;;;
Centros deportivos Municipales;;72;5,6%;4;50,0%;2;0,0%;0;0,0%;0;0,0%;0;50,0%;2;0,0%;0
Superficie deportiva m2 (2017);;2.074.404;3,0%;62.380;;;;;;;;;;;;
Instalaciones deportivas básicas;;477;2,1%;10;10,0%;1;30,0%;3;30,0%;3;0,0%;0;20,0%;2;10,0%;1
Acceso controlado (2017);;97;1,0%;1;;;;;;;;;;;;
Campos de fútbol 11;;21;4,8%;1;;0;;0;;0;;0;;1;;0
Pista de atletismo ;;7;0,0%;0;;0;;0;;0;;0;;0;;0
Piscinas cubiertas;;49;2,0%;1;;1;;0;;0;;0;;0;;0
Piscinas de verano;;23;0,0%;0;;0;;0;;0;;0;;0;;0
1.14.6. Zonas verdes (2016);;;;;;;;;;;;;;;;
Zonas verdes (Ha);;6.219,15;2,5%;154,2;;;;;;;;;;;;
"Relación de zona verde (m2)/habitante (deseables 15m2/hab; mínimo 10m2/hab)";;19,30;;12,95;;;;;;;;;;;;
1.14.7. Educación (Curso académico 2018-2019);;;;;;;;;;;;;;;;
Escuelas Infantiles Municipales (2019);;56;1,8%;1;;1;;0;;0;;0;;0;;0
Escuelas Infantiles Públicas CAM;;150;1,3%;2;;;;;;;;;;;;
Escuelas Infantiles Privadas;;419;4,1%;17;;;;;;;;;;;;
Colegios Públicos Infantil y Primaria (+ 3 centros con Secundaria);;247;2,4%;6;;;;;;;;;;;;
Institutos Públicos de Educación Secundaria;;112;2,7%;3;;;;;;;;;;;;
Colegios Privados Inf. o Pri. o Inf. y Pri.;;88;8,0%;7;;;;;;;;;;;;
Colegios Privados Inf., Pri. y Sec. o Pri. y Sec. ;;274;3,3%;9;;;;;;;;;;;;
1.14.8. Empresa y Comercio (2019);;;;;;;;;;;;;;;;
Mercados Municipales;;45;4,4%;2;;1;;0;;0;;1;;0;;0
1.15. PARTICIPACIÓN CIUDADANA ;;;;;;;;;;;;;;;;
1.15.1. Entidades de participación ciudadana (2019) ;;;;;;;;;;;;;;;;
Asociaciones (Sección 1ª);;2.412;3,6%;88;23,9%;21;17,0%;15;14,8%;13;14,8%;13;18,2%;16;11,4%;10
Nº de asociaciones culturales y casas regionales;;489;4,7%;23;17,4%;4;26,1%;6;17,4%;4;17,4%;4;4,3%;1;17,4%;4
Nº de asociaciones de mujeres;;75;4,0%;3;66,7%;2;0,0%;0;0,0%;0;0,0%;0;33,3%;1;0,0%;0
Nº de asociaciones de vecinos;;221;2,7%;6;16,7%;1;16,7%;1;33,3%;2;16,7%;1;16,7%;1;0,0%;0
Fundaciones (Sección 2ª);;24;4,2%;1;0,0%;0;0,0%;0;0,0%;0;100,0%;1;0,0%;0;0,0%;0
1.15.2 Decide Madrid;;;;;;;;;;;;;;;;
Presupuestos participativos 2018: nº propuestas;;3.323;2,7%;91;;;;;;;;;;;;
Presupuestos participativos 2018: nº participantes;;115.594;2,1%;2425;;;;;;;;;;;;
Votación ciudadana 2017: nº votaciones;;217.323;4,4%;9.518;;;;;;;;;;;;
;;;;;;;;;;;;;;;;
;;;;;;;;;;;;;;;;
1.16. PRESUPUESTO 2019;;;;;;;;;;;;;;;;
PROGRAMA;;CAPÍTULOS;;;;;;;;;;;;;;
;;1;;2;;3;;4;;5;;6;;7;;TOTAL
OTRAS ACTUACIONES EN VÍAS PÚBLICAS;153.22;;;41.190 €;;;;;;;;;;;;41.190 €
FAMILIA E INFANCIA;231.02;;;241.908 €;;;;156.274 €;;;;;;;;398.182 €
PERSONAS MAYORES Y SERVICIOS SOCIALES;231.03;;;3.680.225 €;;;;5.200 €;;;;;;5.284 €;;3.690.709 €
INTEGRACIÓN COMUNITARIA Y EMERGENCIA SOCIAL;231.06;1.040.267 €;;114.818 €;;;;7.650 €;;;;8.000 €;;2.000 €;;1.172.735 €
SALUBRIDAD PÚBLICA;311.01;446.827 €;;2.300 €;;;;;;;;;;;;449.127 €
CENTROS DOCENTES ENSEÑANZA INFANTIL Y PRIMARIA;323.01;;;1.330.899 €;;;;;;;;;;;;1.330.899 €
ABSENTISMO;325.01;;;29.590 €;;;;;;;;;;;;29.590 €
SERVICIOS COMPLEMENTARIOS EDUCACIÓN;326.01;;;480.648 €;;;;;;;;30.000 €;;;;510.648 €
ACTIVIDADES CULTURALES;334.01;326.244 €;;867.265 €;;;;4.000 €;;;;3.500 €;;;;1.201.009 €
ACTUACIONES DEPORTIVAS EN DISTRITOS;341.01;;;58.215 €;;;;;;;;;;;;58.215 €
INSTALACIONES DEPORTIVAS;342.01;4.333.483 €;;333.464 €;;;;;;;;15.000 €;;;;4.681.947 €
CONSUMO;493.00;117.951 €;;100 €;;;;;;;;;;;;118.051 €
CONCEJALÍA-PRESIDENCIA DEL DISTRITO;912.2;230.381 €;;3.267 €;;;;;;;;;;;;233.648 €
DIREC. Y GESTIÓN ADMTVA. DEL DISTRITO;920.01;3.352.239 €;;322.995 €;;500 €;;;;;;4.700 €;;;;3.680.434 €
PARTICIPACIÓN CIUDADANA Y VOLUNTARIADO;924.01;;;18.150 €;;;;100.000 €;;;;;;;;118.150 €
EDIFICIOS;933.02;;;2.089.873 €;;;;;;;;1.600 €;;;;2.091.473 €
CENTRO 001;;9.847.392 €;;9.614.907 €;;500 €;;273.124 €;;0 €;;62.800 €;;7.284 €;;19.806.007 €
SECCIÓN 203;;9.847.392 €;;9.614.907 €;;500 €;;273.124 €;;0 €;;62.800 €;;7.284 €;;19.806.007 €
