21. BARAJAS. INFORMACIÓN DE DISTRITO Y BARRIOS;;;;;;;;;;;;;;;;
 ;CIUDAD;;BARAJAS;;Alameda de Osuna;;Aeropuerto;;Casco Histórico de Barajas;;Timón;;Corralejos;;;
1.1 CARACTERÍSTICAS GENERALES DEL DISTRITO-BARRIO;;;;;;;;;;;;;;;;
Superficie (Ha.) ;;60.445,52;4.192,28;;197,03;;2.962,61;;54,94;;509,45;;468,25;;;
Densidad (hab./Ha.) ;;53,30;11,41;;98,69;;0,61;;133,53;;23,06;;16,04;;;
1.2. LA POBLACIÓN DEL DISTRITO;;;;;;;;;;;;;;;;
1.2.1. Estructura de la población (01/01/2018);;;;;;;;;;;;;;;;
Sexo de la población;100%;3.221.824;1,5%;47.836;40,7%;19.446;3,8%;1.794;15,3%;7.336;24,6%;11.750;15,7%;7.510;;
Hombres;46,6%;1.500.340;48,4%;23.136;48,1%;9.356;51,4%;922;48,4%;3.550;48,1%;5.651;48,7%;3.657;;
Mujeres;53,4%;1.721.484;51,6%;24.700;51,9%;10.090;48,6%;872;51,6%;3.786;51,9%;6.099;51,3%;3.853;;
Edad media de la población;;44,12;;41,56;;44,52;;42,00;;44,47;;37,66;;37,07;;
De 0 a 14 años;13,5%;435.302;17,5%;8.348;16,0%;3.108;14,6%;262;11,0%;806;19,9%;2.334;24,5%;1.838;;
De 15 a 29;15,3%;492.310;13,5%;6.475;12,4%;2.408;16,6%;297;14,8%;1.089;14,4%;1.697;13,1%;984;;
De 30 a 44;23,1%;745.852;24,0%;11.491;21,1%;4.097;24,4%;438;26,9%;1.977;28,5%;3.349;21,7%;1.630;;
De 45 a 64;27,7%;891.569;27,4%;13.091;25,6%;4.979;29,0%;520;28,7%;2.104;27,1%;3.182;30,7%;2.306;;
De 65 a 79;13,0%;419.069;13,3%;6.382;20,6%;4.004;8,6%;154;11,9%;875;7,0%;820;7,0%;529;;
De 80 y + ;7,4%;237.722;4,3%;2.049;4,4%;850;6,9%;123;6,6%;485;3,1%;368;3,0%;223;;
De 65 y +;20,4%;656.791;17,6%;8.431;25,0%;4.854;15,4%;277;18,5%;1.360;10,1%;1.188;10,0%;752;;
Población en etapa educativa (De 3 a 16 años -16 no incluidos-);11,7%;375.923;15,2%;7.249;14,3%;2.777;11,9%;214;9,1%;668;16,2%;1.902;22,5%;1.688;;
Proporción de juventud (Población de 0-15 años/Población total);14,4%;;18,5%;;17,0%;;15,1%;;11,6%;;21,0%;;25,9%;;;
Proporción de envejecimiento (Población > 65 años/Población total);20,4%;;17,6%;;25,0%;;15,4%;;18,5%;;10,1%;;10,0%;;;
Proporción de sobreenvejecimiento (Población > 80 años/Población >65 años);36,2%;;24,3%;;17,5%;;44,4%;;35,7%;;31,0%;;29,7%;;;
Índice de envejecimiento activo (2017);;37,0;;;;;;;;;;;;;;
Hombres;;38,6;;;;;;;;;;;;;;
Mujeres;;35,8;;;;;;;;;;;;;;
Proporción de dependencia (Población de 0-15 + población 65 y + / Pob. 16-64) ;53,3%;;56,5%;;72,3%;;44,0%;;43,1%;;45,1%;;56,0%;;;
Personas con nacionalidad española;86,9%;2.799.105;91,1%;43.599;94,6%;18.402;80,7%;1.447;82,7%;6.068;90,7%;10.659;93,5%;7.023;;
Personas con nacionalidad española HOMBRES;46,6%;1.304.453;48,8%;21.280;48,4%;8.907;51,3%;743;49,2%;2.984;48,7%;5.192;49,2%;3.454;;
Personas con nacionalidad española MUJERES;53,4%;1.494.652;51,2%;22.319;51,6%;9.495;48,7%;704;50,8%;3.084;51,3%;5.467;50,8%;3.569;;
Personas con nacionalidad extranjera;13,1%;422.700;8,9%;4.237;5,4%;1.044;19,3%;347;17,3%;1.268;9,3%;1.091;6,5%;487;;
Personas con nacionalidad extranjera HOMBRES;46,3%;195.876;43,8%;1.856;43,0%;449;51,6%;179;44,6%;566;42,1%;459;41,7%;203;;
Personas con nacionalidad extranjera MUJERES;53,7%;226.824;56,2%;2.381;57,0%;595;48,4%;168;55,4%;702;57,9%;632;58,3%;284;;
Proporción de inmigrantes (Extranjeros menos UE y resto países de OCDE / Población total);9,0%;;4,7%;;2,4%;;13,8%;;10,2%;;5,2%;;2,4%;;;
1ª Nacionalidad Extranjera en el Distrito: RUMANIA (proporción respecto total extranjeros);10,8%;45.718;15,6%;663;11,9%;124;21,9%;76;20,2%;256;16,5%;180;5,5%;27;;
2ª Nacionalidad Extranjera en el Distrito: MARRUECOS (proporción respecto total extranjeros);5,2%;21.781;7,7%;325;1,1%;11;18,7%;65;12,6%;160;7,3%;80;1,8%;9;;
1.2.2. Estructura de los hogares (01-01-2018);;;;;;;;;;;;;;;;
Nº total de hogares;100%;1.278.258;1,4%;17.843;40,2%;7.170;3,8%;675;17,2%;3.064;24,6%;4.393;14,2%;2.541;;
Tamaño medio del hogar;;2,52;;2,68;;2,71;;2,66;;2,39;;2,67;;2,96;;
Hogares con una mujer sola >65 años;9,8%;124.815;6,3%;1.131;7,9%;569;8,7%;59;7,8%;238;4,3%;189;3,0%;76;;
Hogares con un hombre solo >65 años;2,8%;35.963;2,3%;410;3,1%;225;2,8%;19;2,4%;75;1,4%;61;1,2%;30;;
Hogares monoparentales: una mujer adulta con uno o más menores;2,1%;27.460;2,9%;526;2,5%;182;1,9%;13;1,6%;48;4,0%;174;4,3%;109;;
Hogares monoparentales: un hombre adulto con uno o más menores;0,4%;5.488;0,9%;152;0,8%;59;0,7%;5;0,2%;7;0,9%;39;1,7%;42;;
1.2.3. Dinámica demográfica;;;;;;;;;;;;;;;;
Tasa bruta de natalidad 2017 (‰);;9,00;;10,05;;8,09;;8,94;;8,06;;15,98;;8,33;;
Tasa de crecimiento demográfico 2017 (‰);;1,24;;2,03;;0,31;;0,56;;0,31;;6,38;;1,88;;
Esperanza de vida al nacer MUJERES (mortalidad del periodo 2009-2012);;85,9;;86,2;;86,7;;83,0;;86,7;;85,3;;86,0;;
Esperanza de vida al nacer HOMBRES (mortalidad del periodo 2009-2012);;79,9;;80,7;;80,9;;79,1;;79,3;;80,4;;83,2;;
Esperanza de vida al nacer MUJERES (2017);;87,1;;88,3;;;;;;;;;;;;
Esperanza de vida al nacer HOMBRES (2017);;82,0;;84,6;;;;;;;;;;;;
Esperanza de vida > 65 años MUJERES (2017);;24,3;;25,1;;;;;;;;;;;;
Esperanza de vida > 65 años HOMBRES (2017);;20,3;;21,4;;;;;;;;;;;;
1.2.4. Mujeres y hombres;;;;;;;;;;;;;;;;
Índice de desigualdad de género (2017);;0,816;;;;;;;;;;;;;;
Índice de desigualdad de género (2007);;0,738;;;;;;;;;;;;;;
1.3. INDICADORES ECONÓMICOS ;;;;;;;;;;;;;;;;
Renta neta media anual de los hogares (Urban Audit). 2015;;38.534,6 €;120%;46.347,0 €;113%;52.281,2 €;52%;24.254,3 €;64%;29.450,0 €;87%;40.271,0 €;142%;65.879,2 €;;
Renta disponible Bruta Per Cápita 2014(a);;21.145,9 €;;24.706,8 €;;;;;;;;;;;;
Crecimiento/decrecimiento Renta Bruta Per Cápita 2014(a)-2008;-0,2%;-40,4 €;5,0%;1.178,8 €;;;;;;;;;;;;
Pensión media mensual del Distrito HOMBRES (2015);;1.376,2 €;;1.573,9 €;;;;;;;;;;;;
Pensión media mensual del Distrito MUJERES (2015);;858,8 €;;891,3 €;;;;;;;;;;;;
1.4. INDICADORES DE DESEMPLEO;;;;;;;;;;;;;;;;
Tasa de actividad global ciudad de Madrid (EPA. 3º trimestre 2018);61,2%;;;;;;;;;;;;;;;
Hombres ;66,4%;;;;;;;;;;;;;;;
Mujeres;56,8%;;;;;;;;;;;;;;;
Número de parados ciudad de Madrid (EPA. 3º trimestre 2018) (miles);;200,1;;;;;;;;;;;;;;
Hombres (miles);;97,3;;;;;;;;;;;;;;
Mujeres (miles);;102,8;;;;;;;;;;;;;;
Paro registrado (nº de personas registradas en SEPE en agosto 2018);;167.871;1,0%;1.744;31,3%;545;5,5%;96;21,8%;381;27,1%;472;11,4%;199;;
Tasa absoluta de paro registrado (agosto 2018);7,9%;;5,6%;;5,0%;;7,8%;;7,6%;;5,8%;;4,2%;;;
Tasa absoluta de paro registrado MUJERES;8,6%;;6,6%;;5,8%;;9,5%;;8,5%;;6,9%;;5,0%;;;
De 16 a 24 años;4,6%;;1,4%;;1,0%;;1,5%;;2,8%;;1,6%;;1,0%;;;
De 25 a 44 años;8,3%;;6,4%;;5,7%;;9,4%;;7,5%;;7,1%;;4,4%;;;
De 45 a 64 años;10,1%;;8,1%;;7,2%;;11,9%;;11,2%;;8,1%;;6,5%;;;
Tasa absoluta de paro registrado HOMBRES ;7,1%;;4,6%;;4,1%;;6,3%;;6,5%;;4,6%;;3,4%;;;
De 16 a 24 años;4,5%;;2,0%;;1,2%;;3,7%;;4,1%;;2,4%;;0,9%;;;
De 25 a 44 años;6,1%;;4,1%;;3,7%;;6,4%;;5,2%;;3,9%;;2,9%;;;
De 45 a 64 años;9,1%;;6,0%;;5,4%;;7,1%;;8,9%;;6,2%;;4,4%;;;
Parados de larga duración (agosto 2018);41,0%;68.898;41,2%;719;;;;;;;;;;;;
Hombres;40,4%;27.816;34,9%;251;;;;;;;;;;;;
Mujeres ;59,6%;41.082;65,1%;468;;;;;;;;;;;;
Parados que SÍ perciben prestaciones (agosto 2018);37,3%;62.541;40,8%;712;;;;;;;;;;;;
Hombres;47,0%;29.412;45,9%;327;;;;;;;;;;;;
Mujeres ;53,0%;33.129;54,1%;385;;;;;;;;;;;;
Parados que NO perciben prestaciones (agosto 2018);62,7%;105.330;59,2%;1.032;;;;;;;;;;;;
Hombres;40,7%;42.906;35,9%;370;;;;;;;;;;;;
Mujeres ;59,3%;62.424;64,1%;662;;;;;;;;;;;;
1.5. EDUCACIÓN;;;;;;;;;;;;;;;;
1.5.1. Población en etapas educativas (01/01/2018);100,0%;463.011;100,0%;8.832;100,0%;3.304;100,0%;271;100,0%;851;100,0%;2.462;100,0%;1.944;;
0 a 2 años;18,8%;87.088;17,9%;1.583;16,0%;527;21,0%;57;21,5%;183;22,7%;560;13,2%;256;;
Infantil (3 a 5 años);18,7%;86.699;19,0%;1.675;18,5%;611;18,5%;50;20,2%;172;21,0%;518;16,7%;324;;
Primaria (6 a 11 años);38,2%;176.730;38,5%;3.397;39,8%;1.316;37,3%;101;35,0%;298;35,6%;876;41,5%;806;;
Secundaria (12 a 15 años);24,3%;112.494;24,6%;2.177;25,7%;850;23,2%;63;23,3%;198;20,6%;508;28,7%;558;;
Etapas educativas. Total niños;51,2%;237.098;52,3%;4.617;53,6%;1.771;55,0%;149;52,1%;443;51,0%;1.255;51,4%;999;;
0 a 2 años;18,8%;44.551;17,3%;797;14,9%;263;17,4%;26;21,4%;95;22,6%;284;12,9%;129;;
Infantil (3 a 5 años);18,8%;44.489;19,4%;897;19,7%;349;18,1%;27;18,7%;83;20,9%;262;17,6%;176;;
Primaria (6 a 11 años);38,2%;90.647;38,3%;1.768;39,9%;707;37,6%;56;36,1%;160;35,0%;439;40,6%;406;;
Secundaria (12 a 15 años);24,2%;57.411;25,0%;1.155;25,5%;452;26,8%;40;23,7%;105;21,5%;270;28,8%;288;;
Etapas educativas. Total niñas;48,8%;225.913;47,7%;4.215;46,4%;1.533;45,0%;122;47,9%;408;49,0%;1.207;48,6%;945;;
0 a 2 años;18,8%;42.537;18,6%;786;17,2%;264;25,4%;31;21,6%;88;22,9%;276;13,4%;127;;
Infantil (3 a 5 años);18,7%;42.210;18,5%;778;17,1%;262;18,9%;23;21,8%;89;21,2%;256;15,7%;148;;
Primaria (6 a 11 años);38,1%;86.083;38,6%;1.629;39,7%;609;36,9%;45;33,8%;138;36,2%;437;42,3%;400;;
Secundaria (12 a 15 años);24,4%;55.083;24,2%;1022;26,0%;398;18,9%;23;22,8%;93;19,7%;238;28,6%;270;;
1.5.2. Escolarización de alumnos por tipo de centro (año escolar 2016/17);100%;510.340;100%;8.975;;;;;;;;;;;;
En centros PRIVADOS CONCERTADOS;43,3%;220.761;27,1%;2.434;;;;;;;;;;;;
En centros PRIVADOS SIN CONCIERTO;17,5%;89.197;22,7%;2.041;;;;;;;;;;;;
En centros PÚBLICOS;39,3%;200.382;50,1%;4.500;;;;;;;;;;;;
Total alumnos extranjeros;10,3%;52.588;6,8%;610;;;;;;;;;;;;
En centros PRIVADOS CONCERTADOS;34,7%;18.249;16,4%;100;;;;;;;;;;;;
En centros PRIVADOS SIN CONCIERTO;8,6%;4.514;15,2%;93;;;;;;;;;;;;
En centros PÚBLICOS;56,7%;29.825;68,4%;417;;;;;;;;;;;;
Total alumnos con necesidades de apoyo educativo;3,9%;19.911;2,1%;185;;;;;;;;;;;;
En centros PRIVADOS CONCERTADOS;50,1%;9.977;69,2%;128;;;;;;;;;;;;
En centros PRIVADOS SIN CONCIERTO;3,8%;764;1,6%;3;;;;;;;;;;;;
En centros PÚBLICOS;46,1%;9.170;29,2%;54;;;;;;;;;;;;
1.5.3. Nivel de estudios de la población ≥ 25 años (01/01/2018);;;;;;;;;;;;;;;;
No sabe leer ni escribir o sin estudios;5,2%;129.614;3,6%;1.261;1,4%;206;9,9%;135;8,0%;475;4,0%;330;2,4%;115;;
Primaria incompleta;12,1%;301.397;7,5%;2.639;5,2%;765;16,8%;229;13,9%;825;7,4%;614;4,2%;206;;
Bachiller Elemental, Graduado Escolar, ESO, Formación profesional 1º grado;26,5%;659.083;21,5%;7.553;16,5%;2.428;39,0%;531;34,6%;2.057;24,4%;2.022;10,5%;515;;
Formación profesional 2º grado, Bachiller Superior o BUP;19,1%;475.507;23,0%;8.075;24,9%;3.655;21,6%;294;22,8%;1.356;23,0%;1.905;17,7%;865;;
Titulados medios, diplomados, arquitecto o ingeniero técnico;9,7%;240.663;13,5%;4.755;15,8%;2.314;4,9%;67;7,8%;463;13,3%;1.104;16,5%;807;;
Estudios superiores, licenciado, arquitecto o ingeniero superior, estudios superiores no universitarios, doctorado, estudios postgraduados;27,3%;681.198;30,9%;10.873;36,1%;5.307;7,5%;102;12,9%;764;28,0%;2.321;48,7%;2.379;;
Nivel de estudios desconocido y no consta;0,1%;3.467;0,1%;22;0,1%;15;0,1%;2;0,1%;3;0,0%;2;0,0%;0;;
1.5.4. Programa de prevención y control del absentismo escolar;;;;;;;;;;;;;;;;
Casos trabajados por el programa de absentismo municipal (curso escolar 2017-2018);100,0%;3.901;0,7%;28;;;;;;;;;;;;
Casos trabajados HOMBRES;50,1%;1.955;60,7%;17;;;;;;;;;;;;
Casos trabajados MUJERES;49,9%;1.946;39,3%;11;;;;;;;;;;;;
1.6. SALUD;;;;;;;;;;;;;;;;
1.6.1. Hábitos y estilos de vida (2017. Estudio Madrid Salud);;;;;;;;;;;;;;;;
Sedentarismo;30,0%;;25,0%;;;;;;;;;;;;;
Sedentarismo HOMBRES ;25,2%;;;;;;;;;;;;;;;
Sedentarismo MUJERES ;34,0%;;;;;;;;;;;;;;;
Consumo de tabaco diario;18,9%;;16,4%;;;;;;;;;;;;;
Consumo de tabaco diario HOMBRES;20,2%;;;;;;;;;;;;;;;
Consumo de tabaco diario MUJERES ;17,9%;;;;;;;;;;;;;;;
Consumo de medicamentos ;66,3%;;59,5%;;;;;;;;;;;;;
Consumo de medicamentos HOMBRES  ;62,4%;;;;;;;;;;;;;;;
Consumo de medicamentos MUJERES ;69,7%;;;;;;;;;;;;;;;
1.6.2. Indicadores de nivel de salud (2017. Estudio Madrid Salud);;;;;;;;;;;;;;;;
Autopercepción de buen estado de salud  (% respuesta muy buena + buena);72,3%;;77,9%;;;;;;;;;;;;;
Autopercepción de buen estado de salud HOMBRES ;77,4%;;;;;;;;;;;;;;;
Autopercepción de buen estado de salud MUJERES ;68,0%;;;;;;;;;;;;;;;
Calidad de vida relacionada con la salud (CVRS) ;20,2%;;19,5%;;;;;;;;;;;;;
Calidad de vida relacionada con la salud (CVRS) HOMBRES;19,0%;;;;;;;;;;;;;;;
Calidad de vida relacionada con la salud (CVRS) MUJERES;21,1%;;;;;;;;;;;;;;;
Presencia de enfermedad crónica ;39,8%;;34,9%;;;;;;;;;;;;;
Presencia de enfermedad crónica HOMBRES ;36,6%;;;;;;;;;;;;;;;
Presencia de enfermedad crónica MUJERES;42,4%;;;;;;;;;;;;;;;
Hipertensión arterial;18,8%;;17,6%;;;;;;;;;;;;;
Hipertensión arterial HOMBRES;19,7%;;;;;;;;;;;;;;;
Hipertensión arterial MUJERES;18,1%;;;;;;;;;;;;;;;
Diabetes Mellitus;6,0%;;4,1%;;;;;;;;;;;;;
Diabetes Mellitus HOMBRES;6,9%;;;;;;;;;;;;;;;
Diabetes Mellitus MUJERES;5,3%;;;;;;;;;;;;;;;
Personas con obesidad ;12,2%;;8,6%;;;;;;;;;;;;;
Personas con obesidad HOMBRES ;13,3%;;;;;;;;;;;;;;;
Personas con obesidad MUJERES;11,2%;;;;;;;;;;;;;;;
Personas con sobrepeso;33,5%;;31,9%;;;;;;;;;;;;;
Personas con sobrepeso HOMBRES;41,1%;;;;;;;;;;;;;;;
Personas con sobrepeso MUJERES;27,0%;;;;;;;;;;;;;;;
Personas mayores de 65 años con alguna dependencia funcional;32,4%;;52,5%;;;;;;;;;;;;;
Alguna dependencia funcional HOMBRES ;39,1%;;;;;;;;;;;;;;;
Alguna dependencia funcional MUJERES;48,6%;;;;;;;;;;;;;;;
Probabilidad de padecer enfermedad mental (GHQ-12);21,1%;;21,4%;;;;;;;;;;;;;
Probabilidad de padecer enfermedad mental (GHQ-12) HOMBRES;16,6%;;;;;;;;;;;;;;;
Probabilidad de padecer enfermedad (GHQ-12) MUJERES;24,9%;;;;;;;;;;;;;;;
Prevalencia de obesidad en la población infantil (2017. Estudio Madrid Salud. UCM);15,8%;;10,5%;;;;;;;;;;;;;
1.6.3. Discapacidad reconocida (31/12/2015);;;;;;;;;;;;;;;;
Nº de personas con grado de discapacidad reconocido;5,6%;180.040;3,2%;1.538;;;;;;;;;;;;
Hombres;48,1%;86.609;49,4%;760;;;;;;;;;;;;
Mujeres;51,9%;93.431;50,6%;778;;;;;;;;;;;;
Mujeres por cada 100 hombres (Feminización de la discapacidad reconocida);;107,9;;102,4;;;;;;;;;;;;
1.7. CALIDAD DE VIDA  (2017. Estudio >16 años);;;;;;;;;;;;;;;;
1.7.1. Calidad de vida y agenda pública (indicador sintético 0-100);;;;;;;;;;;;;;;;
Satisfacción de vivir en su barrio ;;69,8;;76,0;;;;;;;;;;;;
Calidad de vida actual en su barrio ;;69,5;;79,0;;;;;;;;;;;;
Convivencia vecinal;;67,8;;69,6;;;;;;;;;;;;
1.7.2. Satisfacción con los servicios públicos (escala 0-10);;;;;;;;;;;;;;;;
Espacios verdes;;6,6;;6,7;;;;;;;;;;;;
Parques infantiles ;;6,3;;6,5;;;;;;;;;;;;
Centros culturales;;6,9;;6,3;;;;;;;;;;;;
Organización de fiestas y eventos populares;;6,7;;7,4;;;;;;;;;;;;
Instalaciones deportivas;;6,7;;6,0;;;;;;;;;;;;
Servicios sociales municipales;;6,6;;6,2;;;;;;;;;;;;
Desigualdad en las dotaciones de los barrios (% respuesta muy alta + alta);82,9%;;90,9%;;;;;;;;;;;;;
1.7.3. Principales problemas de la ciudadanía (% personas encuestadas);;;;;;;;;;;;;;;;
1º. Limpieza;41,1%;;42,7%;;;;;;;;;;;;;
2º. Contaminación del aire;15,0%;;39,2%;;;;;;;;;;;;;
3º. Tráfico / atascos;10,8%;;37,8%;;;;;;;;;;;;;
1.7.4. Percepción de seguridad (indicador sintético 0-100);;;;;;;;;;;;;;;;
Percepción de seguridad en Madrid;;69,0;;58,7;;;;;;;;;;;;
Percepción de seguridad en el barrio por el día;;75,4;;77,6;;;;;;;;;;;;
Percepción de seguridad en el barrio por la noche;;61,6;;71,3;;;;;;;;;;;;
1.7.5. Problemas que afectan a la seguridad en los espacios públicos del distrito (escala 0-10);;;;;;;;;;;;;;;;
1º. Residuos por excrementos de animales domésticos;;6,7;;6,3;;;;;;;;;;;;
2º. Robos, atracos y hurtos;;4,0;;3,8;;;;;;;;;;;;
3º. Consumo o menudeo de drogas;;4,0;;3,3;;;;;;;;;;;;
1.7.6. Administración de la ciudad (% de respuesta);;;;;;;;;;;;;;;;
Medio de información de la actividad del Ayuntamiento: REDES SOCIALES;19,3%;;11,2%;;;;;;;;;;;;;
Preferencia de contacto con el Ayuntamiento: EN PERSONA;48,6%;;53,1%;;;;;;;;;;;;;
Percepción sobre la administración del Ayto. en los últimos 5 años: HA MEJORADO;35,3%;;35,7%;;;;;;;;;;;;;
Percepción sobre la administración del Ayto. en los últimos 5 años: HA EMPEORADO;14,5%;;11,9%;;;;;;;;;;;;;
1.7.7. Amigabilidad de la ciudad (% respuesta mucho + bastante);;;;;;;;;;;;;;;;
Madrid ciudad amigable con las personas lesbianas, gays, transexuales y bisexuales;70,8%;;69,9%;;;;;;;;;;;;;
1.8. INDICADORES DE VULNERABILIDAD;;;;;;;;;;;;;;;;
1.8.1. Índice de vulnerabilidad territorial (2018);;;;;;;;;;;;;;;;
Índice de vulnerabilidad territorial;;;;0,0065;;0,0058;;0,0077;;0,0075;;0,0062;;0,0054;;
Posición en el ranking de distritos y/o barrios de vulnerabilidad territorial;;;;16;;116;;61;;69;;98;;128;;
1.8.2. Tasa de riesgo de pobleza o exclusión social. Indicador AROPE (2017. Encuesta de Condiciones de Vida);;;;;;;;;;;;;;;;
Tasa de riesgo de pobleza o exclusión social;26,0%;;;;;;;;;;;;;;;
Tasa de riesgo de pobleza o exclusión social HOMBRES;23,9%;;;;;;;;;;;;;;;
Tasa de riesgo de pobleza o exclusión social MUJERES;27,9%;;;;;;;;;;;;;;;
Tasa de riesgo de pobleza o exclusión social N. ESPAÑOLA (>16 años);22,0%;;;;;;;;;;;;;;;
Tasa de riesgo de pobleza o exclusión social N. EXTRANJERA UNIÓN EUROPEA (>16 años);18,1%;;;;;;;;;;;;;;;
Tasa de riesgo de pobleza o exclusión social N. EXTRANJERA RESTO DEL MUNDO (>16 años);63,2%;;;;;;;;;;;;;;;
1.8.3. Tasa de riesgo de pobreza de los hogares (2016. Estudio de Necesidades Sociales. Hogares);;;;;;;;;;;;;;;;
Pareja o matrimonio con hijos;;35,7%;;;;;;;;;;;;;;
Hogar formado por madre con hijos a cargo;;41,1%;;;;;;;;;;;;;;
Nacido en España;;26,4%;;;;;;;;;;;;;;
Nacido en un país fuera de la Unión Europea;;39,2%;;;;;;;;;;;;;;
1.8.4. Situación económica de los hogares (2016. Estudio de Necesidades Sociales. Hogares);;;;;;;;;;;;;;;;
Dificultad para llegar a fin de mes (% respuesta mucha dificultad + dificultad);;20,0%;;;;;;;;;;;;;;
Imposibilidad de hacer frente a un gasto imprevisto de 650€;;38,7%;;;;;;;;;;;;;;
Dificultad para hacer frente a los gastos derivados del suministro energético;;9,5%;;;;;;;;;;;;;;
Entrevistados que han acudido a Servicios Sociales Municipales para solicitar atención social;;10,0%;;;;;;;;;;;;;;
1.9. SERVICIOS SOCIALES;;;;;;;;;;;;;;;;
1.9.1. Población en general (2017);;;;;;;;;;;;;;;;
Personas atendidas en la Unidad de Primera Atención en Centros de Servicios Sociales;;129.281;1,4%;1843;;;;;;;;;;;;
Solicitudes tramitadas de Renta Mínima de Inserción;;6.969;0,5%;32;;;;;;;;;;;;
Perceptores de prestación de la Renta Mínima de Inserción;;16.219;0,4%;63;;;;;;;;;;;;
Beneficiarios de prestaciones sociales de carácter económico;;13.632;2,0%;271;;;;;;;;;;;;
Total prestaciones sociales de carácter económico (€);;7.440.030;1,5%;111.786;;;;;;;;;;;;
1.9.2. Personas Mayores (2017);;;;;;;;;;;;;;;;
Personas con Servicio de Ayuda a Domicilio (modalidad auxiliar de hogar);;71.238;0,6%;421;;;;;;;;;;;;
Hombres;;16.914;0,7%;112;;;;;;;;;;;;
Mujeres;;54.324;0,6%;309;;;;;;;;;;;;
Personas socias de los Centros Municipales de Mayores;;325.924;1,5%;5019;;;;;;;;;;;;
Hombres;;124.008;1,7%;2.058;;;;;;;;;;;;
Mujeres ;;201.916;1,5%;2.961;;;;;;;;;;;;
1.9.3. Menores y Familia (2017);;;;;;;;;;;;;;;;
Familias atendidas por el Equipo de Trabajo con Menores y Familia (ETMF);;7.519;1,1%;81;;;;;;;;;;;;
Demandas de intervención en los Centros de Atención a la Infancia (CAI);;2.130;1,3%;27;;;;;;;;;;;;
Menores atendidos por el Servicio de Ayuda a domicilio a Menores y Familias (SAD) ;;1.361;2,9%;39;;;;;;;;;;;;
1.10. VIVIENDA;;;;;;;;;;;;;;;;
1.10.1. PLAN MAD-RE: PLAN ESTRATÉGICO MADRID RECUPERA (Programa de actuaciones 2018-2030);;;;;;;;;;;;;;;;
Planes Integrales Territoriales de Barrios Apirus;;48;4,2%;2;;;;;;;;;;;;
Planes Integrales Territoriales de Ordenación y Gestión;;71;5,6%;4;;;;;;;;;;;;
Proyecto Estratégico Ambiental;;13;7,7%;1;;;;;;;;;;;;
Proyecto Estratégico de Espacio Público;;140;5,0%;7;;;;;;;;;;;;
Proyecto Estratégico de Movilidad;;103;9,7%;10;;;;;;;;;;;;
1.10.2. Estado de las viviendas;;;;;;;;;;;;;;;;
Nº Total de viviendas (Censo Edificios y Viviendas 2011);100%;1.530.955;100%;20370;;;;;;;;;;;;
Viviendas anteriores a 1980;69,4%;1.061.825;46,1%;9.390;;;;;;;;;;;;
Estado ruinoso;0,2%;3.445;0,2%;40;;;;;;;;;;;;
Estado malo;0,8%;12.705;0,2%;50;;;;;;;;;;;;
Estado deficiente;4,4%;66.775;1,4%;275;;;;;;;;;;;;
Estado bueno;92,8%;1.420.265;95,3%;19.410;;;;;;;;;;;;
No consta;1,8%;27.770;2,9%;595;;;;;;;;;;;;
Valor catastral medio de los bienes inmuebles: personas físicas (2018);;91.159,1 €;101,3%;92.353,2 €;95,6%;88.289 €;79,7%;73.599 €;89,8%;82.966 €;109,7%;101.314 €;125,5%;115.900 €;;
Valor catastral medio de los bienes inmuebles: personas jurídicas (2018);;370.572,5 €;255,7%;947.550,5 €;39,0%;369.813 €;104%;985.188 €;19,3%;183.129 €;52,5%;497.055 €;108,0%;1.022.999 €;;
Superficie media de la vivienda (m2) en transacción (2017);;84;111,2%;93;107,1%;100;62,3%;58;74,8%;70;94,0%;88;125,3%;117;;
Duración media del crédito (meses) en transacción de vivienda (2017);;296;105,1%;311;101,6%;316; - ;0;95,5%;297;100,3%;312;100,3%;312;;
1.10.3. Tipología de las viviendas ;;;;;;;;;;;;;;;;
Nº Total de viviendas familiares (Censo Edificios y Viviendas 2001);100,0%;1.378.931;100,0%;15.819;100,0%;6.999;100,0%;910;100,0%;3.452;100,0%;2.793;100,0%;1.665;;
Principal;78,3%;1.080.306;78,8%;12.464;86,0%;6.019;73,3%;667;72,0%;2.487;79,5%;2.221;64,3%;1.070;;
Secundaria;7,7%;106.192;7,3%;1.147;4,4%;309;7,4%;67;11,2%;387;7,4%;206;10,7%;178;;
Desocupada;12,9%;178.377;12,1%;1.921;8,1%;569;17,7%;161;13,8%;478;12,7%;356;21,4%;357;;
Otro tipo;1,0%;13.998;1,7%;274;1,5%;102;0,3%;3;2,9%;99;0,4%;10;3,6%;60;;
1.10.4. Lanzamientos judiciales (Consejo General del Poder Judicial);;;;;;;;;;;;;;;;
Lanzamientos judiciales practicados (2013);100%;5.020;;;;;;;;;;;;;;
Como consecuencia de ejecuciones hipotecarias;29,9%;1.501;;;;;;;;;;;;;;
Como consecuencia de la Ley de Arrendamientos Urbanos;62,5%;3.137;;;;;;;;;;;;;;
Lanzamientos judiciales practicados (2017);100%;3.416;;;;;;;;;;;;;;
Como consecuencia de ejecuciones hipotecarias;19,1%;654;;;;;;;;;;;;;;
Como consecuencia de la Ley de Arrendamientos Urbanos;79,4%;2.713;;;;;;;;;;;;;;
1.11. MEDIO AMBIENTE Y RESIDUOS;;;;;;;;;;;;;;;;
1.11.1. Contaminantes del aire (2017);;;;;;;;;;;;;;;;
Partículas suspensión PM2.5 (µgr/m3) -Valor límite: 25 µgr/m3-;;10,2;;;;;;;;;;;;;;
Partículas suspensión PM10 (µgr/m3) -Valor límite: 40 µgr/m3-;;20,1;;;;;;;;;;;;;;
Dióxido de azufre - SO2 (µgr/m3) -Valor límite: 125 µgr/m3-;;7,0;;;;;;;;;;;;;;
Monóxido de carbono - CO2 (mg/m3) -Valor límite: 10 µgr/m3-;;0,4;;;;;;;;;;;;;;
Ozono - O3 (µgr/m3) -Valor límite: 120 µgr/m3-;;48,0;;;;;;;;;;;;;;
Dióxido de nitrógeno - NO2 (µgr/m3) -Valor límite: 40 µgr/m3-;;42,0;;;;;;;;;;;;;;
Temperatura media anual (ºC);;16,6º;;;;;;;;;;;;;;
Protocolo de contaminación: nº de episodios (2018);;4;;;;;;;;;;;;;;
"Protocolo de contaminación: nº de días ""Escenario 1"" (2018)";;7;;;;;;;;;;;;;;
1.11.2. Recogida domiciliaria de resíduos sólidos: envases y resto (2017);;;;;;;;;;;;;;;;
kg/habitante/año;;357;;426;;;;;;;;;;;;
kg/habitante/día;;0,978;;1,167;;;;;;;;;;;;
1.12. SEGURIDAD;;;;;;;;;;;;;;;;
Intervenciones de la Policía Municipal en materia de seguridad (2018);;;;;;;;;;;;;;;;
Relacionadas con las personas;;5.402;1,2%;64;;;;;;;;;;;;
Relacionadas con la tenencia de armas;;805;0,5%;4;;;;;;;;;;;;
Relacionadas con el patrimonio;;6.525;1,6%;106;;;;;;;;;;;;
Relacionadas con la tenencia y consumo de drogas;;8.750;0,3%;22;;;;;;;;;;;;
Expedientes instruidos por Agentes Tutores;;635;1,4%;9;;;;;;;;;;;;
Atestados/partes de accidentes de tráfico confeccionados;;16.229;2,1%;341;;;;;;;;;;;;
Detenidos e investigados de la Policía Municipal en materia de seguridad (2018);;;;;;;;;;;;;;;;
Total detenidos e investigados;100%;9.010;1,2%;108;;;;;;;;;;;;
Lesiones;4,4%;396;;;;;;;;;;;;;;
Violencia doméstica y de género;8,8%;790;;;;;;;;;;;;;;
Malos tratos a menores;0,9%;80;;;;;;;;;;;;;;
Abusos y agresiones sexuales;0,9%;81;;;;;;;;;;;;;;
Hurtos;10,5%;945;;;;;;;;;;;;;;
Robo con violencia e intimidación en personas;1,6%;144;;;;;;;;;;;;;;
Contra la salud pública;2,9%;257;;;;;;;;;;;;;;
Contra la seguridad vial;41,7%;3.758;;;;;;;;;;;;;;
1.13. RESULTADOS ELECCIONES LOCALES (2015);;;;;;;;;;;;;;;;
Censo electoral;100,0%;2.388.047;100%;34.342;100%;15.253;100%;1.267;100%;5.553;100%;7.419;100%;4.850;;
Abstención;31,2%;743.954;27,4%;9.414;23,0%;3.502;47,0%;595;36,2%;2.010;28,5%;2.116;24,6%;1.191;;
Votos blancos;0,7%;15.825;0,7%;256;0,8%;128;0,3%;4;0,6%;35;0,6%;43;0,9%;46;;
Votos a candidaturas;67,7%;1.616.217;71,3%;24.474;75,7%;11.547;52,5%;665;62,4%;3.467;70,2%;5.206;74,0%;3.589;;
PP;23,6%;564.154;25,2%;8.647;29,9%;4.555;11,6%;147;18,7%;1.036;19,6%;1.452;30,0%;1.457;;
PSOE;10,4%;249.286;9,2%;3.169;7,5%;1.151;14,0%;177;13,2%;734;10,3%;765;7,1%;342;;
Ahora Madrid;21,8%;519.721;20,8%;7.138;22,7%;3.470;15,7%;199;18,1%;1.007;23,2%;1.718;15,3%;744;;
Ciudadanos;7,8%;186.487;11,4%;3.919;11,3%;1.727;6,3%;80;7,2%;400;11,9%;885;17,1%;827;;
1.14. SERVICIOS Y EQUIPAMIENTOS MUNICIPALES;;;;;;;;;;;;;;;;
1.14.1. Servicios Sociales Municipales (2019);;;;;;;;;;;;;;;;
Centros de Servicios Sociales;;39;2,6%;1;;1;;0;;0;;0;;0;;
Centros Municipales de Mayores ;;90;3,3%;3;;1;;1;;1;;0;;0;;
Centros de Día de Alzheimer y Físicos;;89;2,2%;2;;1;;0;;1;;0;;0;;
Apartamentos Municipales para Mayores;;2;0,0%;0;;0;;0;;0;;0;;0;;
Residencias para personas Mayores ;;3;0,0%;0;;0;;0;;0;;0;;0;;
Centros de Apoyo a las Familias (CAF);;7;0,0%;0;;0;;0;;0;;0;;0;;
Centros de Atención a la Infancia (CAI);;13;0,0%;0;;0;;0;;0;;0;;0;;
Centro de Día de Atención a Niños y Niñas (de 3 a 12 años);;28;0,0%;0;;0;;0;;0;;0;;0;;
Espacios de Ocio para Adolescentes (El Enredadero);;5;0,0%;0;;0;;0;;0;;0;;0;;
Centros de Adolescentes y Jóvenes (ASPA) ;;9;0,0%;0;;0;;0;;0;;0;;0;;
Centros para personas sin hogar;;12;0,0%;0;;0;;0;;0;;0;;0;;
1.14.2. Género (2019);;;;;;;;;;;;;;;;
Espacios de Igualdad;;13;0,0%;0;;0;;0;;0;;0;;0;;
1.14.3. Salud (2019);;;;;;;;;;;;;;;;
Centros Municipales de Salud Comunitaria (CMSC);;16;0,0%;0;;0;;0;;0;;0;;0;;
Centros de Atención a las Adicciones (CAD y CCAD);;10;0,0%;0;;0;;0;;0;;0;;0;;
1.14.4. Cultura (2019);;;;;;;;;;;;;;;;
Nº de Bibliotecas Municipales;;34;2,9%;1;;0;;0;;0;;0;;1;;
Nº de Bibliotecas Comunidad Madrid;;16;0,0%;0;;0;;0;;0;;0;;0;;
Nº de Centros Culturales;;108;2,8%;3;;1;;0;;1;;0;;1;;
1.14.5. Deportes (2019);;;;;;;;;;;;;;;;
Centros deportivos Municipales;;72;2,8%;2;100,0%;2;0,0%;0;0,0%;0;0,0%;0;0,0%;0;;
Superficie deportiva m2 (2017);;2.074.404;1,2%;24.019;;;;;;;;;;;;
Instalaciones deportivas básicas;;477;3,1%;15;53,3%;8;6,7%;1;6,7%;1;20,0%;3;13,3%;2;;
Acceso controlado (2017);;97;4,1%;4;;;;;;;;;;;;
Campos de fútbol 11;;21;0,0%;0;;0;;0;;0;;0;;0;;
Pista de atletismo ;;7;0,0%;0;;0;;0;;0;;0;;0;;
Piscinas cubiertas;;49;2,0%;1;;1;;0;;0;;0;;0;;
Piscinas de verano;;23;0,0%;0;;0;;0;;0;;0;;0;;
1.14.6. Zonas verdes (2016);;;;;;;;;;;;;;;;
Zonas verdes (Ha);;6.219,15;4,5%;278,98;;;;;;;;;;;;
"Relación de zona verde (m2)/habitante (deseables 15m2/hab; mínimo 10m2/hab)";;19,30;;58,32;;;;;;;;;;;;
1.14.7. Educación (Curso académico 2018-2019);;;;;;;;;;;;;;;;
Escuelas Infantiles Municipales (2019);;56;5,4%;3;;1;;0;;1;;0;;1;;
Escuelas Infantiles Públicas CAM;;150;2,0%;3;;;;;;;;;;;;
Escuelas Infantiles Privadas;;419;2,1%;9;;;;;;;;;;;;
Colegios Públicos Infantil y Primaria (+ 3 centros con Secundaria);;247;1,6%;4;;;;;;;;;;;;
Institutos Públicos de Educación Secundaria;;112;1,8%;2;;;;;;;;;;;;
Colegios Privados Inf. o Pri. o Inf. y Pri.;;88;1,1%;1;;;;;;;;;;;;
Colegios Privados Inf., Pri. y Sec. o Pri. y Sec. ;;274;1,5%;4;;;;;;;;;;;;
1.14.8. Empresa y Comercio (2019);;;;;;;;;;;;;;;;
Mercados Municipales;;45;0,0%;0;;0;;0;;0;;0;;0;;
1.15. PARTICIPACIÓN CIUDADANA ;;;;;;;;;;;;;;;;
1.15.1. Entidades de participación ciudadana (2019) ;;;;;;;;;;;;;;;;
Asociaciones (Sección 1ª);;2.412;1,9%;45;51,1%;23;8,9%;4;2,2%;1;22,2%;10;15,6%;7;;
Nº de asociaciones culturales y casas regionales;;489;1,8%;9;88,9%;8;0,0%;0;0,0%;0;11,1%;1;0,0%;0;;
Nº de asociaciones de mujeres;;75;1,3%;1;100,0%;1;0,0%;0;0,0%;0;0,0%;0;0,0%;0;;
Nº de asociaciones de vecinos;;221;3,2%;7;28,6%;2;14,3%;1;0,0%;0;28,6%;2;28,6%;2;;
Fundaciones (Sección 2ª);;24;0,0%;0;0,0%;0;0,0%;0;0,0%;0;0,0%;0;0,0%;0;;
1.15.2 Decide Madrid;;;;;;;;;;;;;;;;
Presupuestos participativos 2018: nº propuestas;;3.323;2,8%;94;;;;;;;;;;;;
Presupuestos participativos 2018: nº participantes;;115.594;1,3%;1549;;;;;;;;;;;;
Votación ciudadana 2017: nº votaciones;;217.323;1,6%;3.538;;;;;;;;;;;;
;;;;;;;;;;;;;;;;
;;;;;;;;;;;;;;;;
1.16. PRESUPUESTO 2019;;;;;;;;;;;;;;;;
PROGRAMA;;CAPÍTULOS;;;;;;;;;;;;;;
;;1;;2;;3;;4;;5;;6;;7;;TOTAL
OTRAS ACTUACIONES EN VÍAS PÚBLICAS;153.22;;;12.074 €;;;;;;;;;;;;12.074 €
FAMILIA E INFANCIA;231.02;;;174.332 €;;;;125.000 €;;;;;;10.000 €;;309.332 €
PERSONAS MAYORES Y SERVICIOS SOCIALES;231.03;;;1.157.514 €;;;;2.811 €;;;;;;3.000 €;;1.163.325 €
INTEGRACIÓN COMUNITARIA Y EMERGENCIA SOCIAL;231.06;819.864 €;;138.285 €;;;;60.000 €;;;;8.000 €;;;;1.026.149 €
SALUBRIDAD PÚBLICA;311.01;275.137 €;;9.100 €;;;;;;;;;;;;284.237 €
CENTROS DOCENTES ENSEÑANZA INFANTIL Y PRIMARIA;323.01;;;2.279.431 €;;;;;;;;;;;;2.279.431 €
SERVICIOS COMPLEMENTARIOS EDUCACIÓN;326.01;;;261.248 €;;;;1.000 €;;;;;;;;262.248 €
ACTIVIDADES CULTURALES;334.01;345.189 €;;734.059 €;;;;12.500 €;;;;;;;;1.091.748 €
INSTALACIONES DEPORTIVAS;342.01;2.076.204 €;;182.315 €;;;;;;;;;;;;2.258.519 €
CONSUMO;493.00;126.214 €;;;;;;;;;;;;;;126.214 €
CONCEJALÍA-PRESIDENCIA DEL DISTRITO;912.2;267.512 €;;1.000 €;;;;;;;;;;;;268.512 €
DIREC. Y GESTIÓN ADMTVA. DEL DISTRITO;920.01;2.469.145 €;;223.186 €;;;;;;;;10.000 €;;;;2.702.331 €
PARTICIPACIÓN CIUDADANA Y VOLUNTARIADO;924.01;;;;;;;50.000 €;;;;;;6.000 €;;56.000 €
EDIFICIOS;933.02;;;1.013.587 €;;;;;;;;;;;;1.013.587 €
CENTRO 001;;6.379.265 €;;6.186.131 €;;0 €;;251.311 €;;0 €;;18.000 €;;19.000 €;;12.853.707 €
SECCIÓN 221;;6.379.265 €;;6.186.131 €;;0 €;;251.311 €;;0 €;;18.000 €;;19.000 €;;12.853.707 €
