14. MORATALAZ. INFORMACIÓN DE DISTRITO Y BARRIOS;;;;;;;;;;;;;;;;;;;;;;;;
 ;CIUDAD;;MORATALAZ;;Pavones;;Horcajo;;Marroquina;;Media Legua;;Fontarrón;;Vinateros;;;;;;;;;
1.1 CARACTERÍSTICAS GENERALES DEL DISTRITO-BARRIO;;;;;;;;;;;;;;;;;;;;;;;;
Superficie (Ha.) ;;60.445,52;610,32;;100,97;;74,59;;179,01;;99,9;;96,46;;59,4;;;;;;;;;
Densidad (hab./Ha.) ;;54,03;155,02;;90,50;;84,91;;152,29;;178,89;;177,68;;283,98;;;;;;;;;
1.2. LA POBLACIÓN DEL DISTRITO;;;;;;;;;;;;;;;;;;;;;;;;
1.2.1. Estructura de la población (01/01/2019);;;;;;;;;;;;;;;;;;;;;;;;
Sexo de la población;100%;3.266.126;2,9%;94.609;9,7%;9.137;6,7%;6.334;28,8%;27.260;18,9%;17.871;18,1%;17.139;17,8%;16.868;;;;;;;;
Hombres;46,6%;1.521.178;45,7%;43.209;45,8%;4.185;47,8%;3.030;46,4%;12.646;45,7%;8.166;45,4%;7.779;43,9%;7.403;;;;;;;;
Mujeres;53,4%;1.744.948;54,3%;51.400;54,2%;4.952;52,2%;3.304;53,6%;14.614;54,3%;9.705;54,6%;9.360;56,1%;9.465;;;;;;;;
Edad media de la población;;44,14;;47,61;;46,62;;39,35;;48,66;;48,09;;47,30;;49,36;;;;;;;;
De 0 a 14 años;13,3%;435.675;11,0%;10.382;11,3%;1.034;16,2%;1.023;9,4%;2.559;10,7%;1.917;11,8%;2.021;10,8%;1.828;;;;;;;;
De 15 a 29;15,7%;512.070;15,8%;14.954;17,0%;1.553;21,6%;1.371;17,0%;4.638;15,1%;2.707;14,8%;2.533;12,8%;2.152;;;;;;;;
De 30 a 44;22,8%;744.312;17,5%;16.561;17,2%;1.571;13,6%;861;15,0%;4.099;18,3%;3.274;20,1%;3.453;19,6%;3.303;;;;;;;;
De 45 a 64;27,9%;912.424;29,7%;28.065;29,6%;2.707;40,1%;2.541;31,3%;8.527;28,3%;5.056;27,4%;4.698;26,9%;4.536;;;;;;;;
De 65 a 79;13,0%;423.670;15,8%;14.910;16,1%;1.467;6,0%;383;17,5%;4.763;17,7%;3.162;13,9%;2.376;16,4%;2.759;;;;;;;;
De 80 y + ;7,3%;237.975;10,3%;9.737;8,8%;805;2,4%;155;9,8%;2.674;9,8%;1.755;12,0%;2.058;13,6%;2.290;;;;;;;;
De 65 y +;20,3%;661.645;26,1%;24.647;24,9%;2.272;8,5%;538;27,3%;7.437;27,5%;4.917;25,9%;4.434;29,9%;5.049;;;;;;;;
Población en etapa educativa (De 3 a 16 años -16 no incluidos-);11,6%;379.646;10,0%;9.457;10,5%;958;16,1%;1.020;8,8%;2.391;9,2%;1.643;10,7%;1.838;9,5%;1.607;;;;;;;;
Proporción de juventud (Población de 0-15 años/Población total);14,2%;;11,9%;;12,3%;;18,1%;;10,3%;;11,4%;;12,8%;;11,4%;;;;;;;;;
Proporción de envejecimiento (Población > 65 años/Población total);20,3%;;26,1%;;24,9%;;8,5%;;27,3%;;27,5%;;25,9%;;29,9%;;;;;;;;;
Proporción de sobreenvejecimiento (Población > 80 años/Población >65 años);36,0%;;39,5%;;35,4%;;28,8%;;36,0%;;35,7%;;46,4%;;45,4%;;;;;;;;;
Índice de envejecimiento activo (2017);;37,0;;;;;;;;;;;;;;;;;;;;;;
Hombres;;38,6;;;;;;;;;;;;;;;;;;;;;;
Mujeres;;35,8;;;;;;;;;;;;;;;;;;;;;;
Proporción de dependencia (Población de 0-15 + población 65 y + / Pob. 16-64) ;52,6%;;61,1;;59,15;;36,24;;60,22;;63,67;;62,98;;70,59;;;;;;;;;
Personas con nacionalidad española;85,9%;2.805.478;90,7%;85.765;89,7%;8.199;96,1%;6.090;93,8%;25.571;90,7%;16.204;86,0%;14.745;88,7%;14.956;;;;;;;;
Personas con nacionalidad española HOMBRES;46,6%;1.308.240;45,9%;39.334;45,9%;3.766;47,8%;2.911;46,6%;11.904;45,8%;7.424;45,6%;6.729;44,1%;6.600;;;;;;;;
Personas con nacionalidad española MUJERES;53,4%;1.497.238;54,1%;46.431;54,1%;4.433;52,2%;3.179;53,4%;13.667;54,2%;8.780;54,4%;8.016;55,9%;8.356;;;;;;;;
Personas con nacionalidad extranjera;14,1%;460.623;9,3%;8.843;10,3%;938;3,9%;244;6,2%;1.688;9,3%;1.667;14,0%;2.394;11,3%;1.912;;;;;;;;
Personas con nacionalidad extranjera HOMBRES;46,2%;212.925;43,8%;3.875;44,7%;419;48,8%;119;44,0%;742;44,5%;742;43,9%;1.050;42,0%;803;;;;;;;;
Personas con nacionalidad extranjera MUJERES;53,8%;247.698;56,2%;4.968;55,3%;519;51,2%;125;56,0%;946;55,5%;925;56,1%;1.344;58,0%;1.109;;;;;;;;
Proporción de inmigrantes (Extranjeros menos UE y resto países de OCDE / Población total);9,8%;;6,2%;;5,5%;;2,4%;;4,1%;;6,5%;;9,9%;;7,6%;;;;;;;;;
1ª nacionalidad extranjera en el Distrito: Rumanía (% respecto total extranjeros del distrito);9,7%;44.738;14,2%;1255;7,6%;71;14,8%;36;16,0%;270;11,2%;186;15,3%;366;17,1%;326;;;;;;;;
2ª nacionalidad extranjera en el Distrito: Perú (% respecto total extranjeros del distrito);4,6%;21.003;7,9%;703;6,4%;60;5,3%;13;6,1%;103;6,5%;108;10,2%;244;9,2%;175;;;;;;;;
1.2.2. Estructura de los hogares (01-01-2019);;;;;;;;;;;;;;;;;;;;;;;;
Nº total de hogares;100%;1.290.164;2,9%;37.547;8,7%;3.283;5,8%;2.165;28,9%;10.835;19,1%;7.177;18,3%;6.869;19,2%;7.218;;;;;;;;
Tamaño medio del hogar;;2,53  ;;2,52;;2,78;;2,93;;2,52;;2,49;;2,50;;2,34;;;;;;;;
Hogares con una mujer sola >65 años;9,8%;126.044;12,4%;4.644;10,5%;345;2,7%;59;11,7%;1.266;12,7%;913;14,0%;960;15,3%;1.101;;;;;;;;
Hogares con un hombre solo >65 años;2,8%;36.720;3,1%;1.172;3,0%;98;1,2%;26;3,2%;344;2,7%;196;3,5%;240;3,7%;268;;;;;;;;
Hogares monoparentales: una mujer adulta con uno o más menores;21,1%;27.460;1,8%;686;1,8%;58;3,5%;75;1,6%;171;1,7%;124;1,8%;125;1,8%;133;;;;;;;;
Hogares monoparentales: un hombre adulto con uno o más menores;0,4%;5.491;0,3%;124;0,3%;11;0,6%;14;0,3%;36;0,3%;22;0,2%;16;0,3%;25;;;;;;;;
1.2.3. Dinámica demográfica;;;;;;;;;;;;;;;;;;;;;;;;
Tasa bruta de natalidad 2018 (‰);;8,57;;6,8;;7,4;;7,1;;4,8;;8,1;;7,7;;7,2;;;;;;;;
Tasa de crecimiento demográfico 2018 (%);;1,37;;0,4;;0,6;;0,1;;-0,4;;0,6;;1,4;;0,3;;;;;;;;
Esperanza de vida al nacer MUJERES *(mortalidad del periodo 2013-2016);;87,5;;87,4;;85,7;;86,1;;87,9;;89,4;;86,3;;87,1;;;;;;;;
Esperanza de vida al nacer HOMBRES *(mortalidad del periodo 2013-2016);;81,9;;81,4;;80,3;;81,3;;81,5;;82,6;;80,9;;80,7;;;;;;;;
Esperanza de vida al nacer MUJERES (2018);;87,6;;88,5;;;;;;;;;;;;;;;;;;;;
Esperanza de vida al nacer HOMBRES (2018);;82,2;;81,6;;;;;;;;;;;;;;;;;;;;
Esperanza de vida > 65 años MUJERES (2018);;24,6;;25,1;;;;;;;;;;;;;;;;;;;;
Esperanza de vida > 65 años HOMBRES (2018);;20,6;;21,3;;;;;;;;;;;;;;;;;;;;
1.2.4. Mujeres y hombres;;;;;;;;;;;;;;;;;;;;;;;;
Índice de desigualdad de género IDG (2018);;0,8308;;;;;;;;;;;;;;;;;;;;;;
Índice de desigualdad de género IDG (2008);;0,7462;;;;;;;;;;;;;;;;;;;;;;
1.3. INDICADORES ECONÓMICOS ;;;;;;;;;;;;;;;;;;;;;;;;
Renta neta media anual de los hogares (Urban Audit). 2016;;39.613,0 €;89%;35.059 €;97%;34.086 €;129%;45.263 €;114%;40.061 €;102%;35.922 €;81%;28.449 €;84%;29.493 €;;;;;;;;
Renta disponible Bruta Per Cápita 2016(a);;21.755;;20.843,9 €;;;;;;;;;;;;;;;;;;;;
Crecimiento/decrecimiento Renta Bruta Per Cápita 2016(a)-2008;3,1%;658;2,3%;474,5 €;;;;;;;;;;;;;;;;;;;;
Pensión media mensual del Distrito HOMBRES (2018);; 1.456,2 € ;; 1.484,9 € ;;;;;;;;;;;;;;;;;;;;
Pensión media mensual del Distrito MUJERES (2018);; 954,0 € ;; 957,5 € ;;;;;;;;;;;;;;;;;;;;
1.4. INDICADORES DE DESEMPLEO;;;;-0,8%;;;;;;;;;;;;;;;;;;;;
Tasa de actividad global ciudad de Madrid (EPA. 1º trimestre 2020);61,2%;;;;;;;;;;;;;;;;;;;;;;;
Hombres ;66,4%;;;;;;;;;;;;;;;;;;;;;;;
Mujeres;57,0%;;;;;;;;;;;;;;;;;;;;;;;
Número de parados ciudad de Madrid (EPA. 1º trimestre 2020) (miles);;176,6;;;;;;;;;;;;;;;;;;;;;;
Hombres (miles);;83,9;;;;;;;;;;;;;;;;;;;;;;
Mujeres (miles);;92,7;;;;;;;;;;;;;;;;;;;;;;
Paro registrado (nº de personas registradas en SEPE en febrero 2020);;167.188;3,0%;5.018;11,0%;551;7,3%;366;25,0%;1.254;18,6%;934;20,2%;1.012;15,6%;784;;;;;;;;
Tasa absoluta de paro registrado (febrero 2020);7,6%;;8,4%;;9,8%;;7,8%;;7,5%;;8,8%;;9,4%;;7,9%;;;;;;;;;
Tasa absoluta de paro registrado MUJERES;8,1%;;9,0%;;10,6%;;8,5%;;8,4%;;9,1%;;10,0%;;8,3%;;;;;;;;;
De 16 a 24 años;4,2%;;5,0%;;4,1%;;4,8%;;3,8%;;6,0%;;5,4%;;6,9%;;;;;;;;;
De 25 a 44 años;7,5%;;8,9%;;12,6%;;9,6%;;7,9%;;9,5%;;9,1%;;7,3%;;;;;;;;;
De 45 a 64 años;9,8%;;10,3%;;11,2%;;9,3%;;10,0%;;9,7%;;12,2%;;9,6%;;;;;;;;;
Tasa absoluta de paro registrado HOMBRES ;7,0%;;7,7%;;8,9%;;7,1%;;6,6%;;8,4%;;8,8%;;7,3%;;;;;;;;;
De 16 a 24 años;4,4%;;4,8%;;5,0%;;4,4%;;4,6%;;5,6%;;5,5%;;3,7%;;;;;;;;;
De 25 a 44 años;6,0%;;7,4%;;8,2%;;10,0%;;6,7%;;8,0%;;7,0%;;7,1%;;;;;;;;;
De 45 a 64 años;8,9%;;8,9%;;10,8%;;6,8%;;7,3%;;9,6%;;11,6%;;8,6%;;;;;;;;;
Parados de larga duración (febrero 2020);38,2%;63.943;42,4%;2.128;;;;;;;;;;;;;;;;;;;;
Hombres;39,7%;25.381;39,2%;834;;;;;;;;;;;;;;;;;;;;
Mujeres ;60,3%;38.562;60,8%;1.294;;;;;;;;;;;;;;;;;;;;
Parados que SÍ perciben prestaciones (febrero 2020);43,4%;72.603;40,4%;2.025;;;;;;;;;;;;;;;;;;;;
Hombres;48,2%;34.979;48,1%;975;;;;;;;;;;;;;;;;;;;;
Mujeres ;51,8%;37.624;51,9%;1.050;;;;;;;;;;;;;;;;;;;;
Parados que NO perciben prestaciones (febrero 2020);56,6%;94.585;59,6%;2.993;;;;;;;;;;;;;;;;;;;;
Hombres;41,3%;39.063;40,3%;1.206;;;;;;;;;;;;;;;;;;;;
Mujeres ;58,7%;55.522;59,7%;1.787;;;;;;;;;;;;;;;;;;;;
1.5. EDUCACIÓN;;;;;;;;;;;;;;;;;;;;;;;;
1.5.1. Población en etapas educativas (01/01/2018);100,0%;464338;100%;11.235;100%;1.124;100%;1.147;100%;2.809;100%;2.035;100%;2.189;100%;1.931;;;;;;;;
0 a 2 años;18,2%;84.692;15,8%;1.778;14,8%;166;11,1%;127;14,9%;418;19,3%;392;16,0%;351;16,8%;324;;;;;;;;
Infantil (3 a 5 años);18,7%;86.684;17,9%;2.010;17,8%;200;11,2%;129;17,7%;498;19,6%;399;18,3%;400;19,9%;384;;;;;;;;
Primaria (6 a 11 años);38,4%;178.445;37,7%;4.234;36,7%;412;38,0%;436;37,3%;1.047;35,8%;728;38,5%;842;39,8%;769;;;;;;;;
Secundaria (12 a 15 años);24,7%;114.517;28,6%;3.213;30,8%;346;39,7%;455;30,1%;846;25,4%;516;27,2%;596;23,5%;454;;;;;;;;
Etapas educativas. Total niños;51,2%;237557;50,5%;5.678;48,1%;541;52,7%;604;52,2%;1.466;49,0%;998;50,7%;1.109;49,7%;960;;;;;;;;
0 a 2 años;18,2%;43.261;15,2%;863;16,3%;88;11,4%;69;14,8%;217;16,6%;166;15,7%;174;15,5%;149;;;;;;;;
Infantil (3 a 5 años);18,7%;44.354;17,9%;1.015;17,2%;93;12,7%;77;16,8%;247;20,9%;209;18,3%;203;19,4%;186;;;;;;;;
Primaria (6 a 11 años);38,5%;91.575;38,9%;2.208;39,2%;212;35,8%;216;38,9%;570;38,5%;384;39,0%;433;40,9%;393;;;;;;;;
Secundaria (12 a 15 años);24,6%;58.367;28,0%;1.592;27,4%;148;40,1%;242;29,5%;432;23,9%;239;27,0%;299;24,2%;232;;;;;;;;
Etapas educativas. Total niñas;48,8%;226.781;49,5%;5.557;51,9%;583;47,3%;543;47,8%;1.343;51,0%;1037;49,3%;1.080;50,3%;971;;;;;;;;
0 a 2 años;18,3%;41.431;16,5%;915;13,4%;78;10,7%;58;15,0%;201;21,8%;226;16,4%;177;18,0%;175;;;;;;;;
Infantil (3 a 5 años);18,7%;42.330;17,9%;995;18,4%;107;9,6%;52;18,7%;251;18,3%;190;18,2%;197;20,4%;198;;;;;;;;
Primaria (6 a 11 años);38,3%;86.870;36,5%;2.026;34,3%;200;40,5%;220;35,5%;477;33,2%;344;37,9%;409;38,7%;376;;;;;;;;
Secundaria (12 a 15 años);24,8%;56.150;29,2%;1.621;34,0%;198;39,2%;213;30,8%;414;26,7%;277;27,5%;297;22,9%;222;;;;;;;;
1.5.2. Escolarización de alumnos por tipo de centro (año escolar 2017/18);100,0%;519.294;100%;14.633;;;;;;;;;;;;;;;;;;;;
En centros PRIVADOS CONCERTADOS;43,1%;223.703;37,5%;5.489;;;;;;;;;;;;;;;;;;;;
En centros PRIVADOS SIN CONCIERTO;17,9%;92.853;10,4%;1.523;;;;;;;;;;;;;;;;;;;;
En centros PÚBLICOS;39,0%;202.738;52,1%;7.621;;;;;;;;;;;;;;;;;;;;
Total alumnos extranjeros;10,6%;54.812;7,2%;1.051;;;;;;;;;;;;;;;;;;;;
En centros PRIVADOS CONCERTADOS;34,9%;19.103;12,7%;133;;;;;;;;;;;;;;;;;;;;
En centros PRIVADOS SIN CONCIERTO;9,1%;4.965;1,5%;16;;;;;;;;;;;;;;;;;;;;
En centros PÚBLICOS;56,1%;30.744;85,8%;902;;;;;;;;;;;;;;;;;;;;
Total alumnos con necesidades de apoyo educativo;4,0%;20.898;4,9%;711;;;;;;;;;;;;;;;;;;;;
En centros PRIVADOS CONCERTADOS;49,2%;10.285;30,9%;220;;;;;;;;;;;;;;;;;;;;
En centros PRIVADOS SIN CONCIERTO;4,6%;963;2,1%;15;;;;;;;;;;;;;;;;;;;;
En centros PÚBLICOS;46,2%;9.650;66,9%;476;;;;;;;;;;;;;;;;;;;;
1.5.3. Nivel de estudios de la población ≥ 25 años (01/01/2019);;;;;;;;;;;;;;;;;;;;;;;;
No sabe leer ni escribir o sin estudios;4,9%;123.025;6,0%;4.491;9,5%;665;3,8%;161;4,2%;907;6,4%;918;7,3%;987;6,2%;853;;;;;;;;
Primaria incompleta;11,6%;291.746;13,8%;10.323;13,8%;969;8,0%;341;11,8%;2.552;14,0%;2.001;16,7%;2.268;16,0%;2.192;;;;;;;;
Bachiller Elemental, Graduado Escolar, ESO, Formación profesional 1º grado;26,4%;666.553;28,0%;20.880;27,9%;1.963;22,1%;937;25,3%;5.490;27,0%;3.860;33,3%;4.539;29,8%;4.091;;;;;;;;
Formación profesional 2º grado, Bachiller Superior o BUP;19,1%;482.262;21,5%;16.014;21,9%;1.538;22,1%;935;22,6%;4.898;20,5%;2.923;20,5%;2.791;21,3%;2.929;;;;;;;;
Titulados medios, diplomados, arquitecto o ingeniero técnico;9,5%;240.302;9,8%;7.317;9,4%;660;13,1%;556;11,1%;2.398;9,7%;1.389;7,8%;1.066;9,1%;1.248;;;;;;;;
Estudios superiores, licenciado, arquitecto o ingeniero superior, estudios superiores no universitarios, doctorado, estudios postgraduados;28,4%;717.868;20,7%;15.471;17,4%;1.224;30,9%;1.308;25,0%;5.432;22,1%;3.158;14,2%;1.939;17,5%;2.410;;;;;;;;
Nivel de estudios desconocido y no consta;0,1%;3.253;0,1%;98;0,1%;9;0,0%;0;0,1%;22;0,2%;31;0,2%;22;0,1%;14;;;;;;;;
1.5.4. Programa de prevención y control del absentismo escolar;1;2.525.009;1;74.594;1;7.028;1;4.238;1;21.699;1;14.280;1;13.612;1;13.737;;;;;;;;
Casos trabajados por el programa de absentismo municipal (curso escolar 2018-2019);100,0%;4.025;3,8%;152;;;;;;;;;;;;;;;;;;;;
Casos trabajados HOMBRES;51,2%;2.060;46,7%;71;;;;;;;;;;;;;;;;;;;;
Casos trabajados MUJERES;48,8%;1.965;53,3%;81;;;;;;;;;;;;;;;;;;;;
1.6. SALUD;;;;;;;;;;;;;;;;;;;;;;;;
1.6.1. Hábitos y estilos de vida (2017-18. Estudio Madrid Salud);;;;;;;;;;;;;;;;;;;;;;;;
Sedentarismo;30,0%;;30,3%;;;;;;;;;;;;;;;;;;;;;
Sedentarismo HOMBRES ;25,2%;;;;;;;;;;;;;;;;;;;;;;;
Sedentarismo MUJERES ;34,0%;;;;;;;;;;;;;;;;;;;;;;;
Consumo de tabaco diario;18,9%;;16,1%;;;;;;;;;;;;;;;;;;;;;
Consumo de tabaco diario HOMBRES;20,2%;;;;;;;;;;;;;;;;;;;;;;;
Consumo de tabaco diario MUJERES ;17,9%;;;;;;;;;;;;;;;;;;;;;;;
Consumo de medicamentos ;66,3%;;65,7%;;;;;;;;;;;;;;;;;;;;;
Consumo de medicamentos HOMBRES  ;62,4%;;;;;;;;;;;;;;;;;;;;;;;
Consumo de medicamentos MUJERES ;69,7%;;;;;;;;;;;;;;;;;;;;;;;
1.6.2. Indicadores de nivel de salud (2017-18. Estudio Madrid Salud);;;;;;;;;;;;;;;;;;;;;;;;
Autopercepción de buen estado de salud  (% respuesta muy buena + buena);72,3%;;71,6%;;;;;;;;;;;;;;;;;;;;;
Autopercepción de buen estado de salud HOMBRES ;77,4%;;;;;;;;;;;;;;;;;;;;;;;
Autopercepción de buen estado de salud MUJERES ;68,0%;;;;;;;;;;;;;;;;;;;;;;;
Calidad de vida relacionada con la salud (CVRS) ;20,2%;;20,2%;;;;;;;;;;;;;;;;;;;;;
Calidad de vida relacionada con la salud (CVRS) HOMBRES;19,0%;;;;;;;;;;;;;;;;;;;;;;;
Calidad de vida relacionada con la salud (CVRS) MUJERES;21,1%;;;;;;;;;;;;;;;;;;;;;;;
Presencia de enfermedad crónica ;39,8%;;41,7%;;;;;;;;;;;;;;;;;;;;;
Presencia de enfermedad crónica HOMBRES ;36,6%;;;;;;;;;;;;;;;;;;;;;;;
Presencia de enfermedad crónica MUJERES;42,4%;;;;;;;;;;;;;;;;;;;;;;;
Hipertensión arterial;18,8%;;21,8%;;;;;;;;;;;;;;;;;;;;;
Hipertensión arterial HOMBRES;19,7%;;;;;;;;;;;;;;;;;;;;;;;
Hipertensión arterial MUJERES;18,1%;;;;;;;;;;;;;;;;;;;;;;;
Diabetes Mellitus;6,0%;;5,6%;;;;;;;;;;;;;;;;;;;;;
Diabetes Mellitus HOMBRES;6,9%;;;;;;;;;;;;;;;;;;;;;;;
Diabetes Mellitus MUJERES;5,3%;;;;;;;;;;;;;;;;;;;;;;;
Personas con obesidad ;12,2%;;13,0%;;;;;;;;;;;;;;;;;;;;;
Personas con obesidad HOMBRES ;13,3%;;;;;;;;;;;;;;;;;;;;;;;
Personas con obesidad MUJERES;11,2%;;;;;;;;;;;;;;;;;;;;;;;
Personas con sobrepeso;33,5%;;34,5%;;;;;;;;;;;;;;;;;;;;;
Personas con sobrepeso HOMBRES;41,1%;;;;;;;;;;;;;;;;;;;;;;;
Personas con sobrepeso MUJERES;27,0%;;;;;;;;;;;;;;;;;;;;;;;
Personas mayores de 65 años con alguna dependencia funcional;32,4%;;43,6%;;;;;;;;;;;;;;;;;;;;;
Alguna dependencia funcional HOMBRES ;39,1%;;;;;;;;;;;;;;;;;;;;;;;
Alguna dependencia funcional MUJERES;48,6%;;;;;;;;;;;;;;;;;;;;;;;
Probabilidad de padecer enfermedad mental (GHQ-12);21,1%;;20,0%;;;;;;;;;;;;;;;;;;;;;
Probabilidad de padecer enfermedad mental (GHQ-12) HOMBRES;16,6%;;;;;;;;;;;;;;;;;;;;;;;
Probabilidad de padecer enfermedad (GHQ-12) MUJERES;24,9%;;;;;;;;;;;;;;;;;;;;;;;
Prevalencia de obesidad en la población infantil (2017. Estudio Madrid Salud. UCM);15,8%;;17,1%;;;;;;;;;;;;;;;;;;;;;
1.6.3. Discapacidad reconocida (31/12/2018);;;;;;;;;;;;;;;;;;;;;;;;
Nº de personas con grado de discapacidad reconocido;6,1%;200.604;3,4%;6.806;;;;;;;;;;;;;;;;;;;;
Hombres;48,0%;96.322;46,6%;3.173;;;;;;;;;;;;;;;;;;;;
Mujeres;52,0%;104.282;53,4%;3.633;;;;;;;;;;;;;;;;;;;;
Mujeres por cada 100 hombres (Feminización de la discapacidad reconocida);;108,3;;114,5;;;;;;;;;;;;;;;;;;;;
1.7. CALIDAD DE VIDA  (2019. Encuesta, más de 16 años);;;;;;;;;;;;;;;;;;;;;;;;
1.7.1. Calidad de vida y agenda pública (indicador sintético 0-100);;;;;;;;;;;;;;;;;;;;;;;;
Satisfacción de vivir en su barrio ;;72,0;;78,6;;;;;;;;;;;;;;;;;;;;
Calidad de vida actual en su barrio ;;71,3;;76,4;;;;;;;;;;;;;;;;;;;;
Convivencia vecinal;;69,5;;72,6;;;;;;;;;;;;;;;;;;;;
1.7.2. Satisfacción con los servicios públicos (escala 0-10);;;;;;;;;;;;;;;;;;;;;;;;
Espacios verdes;;6,9;;7,9;;;;;;;;;;;;;;;;;;;;
Parques infantiles ;;6,4;;7,8;;;;;;;;;;;;;;;;;;;;
Centros culturales;;7,0;;7,5;;;;;;;;;;;;;;;;;;;;
Organización de fiestas y eventos populares;;6,7;;7,1;;;;;;;;;;;;;;;;;;;;
Instalaciones deportivas;;6,7;;7,5;;;;;;;;;;;;;;;;;;;;
Servicios sociales municipales;;6,5;;7,2;;;;;;;;;;;;;;;;;;;;
Desigualdad en las dotaciones de los barrios (% respuesta muy alta + alta);78,4%;;50,5%;;;;;;;;;;;;;;;;;;;;;
1.7.3. Principales problemas de la ciudadanía (% personas encuestadas);;;;;;;;;;;;;;;;;;;;;;;;
1º. Limpieza;29,1%;;11,6%;;;;;;;;;;;;;;;;;;;;;
2º. Contaminación del aire;18,7%;;25,9%;;;;;;;;;;;;;;;;;;;;;
3º. Tráfico / atascos;11,8%;;15,8%;;;;;;;;;;;;;;;;;;;;;
1.7.4. Percepción de seguridad (indicador sintético 0-100);;;;;;;;;;;;;;;;;;;;;;;;
Percepción de seguridad en Madrid;;67,6;;67,2;;;;;;;;;;;;;;;;;;;;
Percepción de seguridad en el barrio por el día;;76,0;;81,3;;;;;;;;;;;;;;;;;;;;
Percepción de seguridad en el barrio por la noche;;60,2;;61,0;;;;;;;;;;;;;;;;;;;;
1.7.5. Problemas que afectan a la seguridad en los espacios públicos del distrito (escala 0-10);;;;;;;;;;;;;;;;;;;;;;;;
1º Excrementos animales domésticos;;6,6;;5,0;;;;;;;;;;;;;;;;;;;;
2º Botellón;;4,1;;3,7;;;;;;;;;;;;;;;;;;;;
3º Estacionamientos indebidos;;4,0;;3,3;;;;;;;;;;;;;;;;;;;;
1.7.6. Administración de la ciudad de Madrid (% de respuesta);;;;;;;;;;;;;;;;;;;;;;;;
Medio de información de la actividad del Ayuntamiento: REDES SOCIALES;20,9%;;17,7%;;;;;;;;;;;;;;;;;;;;;
Preferencia de contacto con el Ayuntamiento: EN PERSONA;46,0%;;39,7%;;;;;;;;;;;;;;;;;;;;;
Percepción sobre la administración del Ayto. en los últimos 5 años: HA MEJORADO;38,6%;;40,4%;;;;;;;;;;;;;;;;;;;;;
Percepción sobre la administración del Ayto. en los últimos 5 años: HA EMPEORADO;16,6%;;13,5%;;;;;;;;;;;;;;;;;;;;;
1.7.7. Amigabilidad de la ciudad de Madrid (% respuesta mucho + bastante);;;;;;;;;;;;;;;;;;;;;;;;
Madrid ciudad amigable con las personas lesbianas, gays, transexuales y bisexuales;76,9%;;81,8%;;;;;;;;;;;;;;;;;;;;;
1.8. INDICADORES DE VULNERABILIDAD;;;;;;;;;;;;;;;;;;;;;;;;
1.8.1. Índice de vulnerabilidad territorial (2019);;;;;;;;;;;;;;;;;;;;;;;;
Índice de vulnerabilidad territorial;;;;0,0078;;0,0080;;0,0072;;0,0074;;0,0080;;0,0084;;0,0079;;;;;;;;
Posición en el ranking de distritos y/o barrios de vulnerabilidad territorial;;;;13;;51;;72;;64;;50;;40;;52;;;;;;;;
1.8.2. Tasa de riesgo de pobreza o exclusión social. Indicador AROPE (2018. Encuesta de Condiciones de Vida);;;;;;;;;;;;;;;;;;;;;;;;
Tasa de riesgo de pobreza o exclusión social;25,5%;;;;;;;;;;;;;;;;;;;;;;;
Tasa de riesgo de pobreza o exclusión social HOMBRES;24,0%;;;;;;;;;;;;;;;;;;;;;;;
Tasa de riesgo de pobreza o exclusión social MUJERES;26,7%;;;;;;;;;;;;;;;;;;;;;;;
Tasa de riesgo de pobreza o exclusión social N. ESPAÑOLA (>16 años);21,9%;;;;;;;;;;;;;;;;;;;;;;;
Tasa de riesgo de pobreza o exclusión social N. EXTRANJERA UNIÓN EUROPEA (>16 años);14,4%;;;;;;;;;;;;;;;;;;;;;;;
Tasa de riesgo de pobreza o exclusión social N. EXTRANJERA RESTO DEL MUNDO (>16 años);66,1%;;;;;;;;;;;;;;;;;;;;;;;
1.8.3. Tasa de riesgo de pobreza de los hogares (2016. Estudio de Necesidades Sociales. Hogares);;;;;;;;;;;;;;;;;;;;;;;;
Pareja o matrimonio con hijos;;35,7%;;;;;;;;;;;;;;;;;;;;;;
Hogar formado por madre con hijos a cargo;;41,1%;;;;;;;;;;;;;;;;;;;;;;
Nacido en España;;26,4%;;;;;;;;;;;;;;;;;;;;;;
Nacido en un país fuera de la Unión Europea;;39,2%;;;;;;;;;;;;;;;;;;;;;;
1.8.4. Situación económica de los hogares (2016. Estudio de Necesidades Sociales. Hogares);;;;;;;;;;;;;;;;;;;;;;;;
Dificultad para llegar a fin de mes (% respuesta mucha dificultad + dificultad);;20,0%;;;;;;;;;;;;;;;;;;;;;;
Imposibilidad de hacer frente a un gasto imprevisto de 650€;;38,7%;;;;;;;;;;;;;;;;;;;;;;
Dificultad para hacer frente a los gastos derivados del suministro energético;;9,5%;;;;;;;;;;;;;;; ;;;;;;;
Entrevistados que han acudido a Servicios Sociales Municipales para solicitar atención social;;10,0%;;;;;;;;;;;;;;;;;;;;;;
1.9. SERVICIOS SOCIALES;;;;;;;;;;;;;;;;;;;;;;;;
1.9.1. Población en general (2019);;;;;;;;;;;;;;;;;;;;;;;;
Personas atendidas en la Unidad de Primera Atención en Centros de Servicios Sociales;;94.210 ;2,5%;2.345;;;;;;;;;;;;;;;;;;;;
Solicitudes tramitadas de Renta Mínima de Inserción;;5.474 ;2,7%;147;;;;;;;;;;;;;;;;;;;;
Perceptores de prestación de la Renta Mínima de Inserción;;17.877 ;2,9%;526;;;;;;;;;;;;;;;;;;;;
Beneficiarios de prestaciones sociales de carácter económico;;13.316 ;2,1%;276;;;;;;;;;;;;;;;;;;;;
Total prestaciones sociales de carácter económico (€);;7.698.372 €;2,4%;185.800;;;;;;;;;;;;;;;;;;;;
1.9.2. Personas Mayores (2019);;;;;;;;;;;;;;;;;;;;;;;;
Personas con Servicio de Ayuda a Domicilio (modalidad auxiliar de hogar);;80.375 ;3,6%;2.926;;;;;;;;;;;;;;;;;;;;
Hombres;;19.939 ;3,2%;637;;;;;;;;;;;;;;;;;;;;
Mujeres;;60.436 ;3,8%;2.289;;;;;;;;;;;;;;;;;;;;
Personas socias de los Centros Municipales de Mayores;;343.009 ;4,8%;16.432;;;;;;;;;;;;;;;;;;;;
Hombres;;128.807 ;4,9%;6.258;;;;;;;;;;;;;;;;;;;;
Mujeres ;;214.202 ;4,7%;10.174;;;;;;;;;;;;;;;;;;;;
1.9.3. Menores y Familia (2019);;;;;;;;;;;;;;;;;;;;;;;;
Familias atendidas por el Equipo de Trabajo con Menores y Familia (ETMF);;6.467;3,1%;199;;;;;;;;;;;;;;;;;;;;
Demandas de intervención en los Centros de Atención a la Infancia (CAI);;2.285;3,1%;71;;;;;;;;;;;;;;;;;;;;
Menores atendidos por el Servicio de Ayuda a domicilio a Menores y Familias (SAD) ;;1.356;2,5%;34;;;;;;;;;;;;;;;;;;;;
1.10. VIVIENDA;;;;;;;;;;;;;;;;;;;;;;;;
1.10.1. Estado de las viviendas;;;;;;;;;;;;;;;;;;;;;;;;
Nº Total de viviendas (Censo Edificios y Viviendas 2011);100,0%;1.530.955 ;100%;44.405;;;;;;;;;;;;;;;;;;;;
Viviendas anteriores a 1980;69,4%;1.061.825;76,7%;34.055;;;;;;;;;;;;;;;;;;;;
Estado ruinoso;0,2%;3.445;0,2%;95;;;;;;;;;;;;;;;;;;;;
Estado malo;0,8%;12.705;0,0%;0;;;;;;;;;;;;;;;;;;;;
Estado deficiente;4,4%;66.775;0,9%;415;;;;;;;;;;;;;;;;;;;;
Estado bueno;92,8%;1.420.265;98,5%;43.755;;;;;;;;;;;;;;;;;;;;
No consta;1,8%;27.770;0,3%;140;;;;;;;;;;;;;;;;;;;;
Valor catastral medio de los bienes inmuebles: personas físicas (2019) en miles de €;;90,9 €;90,8%;82,5;120%;98,9;118%;97,1;100%;82,6;104%;85,8;87%;72,1;90%;74,6;;;;;;;;
Valor catastral medio de los bienes inmuebles: personas jurídicas (2019) en miles de €;;368,6 €;67,4%;248,3;183%;453,2;42%;104,5;99%;246,8;101%;250,2;109%;271,7;140%;347,2;;;;;;;;
Superficie media de la vivienda (m2) en transacción (2019);;83,4;89,9%;74,99;;75,39;;92,60;;81,78;;78,20;;67,26;;71,54;;;;;;;;
Duración media del crédito (meses) en transacción de vivienda (2019);;257;94,6%;243;;327;;84;;291;;300;;315;;308;;;;;;;;
1.10.2. Tipología de las viviendas ;;;;;;;;;;;;;;;;;;;;;;;;
Nº Total de viviendas familiares (Censo Edificios y Viviendas 2011);100%;1.378.931;100%;41.819;100%;3.567;100%;2.181;100%;11.952;100%;8.051;100%;7.868;100%;8.200;;;;;;;;
Principal;78,3%;1.080.306;89,4%;37.382;92,5%;3.299;72,9%;1.591;90,7%;10.838;90,1%;7.250;90,1%;7.093;89,2%;7.311;;;;;;;;
Secundaria;7,7%;106.192;3,9%;1.631;3,1%;112;7,1%;155;2,9%;349;4,7%;377;3,4%;264;4,6%;374;;;;;;;;
Desocupada;12,9%;178.377;6,3%;2.614;4,2%;151;19,7%;429;5,7%;683;4,9%;394;6,0%;473;5,9%;484;;;;;;;;
Otro tipo;1,0%;13.998;0,5%;192;0,1%;5;0,3%;6;0,7%;82;0,4%;30;0,5%;38;0,4%;31;;;;;;;;
1.10.3. Lanzamientos judiciales (Consejo General del Poder Judicial);;;;;;;;;;;;;;;;;;;;;;;;
Lanzamientos judiciales practicados (2013);100%;5.020 ;;;;;;;;;;;;;;;;;;;;;;
Como consecuencia de ejecuciones hipotecarias;30%;1.501;;;;;;;;;;;;;;;;;;;;;;
Como consecuencia de la Ley de Arrendamientos Urbanos;62%;3.137;;;;;;;;;;;;;;;;;;;;;;
Lanzamientos judiciales practicados (2019);100,0%;2.832 ;;;;;;;;;;;;;;;;;;;;;;
Como consecuencia de ejecuciones hipotecarias;12,7%;360;;;;;;;;;;;;;;;;;;;;;;
Como consecuencia de la Ley de Arrendamientos Urbanos;84,2%;2.384;;;;;;;;;;;;;;;;;;;;;;
1.11. MEDIO AMBIENTE Y RESIDUOS;;;;;;;;;;;;;;;;;;;;;;;;
1.11.1. Contaminantes del aire (2018);;;;;;;;;;;;;;;;;;;;;;;;
Partículas suspensión PM2.5 (µgr/m3) -Valor límite: 25 µgr/m3-;;10,3;;;;;;;;;;;;;;;;;;;;;;
Partículas suspensión PM10 (µgr/m3) -Valor límite: 40 µgr/m3-;;18,5;;;;;;;;;;;;;;;;;;;;;;
Dióxido de azufre - SO2 (µgr/m3) -Valor límite: 125 µgr/m3-;;6,0;;;;;;;;;;;;;;;;;;;;;;
Monóxido de carbono - CO (mg/m3) -Valor límite: 10 µgr/m3-;;0,3;;;;;;;;;;;;;;;;;;;;;;
Ozono - O3 (µgr/m3) -Valor límite: 120 µgr/m3-;;51,0;;;;;;;;;;;;;;;;;;;;;;
Dióxido de nitrógeno - NO2 (µgr/m3) -Valor límite: 40 µgr/m3-;;37,0;;;;;;;;;;;;;;;;;;;;;;
Temperatura media anual (ºC);;15,2;;;;;;;;;;;;;;;;;;;;;;
Protocolo de contaminación: nº de episodios (2019);;3;;;;;;;;;;;;;;;;;;;;;;
"Protocolo de contaminación: nº de días ""Escenario 1"" (2019)";;12;;;;;;;;;;;;;;;;;;;;;;
1.11.2. Recogida domiciliaria de resíduos sólidos: envases y resto (2018);;;;;;;;;;;;;;;;;;;;;;;;
kg/habitante/año;;372;;270;;;;;;;;;;;;;;;;;;;;
kg/habitante/día;;1,019;;0,74;;;;;;;;;;;;;;;;;;;;
1.12. SEGURIDAD;;;;;;;;;;;;;;;;;;;;;;;;
Intervenciones de la Policía Municipal en materia de seguridad (2019);;;;;;;;;;;;;;;;;;;;;;;;
Relacionadas con las personas;;5.455;1,2%;67;;;;;;;;;;;;;;;;;;;;
Relacionadas con la tenencia de armas;;1.362;1,5%;21;;;;;;;;;;;;;;;;;;;;
Relacionadas con el patrimonio;;6.984;1,4%;101;;;;;;;;;;;;;;;;;;;;
Relacionadas con la tenencia y consumo de drogas;;7.668;1,6%;122;;;;;;;;;;;;;;;;;;;;
Expedientes instruidos por Agentes Tutores;;557;2,0%;11;;;;;;;;;;;;;;;;;;;;
Atestados/partes de accidentes de tráfico confeccionados;;21.791;2,9%;626;;;;;;;;;;;;;;;;;;;;
Detenidos e investigados de la Policía Municipal en materia de seguridad (2019);;;;;;;;;;;;;;;;;;;;;;;;
Total detenidos e investigados;100%;9.265;1,3%;125;;;;;;;;;;;;;;;;;;;;
Lesiones;4,7%;433;;;;;;;;;;;;;;;;;;;;;;
Violencia doméstica y de género;8,3%;773;;;;;;;;;;;;;;;;;;;;;;
Malos tratos a menores;1,1%;103;;;;;;;;;;;;;;;;;;;;;;
Abusos y agresiones sexuales;0,5%;49;;;;;;;;;;;;;;;;;;;;;;
Hurtos;12,9%;1.193;;;;;;;;;;;;;;;;;;;;;;
Robo con violencia e intimidación en personas;2,1%;198;;;;;;;;;;;;;;;;;;;;;;
Contra la salud pública;3,8%;356;;;;;;;;;;;;;;;;;;;;;;
Contra la seguridad vial;35,3%;3.275;;;;;;;;;;;;;;;;;;;;;;
1.13. RESULTADOS ELECCIONES LOCALES (2019);;;;;;;;;;;;;;;;;;;;;;;;
Censo electoral;100,0%;2.397.881;100%;75.149;100%;7.069;100%;4.846;100%;22.729;100%;14.328;100%;12.874;100,0%;13.303;;;;;;;;
Abstención;31,8%;761.923;30,2%;22.722;32,5%;2.295;26,3%;1.275;25,3%;5.747;31,0%;4.445;37,7%;4.849;30,9%;4.111;;;;;;;;
Votos en blanco;0,3%;6.945;0,3%;245;0,2%;15;0,5%;23;0,3%;69;0,4%;60;0,2%;32;0,3%;46;;;;;;;;
Votos a candidaturas;68,2%;1.635.958;69,8%;52.427;67,5%;4.774;73,7%;3.571;74,7%;16.982;69,0%;9.883;62,3%;8.025;69,1%;9.192;;;;;;;;
Más Madrid;21,1%;505.159;22,8%;17.134;25,1%;1.774;26,5%;1.285;23,5%;5.334;21,3%;3.050;21,3%;2.742;22,2%;2.949;;;;;;;;
PP;16,5%;395.344;16,0%;11.994;10,9%;772;10,9%;529;19,0%;4.309;18,2%;2.610;12,6%;1.627;16,1%;2.147;;;;;;;;
Ciudadanos;13,0%;312.536;12,1%;9.104;11,3%;796;18,0%;870;14,0%;3.190;11,8%;1.685;9,0%;1.156;10,6%;1.407;;;;;;;;
PSOE;9,3%;224.074;10,8%;8.119;11,8%;831;9,2%;446;10,2%;2.316;9,6%;1.378;12,2%;1.569;11,9%;1.579;;;;;;;;
VOX;5,2%;124.969;4,4%;3.316;4,7%;330;5,5%;266;4,7%;1.061;4,6%;658;3,8%;484;3,9%;517;;;;;;;;
1.14. SERVICIOS Y EQUIPAMIENTOS MUNICIPALES;;;;;;;;;;;;;;;;;;;;;;;;
1.14.1. Servicios Sociales Municipales (2020);;;;;;;;;;;;;;;;;;;;;;;;
Centros de Servicios Sociales;;39;2,6%;1;;1;;0;;0;;0;;0;;0;;;;;;;;
Centros Municipales de Mayores ;;90;3,3%;3;;0;;0;;0;;1;;1;;1;;;;;;;;
Centros de Día de Alzheimer y Físicos;;97;4,1%;4;;1;;0;;0;;1;;1;;1;;;;;;;;
Apartamentos Municipales para Mayores;;2;0,0%;0;;0;;0;;0;;0;;0;;0;;;;;;;;
Residencias para personas Mayores ;;3;0,0%;0;;0;;0;;0;;0;;0;;0;;;;;;;;
Centros de Apoyo a las Familias (CAF);;7;14,3%;1;;1;;0;;0;;0;;0;;0;;;;;;;;
Centros de Atención a la Infancia (CAI);;13;0,0%;0;;0;;0;;0;;0;;0;;0;;;;;;;;
Centro de Día de Atención a Niños y Niñas (de 3 a 12 años);;29;6,9%;2;;1;;0;;1;;0;;0;;0;;;;;;;;
Espacios de Ocio para Adolescentes (El Enredadero);;6;16,7%;1;;0;;0;;0;;1;;0;;0;;;;;;;;
Centros de Adolescentes y Jóvenes (ASPA) ;;8;0,0%;0;;0;;0;;0;;0;;0;;0;;;;;;;;
Centros para personas sin hogar;;12;0,0%;0;;0;;0;;0;;0;;0;;0;;;;;;;;
1.14.2. Género (2020);;;;;;;;;;;;;;;;;;;;;;;;
Espacios de Igualdad;;17;5,9%;1;;0;;0;;0;;1;;0;;0;;;;;;;;
1.14.3. Salud (2020);;;;;;;;;;;;;;;;;;;;;;;;
Centros Municipales de Salud Comunitaria (CMSC);;16;0,0%;0;;0;;0;;0;;0;;0;;0;;;;;;;;
Centros de Atención a las Adicciones (CAD y CCAD);;10;0,0%;0;;0;;0;;0;;0;;0;;0;;;;;;;;
1.14.4. Cultura (2020);;;;;;;;;;;;;;;;;;;;;;;;
Nº de Bibliotecas Municipales;;34;2,9%;1;;0;;0;;0;;1;;0;;0;;;;;;;;
Nº de Bibliotecas Comunidad Madrid;;16;6,3%;1;;0;;0;;0;;0;;1;;0;;;;;;;;
Nº de Centros Culturales;;106;2,8%;3;;1;;0;;0;;1;;0;;1;;;;;;;;
1.14.5. Deportes (2018);;;;;;;;;;;;;;;;;;;;;;;;
Centros deportivos Municipales;;72;2,8%;2;50,0%;1;0,0%;0;0,0%;0;50,0%;1;0,0%;0;0,0%;0;;;;;;;;
Superficie deportiva m2 ;;2.074.404;13,6%;283.000;;;;;;;;;;;;;;;;;;;;
Instalaciones deportivas básicas;;481;5,0%;24;;;;;;;;;;;;;;;;;;;;
Acceso controlado ;;98;2,0%;2;;;;;;;;;;;;;;;;;;;;
Campos de fútbol 11;;22;9,1%;2;;1;;0;;0;;1;;0;;0;;;;;;;;
Pista de atletismo ;;7;14,3%;1;;1;;0;;0;;0;;0;;0;;;;;;;;
Piscinas cubiertas;;49;2,0%;1;;1;;0;;0;;0;;0;;0;;;;;;;;
Piscinas de verano;;23;8,7%;2;;1;;0;;0;;1;;0;;0;;;;;;;;
1.14.6. Zonas verdes (2019);;;;;;;;;;;;;;;;;;;;;;;;
Superficie de zonas verdes y Parques de distrito (Ha);;3.322,9;3,6%;119,8;;;;;;;;;;;;;;;;;;;;
Superficie de zonas verdes y Parques de distrito (Ha) / nº de Habitantes *10.000;;10,2;124,5%;12,7;;;;;;;;;;;;;;;;;;;;
Superficie Parques Históricos, Singulares y Forestales por distrito  ;;2.501,0;2,4%;60,0;;;;;;;;;;;;;;;;;;;;
Superficie Parques Históricos, Singulares y Forestales distrito / nº Habitantes *10.000;;7,7;82,8%;6,3;;;;;;;;;;;;;;;;;;;;
1.14.7. Educación (Curso académico 2019-2020);;;;;;;;;;;;;;;;;;;;;;;;
Escuelas Infantiles Municipales (2019);;56;1,8%;1;;0;;0;;0;;0;;1;;0;;;;;;;;
Escuelas Infantiles Públicas CAM;;150;2,7%;4;;;;;;;;;;;;;;;;;;;;
Escuelas Infantiles Privadas;;419;2,9%;12;;;;;;;;;;;;;;;;;;;;
Colegios Públicos Infantil y Primaria (+ 3 centros con Secundaria);;247;4,0%;10;;;;;;;;;;;;;;;;;;;;
Institutos Públicos de Educación Secundaria;;112;5,4%;6;;;;;;;;;;;;;;;;;;;;
Colegios Privados Inf. o Pri. o Inf. y Pri.;;88;2,3%;2;;;;;;;;;;;;;;;;;;;;
Colegios Privados Inf., Pri. y Sec. o Pri. y Sec. ;;274;2,9%;8;;;;;;;;;;;;;;;;;;;;
1.14.8. Empresa y Comercio (2020);;;;;;;;;;;;;;;;;;;;;;;;
Mercados Municipales;;45;2,2%;1;;0;;0;;0;;0;;0;;1;;;;;;;;
1.15. PARTICIPACIÓN CIUDADANA ;;;;;;;;;;;;;;;;;;;;;;;;
1.15.1. Entidades de participación ciudadana (2019) ;;;;;;;;;;;;;;;;;;;;;;;;
Asociaciones (Sección 1ª);;2.412;2,8%;68;17,6%;12;1,5%;1;27,9%;19;17,6%;12;23,5%;16;11,8%;8;;;;;;;;
Nº de asociaciones culturales y casas regionales;;489;3,1%;15;13,3%;2;0,0%;0;20,0%;3;26,7%;4;26,7%;4;13,3%;2;;;;;;;;
Nº de asociaciones de mujeres;;75;0,0%;0;0,0%;0;0,0%;0;0,0%;0;0,0%;0;0,0%;0;0,0%;0;;;;;;;;
Nº de asociaciones de vecinos;;221;0,0%;0;0,0%;0;0,0%;0;0,0%;0;0,0%;0;0,0%;0;0,0%;0;;;;;;;;
Fundaciones (Sección 2ª);;24;4,2%;1;0,0%;0;0,0%;0;0,0%;0;0,0%;0;100,0%;1;0,0%;0;;;;;;;;
;;;;;;;;;;;;;;;;;;;;;;;;
;;;;;;;;;;;;;;;;;;;;;;;;
;;;;;;;;;;;;;;;;;;;;;;;;
;;;;;;;;;;;;;;;;;;;;;;;;
1.16. PRESUPUESTO 2020; En base al Acuerdo de 23 de diciembre de 2019 del Pleno del Ayuntamiento de Madrid. Publicación: BOAM Nùm. 8.551, 30 de diciembre de 2019. ;;;;;;;;;;;;;;;;;;;;;;;
PROGRAMA;;CAPÍTULOS;;;;;;;;;;;;;;;;;;;;;;
;;1;;2;;3;;4;;5;;6;;7;;TOTAL;;;;;;;;
OTRAS ACTUACIONES EN VÍAS PÚBLICAS;153.22;;;4.276 €;;;;;;;;;;;;4.276 €;;;;;;;;
FAMILIA E INFANCIA;231.02;;;303.247 €;;;;129.000 €;;;;;;;;432.247 €;;;;;;;;
PERSONAS MAYORES Y SERVICIOS SOCIALES;231.03;;;6.484.604 €;;;;76.110 €;;;;;;13.000 €;;6.573.714 €;;;;;;;;
INTEGRACIÓN COMUNITARIA Y EMERGENCIA SOCIAL;231.06;1.315.417 €;;406.943 €;;;;26.110 €;;;;;;6.000 €;;1.754.470 €;;;;;;;;
SALUBRIDAD PÚBLICA;311.01;422.868 €;;3.300 €;;;;;;;;;;;;426.168 €;;;;;;;;
CENTROS DOCENTES ENSEÑANZA INFANTIL Y PRIMARIA;323.01;;;2.301.462 €;;;;;;;;;;;;2.301.462 €;;;;;;;;
SERVICIOS COMPLEMENTARIOS EDUCACIÓN;326.01;;;361.611 €;;;;;;;;;;;;361.611 €;;;;;;;;
ACTIVIDADES CULTURALES;334.01;381.928 €;;879.442 €;;;;6.200 €;;;;3.500 €;;;;1.271.070 €;;;;;;;;
ACTUACIONES DEPORTIVAS EN DISTRITOS;341.01;;;82.108 €;;;;;;;;;;;;82.108 €;;;;;;;;
INSTALACIONES DEPORTIVAS;342.01;6.908.023 €;;830.576 €;;;;;;;;;;;;7.738.599 €;;;;;;;;
COMERCIO;431.00;;;21.000 €;;;;;;;;;;;;21.000 €;;;;;;;;
CONSUMO;493.00;178.509 €;;;;;;;;;;;;;;178.509 €;;;;;;;;
CONCEJALÍA-PRESIDENCIA DEL DISTRITO;912.2;231.519 €;;1.800 €;;;;;;;;;;;;233.319 €;;;;;;;;
DIREC. Y GESTIÓN ADMTVA. DEL DISTRITO;920.01;3.989.366 €;;282.009 €;;;;;;;;10.000 €;;;;4.281.375 €;;;;;;;;
PARTICIPACIÓN CIUDADANA Y VOLUNTARIADO;924.01;;;384.867 €;;;;57.200 €;;;;;;8.000 €;;450.067 €;;;;;;;;
EDIFICIOS;933.02;;;1.055.612 €;;;;;;;;;;;;1.055.612 €;;;;;;;;
CENTRO 001;;13.427.630 €;;13.402.857 €;;0 €;;294.620 €;;0 €;;13.500 €;;27.000 €;;27.165.607 €;;;;;;;;
SECCIÓN 214;;13.427.630 €;;13.402.857 €;;0 €;;294.620 €;;0 €;;13.500 €;;27.000 €;;27.165.607 €;;;;;;;;
;;;;;;;;;;;;;;;;;;;;;;;;
;;;;;;;;;;;;;;;;;;;;;;;;
;;;;;;;;;;;;;;;;;;;;;;;;
;;;;;;;;;;;;;;;;;;;;;;;;
