04. SALAMANCA. INFORMACIÓN DE DISTRITO Y BARRIOS;;;;;;;;;;;;;;;;;;;
 ;CIUDAD;;SALAMANCA;;Recoletos;;Goya;;Fuente del Berro;;Guindalera;;Lista;;Castellana;;;;
1.1 CARACTERÍSTICAS GENERALES DEL DISTRITO-BARRIO;;;;;;;;;;;;;;;;;;;
Superficie (Ha.) ;;60.445,52;539,24;;87,31;;77,03;;85,26;;160,28;;52,02;;77,34;;;;
Densidad (hab./Ha.) ;;54,03;271,03;;180,20;;384,91;;247,15;;259,60;;402,93;;221,42;;;;
1.2. LA POBLACIÓN DEL DISTRITO;;;;;;;;;;;;;;;;;;;
1.2.1. Estructura de la población (01/01/2019);;;;;;;;;;;;;;;;;;;
Sexo de la población;100%;3.266.126;4,5%;146.148;10,8%;15.734;20,3%;29.649;14,4%;21.071;28,5%;41.609;14,3%;20.961;11,7%;17.124;;;
Hombres;46,6%;1.521.178;44,1%;64.395;45,0%;7.074;43,3%;12.836;43,6%;9.197;45,2%;18.809;43,1%;9.040;43,4%;7.439;;;
Mujeres;53,4%;1.744.948;55,9%;81.753;55,0%;8.660;56,7%;16.813;56,4%;11.874;54,8%;22.800;56,9%;11.921;56,6%;9.685;;;
Edad media de la población;;44,14;;46,34;;45,96;;46,39;;46,84;;46,76;;46,07;;45,34;;;
De 0 a 14 años;13,3%;435.675;10,7%;15.569;11,1%;1.750;10,2%;3.016;10,5%;2.203;10,8%;4.493;10,6%;2.228;11,0%;1.879;;;
De 15 a 29;15,7%;512.070;16,3%;23.762;16,3%;2.564;16,6%;4.918;14,3%;3.020;15,5%;6.434;17,2%;3.602;18,8%;3.224;;;
De 30 a 44;22,8%;744.312;22,4%;32.789;21,3%;3.345;22,5%;6.669;24,2%;5.093;22,4%;9.302;22,7%;4.766;21,1%;3.614;;;
De 45 a 64;27,9%;912.424;26,8%;39.115;28,3%;4.460;27,0%;7.992;26,7%;5.623;27,0%;11.245;25,5%;5.353;25,9%;4.442;;;
De 65 a 79;13,0%;423.670;15,0%;21.888;15,3%;2.404;15,3%;4.550;15,2%;3.196;14,3%;5.950;15,2%;3.178;15,2%;2.610;;;
De 80 y + ;7,3%;237.975;8,9%;13.025;7,7%;1.211;8,4%;2.504;9,2%;1.936;10,1%;4.185;8,7%;1.834;7,9%;1.355;;;
De 65 y +;20,3%;661.645;23,9%;34.913;23,0%;3.615;23,8%;7.054;24,4%;5.132;24,4%;10.135;23,9%;5.012;23,2%;3.965;;;
Población en etapa educativa (De 3 a 16 años -16 no incluidos-);11,6%;379.646;9,0%;13.119;9,3%;1.460;8,4%;2.488;8,8%;1.848;9,3%;3.887;8,8%;1.851;9,3%;1.585;;;
Proporción de juventud (Población de 0-15 años/Población total);14,2%;;11,3%;;11,9%;;10,9%;;11,1%;;11,5%;;11,3%;;11,7%;;;;
Proporción de envejecimiento (Población > 65 años/Población total);20,3%;;23,9%;;23,0%;;23,8%;;24,4%;;24,4%;;23,9%;;23,2%;;;;
Proporción de sobreenvejecimiento (Población > 80 años/Población >65 años);36,0%;;37,3%;;33,5%;;35,5%;;37,7%;;41,3%;;36,6%;;34,2%;;;;
Índice de envejecimiento activo (2017);;37,0;;;;;;;;;;;;;;;;;
Hombres;;38,6;;;;;;;;;;;;;;;;;
Mujeres;;35,8;;;;;;;;;;;;;;;;;
Proporción de dependencia (Población de 0-15 + población 65 y + / Pob. 16-64) ;52,6%;;54,41;;53,58;;53,02;;54,95;;55,93;;54,35;;53,39;;;;
Personas con nacionalidad española;85,9%;2.805.478;86,7%;126.773;83,2%;13.090;86,1%;25.525;88,2%;18.581;89,4%;37.186;86,3%;18.083;83,6%;14.308;;;
Personas con nacionalidad española HOMBRES;46,6%;1.308.240;44,4%;56.225;45,7%;5.985;43,7%;11.161;43,9%;8.150;45,1%;16.786;43,5%;7.866;43,9%;6.277;;;
Personas con nacionalidad española MUJERES;53,4%;1.497.238;55,6%;70.548;54,3%;7.105;56,3%;14.364;56,1%;10.431;54,9%;20.400;56,5%;10.217;56,1%;8.031;;;
Personas con nacionalidad extranjera;14,1%;460.623;13,3%;19.375;16,8%;2.644;13,9%;4.124;11,8%;2.490;10,6%;4.423;13,7%;2.878;16,4%;2.816;;;
Personas con nacionalidad extranjera HOMBRES;46,2%;212.925;42,2%;8.170;41,2%;1.089;40,6%;1.675;42,0%;1.047;45,7%;2.023;40,8%;1.174;41,3%;1.162;;;
Personas con nacionalidad extranjera MUJERES;53,8%;247.698;57,8%;11.205;58,8%;1.555;59,4%;2.449;58,0%;1.443;54,3%;2.400;59,2%;1.704;58,7%;1.654;;;
Proporción de inmigrantes (Extranjeros menos UE y resto países de OCDE / Población total);9,8%;;7,1%;;8,0%;;7,3%;;6,6%;;6,3%;;7,4%;;8,3%;;;;
1ª nacionalidad extranjera en el Distrito: Italia (% respecto total extranjeros del distrito);4,8%;22.229;10,3%;1997;9,2%;244;11,4%;472;10,5%;262;9,3%;411;11,7%;337;9,6%;271;;;
2ª nacionalidad extranjera en el Distrito: Venezuela (% respecto total extranjeros del distrito);6,1%;28.129;9,0%;1751;11,3%;300;10,4%;428;9,3%;231;9,2%;405;7,4%;214;6,1%;173;;;
1.2.2. Estructura de los hogares (01-01-2019);;;;;;;;;;;;;;;;;;;
Nº total de hogares;100%;1.290.164;4,9%;62.951;10,6%;6.664;21,0%;13.237;14,8%;9.302;28,0%;17.615;14,7%;9.233;11,0%;6.900;;;
Tamaño medio del hogar;;2,53  ;;2,32;;2,36;;2,24;;2,27;;2,36;;2,27;;2,48;;;
Hogares con una mujer sola >65 años;9,8%;126.044;11,5%;7.213;9,3%;619;11,9%;1.569;12,4%;1.149;11,6%;2.045;12,4%;1.147;9,9%;684;;;
Hogares con un hombre solo >65 años;2,8%;36.720;3,3%;2.108;3,9%;262;3,5%;457;3,5%;330;3,0%;520;3,2%;299;3,5%;240;;;
Hogares monoparentales: una mujer adulta con uno o más menores;21,1%;27.460;1,4%;900;1,4%;94;1,4%;185;1,7%;156;1,4%;249;1,6%;145;1,0%;71;;;
Hogares monoparentales: un hombre adulto con uno o más menores;0,4%;5.491;0,3%;220;0,5%;30;0,3%;42;0,3%;30;0,3%;58;0,4%;36;0,3%;24;;;
1.2.3. Dinámica demográfica;;;;;;;;;;;;;;;;;;;
Tasa bruta de natalidad 2018 (‰);;8,57;;8,4;;10,0;;8,8;;7,9;;7,1;;9,0;;8,9;;;
Tasa de crecimiento demográfico 2018 (%);;1,37;;0,6;;-0,1;;0,2;;1,6;;0,8;;0,0;;1,0;;;
Esperanza de vida al nacer MUJERES *(mortalidad del periodo 2013-2016);;87,5;;87,7;;87,6;;87,9;;87,7;;87,3;;87,8;;88,5;;;
Esperanza de vida al nacer HOMBRES *(mortalidad del periodo 2013-2016);;81,9;;82,8;;83,5;;82,3;;82,9;;82,0;;83,3;;84,3;;;
Esperanza de vida al nacer MUJERES (2018);;87,6;;87,4;;;;;;;;;;;;;;;
Esperanza de vida al nacer HOMBRES (2018);;82,2;;83,6;;;;;;;;;;;;;;;
Esperanza de vida > 65 años MUJERES (2018);;24,6;;24,3;;;;;;;;;;;;;;;
Esperanza de vida > 65 años HOMBRES (2018);;20,6;;21,1;;;;;;;;;;;;;;;
1.2.4. Mujeres y hombres;;;;;;;;;;;;;;;;;;;
Índice de desigualdad de género IDG (2018);;0,8308;;;;;;;;;;;;;;;;;
Índice de desigualdad de género IDG (2008);;0,7462;;;;;;;;;;;;;;;;;
1.3. INDICADORES ECONÓMICOS ;;;;;;;;;;;;;;;;;;;
Renta neta media anual de los hogares (Urban Audit). 2016;;39.613,0 €;144%;57.147,0 €;140%;79.737 €;89%;50.739 €;73%;41.676 €;82%;46.916 €;87%;49.641 €;127%;72.529 €;;;
Renta disponible Bruta Per Cápita 2016(a);;21.755;;28.127,7 €;;;;;;;;;;;;;;;
Crecimiento/decrecimiento Renta Bruta Per Cápita 2016(a)-2008;3,1%;658;-0,4%;-123,3 €;;;;;;;;;;;;;;;
Pensión media mensual del Distrito HOMBRES (2018);; 1.456,2 € ;;1.722,8 €;;;;;;;;;;;;;;;
Pensión media mensual del Distrito MUJERES (2018);; 954,0 € ;;1.152,9 €;;;;;;;;;;;;;;;
1.4. INDICADORES DE DESEMPLEO;;;;;;;;;;;;;;;;;;;
Tasa de actividad global ciudad de Madrid (EPA. 1º trimestre 2020);61,2%;;;;;;;;;;;;;;;;;;
Hombres ;66,4%;;;;;;;;;;;;;;;;;;
Mujeres;57,0%;;;;;;;;;;;;;;;;;;
Número de parados ciudad de Madrid (EPA. 1º trimestre 2020) (miles);;176,6;;;;;;;;;;;;;;;;;
Hombres (miles);;83,9;;;;;;;;;;;;;;;;;
Mujeres (miles);;92,7;;;;;;;;;;;;;;;;;
Paro registrado (nº de personas registradas en SEPE en febrero 2020);;167.188;2,8%;4.717;6,8%;323;18,8%;886;16,7%;787;30,6%;1.443;13,5%;635;8,1%;384;;;
Tasa absoluta de paro registrado (febrero 2020);7,6%;;4,9%;;3,3%;;4,8%;;6,0%;;5,6%;;4,8%;;3,6%;;;;
Tasa absoluta de paro registrado MUJERES;8,1%;;5,3%;;3,8%;;5,3%;;6,4%;;5,9%;;5,2%;;3,8%;;;;
De 16 a 24 años;4,2%;;1,6%;;1,2%;;1,9%;;2,3%;;2,0%;;1,3%;;0,9%;;;;
De 25 a 44 años;7,5%;;4,4%;;2,9%;;4,3%;;5,4%;;5,0%;;4,3%;;3,2%;;;;
De 45 a 64 años;9,8%;;7,3%;;5,5%;;7,3%;;8,6%;;7,9%;;7,5%;;5,5%;;;;
Tasa absoluta de paro registrado HOMBRES ;7,0%;;4,5%;;2,8%;;4,2%;;5,6%;;5,2%;;4,4%;;3,4%;;;;
De 16 a 24 años;4,4%;;2,1%;;0,4%;;1,8%;;3,4%;;3,2%;;1,1%;;1,2%;;;;
De 25 a 44 años;6,0%;;3,7%;;2,6%;;3,6%;;4,4%;;4,2%;;3,7%;;2,5%;;;;
De 45 a 64 años;8,9%;;6,2%;;3,6%;;5,5%;;7,7%;;7,0%;;6,4%;;5,3%;;;;
Parados de larga duración (febrero 2020);38,2%;63.943;36,1%;1.702;;;;;;;;;;;;;;;
Hombres;39,7%;25.381;39,4%;671;;;;;;;;;;;;;;;
Mujeres ;60,3%;38.562;60,6%;1.031;;;;;;;;;;;;;;;
Parados que SÍ perciben prestaciones (febrero 2020);43,4%;72.603;48,3%;2.276;;;;;;;;;;;;;;;
Hombres;48,2%;34.979;43,9%;1000;;;;;;;;;;;;;;;
Mujeres ;51,8%;37.624;56,1%;1.276;;;;;;;;;;;;;;;
Parados que NO perciben prestaciones (febrero 2020);56,6%;94.585;51,7%;2.441;;;;;;;;;;;;;;;
Hombres;41,3%;39.063;39,4%;961;;;;;;;;;;;;;;;
Mujeres ;58,7%;55.522;60,6%;1.480;;;;;;;;;;;;;;;
1.5. EDUCACIÓN;;;;;;;;;;;;;;;;;;;
1.5.1. Población en etapas educativas (01/01/2018);100,0%;464.338;100%;16.586;100%;1.874;100%;3.219;100%;2.340;100%;4.789;100%;2.369;100%;1.995;;;
0 a 2 años;18,2%;84.692;20,9%;3.467;22,1%;414;22,7%;731;21,0%;492;18,8%;902;21,9%;518;20,6%;410;;;
Infantil (3 a 5 años);18,7%;86.684;19,1%;3.166;20,1%;377;20,3%;654;18,2%;427;18,7%;894;18,5%;439;18,8%;375;;;
Primaria (6 a 11 años);38,4%;178.445;36,3%;6.016;35,1%;657;34,1%;1.097;37,6%;881;37,9%;1.815;35,5%;841;36,3%;725;;;
Secundaria (12 a 15 años);24,7%;114.517;23,7%;3.937;22,7%;426;22,9%;737;23,1%;540;24,6%;1.178;24,1%;571;24,3%;485;;;
Etapas educativas. Total niños;51,2%;237.557;50,5%;8.381;50,8%;952;51,3%;1.650;49,0%;1.147;52,0%;2.490;49,4%;1.170;48,7%;972;;;
0 a 2 años;18,2%;43.261;21,0%;1.756;21,6%;206;22,7%;375;21,5%;247;19,3%;480;22,2%;260;19,3%;188;;;
Infantil (3 a 5 años);18,7%;44.354;18,9%;1.586;21,0%;200;19,8%;326;17,8%;204;18,5%;461;18,2%;213;18,7%;182;;;
Primaria (6 a 11 años);38,5%;91.575;36,5%;3.060;35,5%;338;34,4%;568;38,6%;443;37,1%;924;36,2%;424;37,3%;363;;;
Secundaria (12 a 15 años);24,6%;58.367;23,6%;1.979;21,8%;208;23,1%;381;22,1%;253;25,1%;625;23,3%;273;24,6%;239;;;
Etapas educativas. Total niñas;48,8%;226.781;49,5%;8.205;49,2%;922;48,7%;1.569;51,0%;1.193;48,0%;2.299;50,6%;1.199;51,3%;1023;;;
0 a 2 años;18,3%;41.431;20,9%;1.711;22,6%;208;22,7%;356;20,5%;245;18,4%;422;21,5%;258;21,7%;222;;;
Infantil (3 a 5 años);18,7%;42.330;19,3%;1.580;19,2%;177;20,9%;328;18,7%;223;18,8%;433;18,8%;226;18,9%;193;;;
Primaria (6 a 11 años);38,3%;86.870;36,0%;2.956;34,6%;319;33,7%;529;36,7%;438;38,8%;891;34,8%;417;35,4%;362;;;
Secundaria (12 a 15 años);24,8%;56.150;23,9%;1.958;23,6%;218;22,7%;356;24,1%;287;24,1%;553;24,9%;298;24,0%;246;;;
1.5.2. Escolarización de alumnos por tipo de centro (año escolar 2017/18);100,0%;519.294;100%;19.530;;;;;;;;;;;;;;;
En centros PRIVADOS CONCERTADOS;43,1%;223.703;66,3%;12.943;;;;;;;;;;;;;;;
En centros PRIVADOS SIN CONCIERTO;17,9%;92.853;17,4%;3.398;;;;;;;;;;;;;;;
En centros PÚBLICOS;39,0%;202.738;16,3%;3.189;;;;;;;;;;;;;;;
Total alumnos extranjeros;10,6%;54.812;6,2%;1.209;;;;;;;;;;;;;;;
En centros PRIVADOS CONCERTADOS;34,9%;19.103;47,2%;571;;;;;;;;;;;;;;;
En centros PRIVADOS SIN CONCIERTO;9,1%;4.965;12,5%;151;;;;;;;;;;;;;;;
En centros PÚBLICOS;56,1%;30.744;40,3%;487;;;;;;;;;;;;;;;
Total alumnos con necesidades de apoyo educativo;4,0%;20.898;2,3%;456;;;;;;;;;;;;;;;
En centros PRIVADOS CONCERTADOS;49,2%;10.285;80,0%;365;;;;;;;;;;;;;;;
En centros PRIVADOS SIN CONCIERTO;4,6%;963;1,8%;8;;;;;;;;;;;;;;;
En centros PÚBLICOS;46,2%;9.650;18,2%;83;;;;;;;;;;;;;;;
1.5.3. Nivel de estudios de la población ≥ 25 años (01/01/2019);;;;;;;;;;;;;;;;;;;
No sabe leer ni escribir o sin estudios;4,9%;123.025;1,6%;1.889;0,9%;113;1,6%;396;2,1%;354;1,8%;613;1,5%;248;1,2%;165;;;
Primaria incompleta;11,6%;291.746;5,1%;6.040;3,1%;390;4,9%;1.185;7,1%;1.232;5,6%;1.882;4,9%;837;3,8%;514;;;
Bachiller Elemental, Graduado Escolar, ESO, Formación profesional 1º grado;26,4%;666.553;14,4%;16.947;11,3%;1.416;14,3%;3.464;17,8%;3.076;15,0%;5.056;13,5%;2.293;12,2%;1.642;;;
Formación profesional 2º grado, Bachiller Superior o BUP;19,1%;482.262;18,4%;21.753;16,5%;2.066;17,9%;4.333;19,5%;3.372;19,6%;6.573;17,9%;3.027;17,6%;2.382;;;
Titulados medios, diplomados, arquitecto o ingeniero técnico;9,5%;240.302;10,7%;12.678;9,4%;1.182;10,5%;2.525;11,8%;2.043;11,8%;3.950;10,4%;1.756;9,0%;1.222;;;
Estudios superiores, licenciado, arquitecto o ingeniero superior, estudios superiores no universitarios, doctorado, estudios postgraduados;28,4%;717.868;49,6%;58.513;58,7%;7.356;50,5%;12.208;41,5%;7.154;46,1%;15.489;51,6%;8.746;55,9%;7.560;;;
Nivel de estudios desconocido y no consta;0,1%;3.253;0,1%;168;0,1%;14;0,2%;40;0,1%;20;0,1%;33;0,2%;32;0,2%;29;;;
1.5.4. Programa de prevención y control del absentismo escolar;;2.525.009;1;117.988;1;12.537;1;24.151;1;17.251;1;33.596;1;16.939;1;13.514;;;
Casos trabajados por el programa de absentismo municipal (curso escolar 2018-2019);100,0%;4.025;0,6%;25;;;;;;;;;;;;;;;
Casos trabajados HOMBRES;51,2%;2.060;56,0%;14;;;;;;;;;;;;;;;
Casos trabajados MUJERES;48,8%;1.965;44,0%;11;;;;;;;;;;;;;;;
1.6. SALUD;;;;;;;;;;;;;;;;;;;
1.6.1. Hábitos y estilos de vida (2017-18. Estudio Madrid Salud);;;;;;;;;;;;;;;;;;;
Sedentarismo;30,0%;;30,7%;;;;;;;;;;;;;;;;
Sedentarismo HOMBRES ;25,2%;;;;;;;;;;;;;;;;;;
Sedentarismo MUJERES ;34,0%;;;;;;;;;;;;;;;;;;
Consumo de tabaco diario;18,9%;;16,9%;;;;;;;;;;;;;;;;
Consumo de tabaco diario HOMBRES;20,2%;;;;;;;;;;;;;;;;;;
Consumo de tabaco diario MUJERES ;17,9%;;;;;;;;;;;;;;;;;;
Consumo de medicamentos ;66,3%;;65,5%;;;;;;;;;;;;;;;;
Consumo de medicamentos HOMBRES  ;62,4%;;;;;;;;;;;;;;;;;;
Consumo de medicamentos MUJERES ;69,7%;;;;;;;;;;;;;;;;;;
1.6.2. Indicadores de nivel de salud (2017-18. Estudio Madrid Salud);;;;;;;;;;;;;;;;;;;
Autopercepción de buen estado de salud  (% respuesta muy buena + buena);72,3%;;76,2%;;;;;;;;;;;;;;;;
Autopercepción de buen estado de salud HOMBRES ;77,4%;;;;;;;;;;;;;;;;;;
Autopercepción de buen estado de salud MUJERES ;68,0%;;;;;;;;;;;;;;;;;;
Calidad de vida relacionada con la salud (CVRS) ;20,2%;;19,6%;;;;;;;;;;;;;;;;
Calidad de vida relacionada con la salud (CVRS) HOMBRES;19,0%;;;;;;;;;;;;;;;;;;
Calidad de vida relacionada con la salud (CVRS) MUJERES;21,1%;;;;;;;;;;;;;;;;;;
Presencia de enfermedad crónica ;39,8%;;41,0%;;;;;;;;;;;;;;;;
Presencia de enfermedad crónica HOMBRES ;36,6%;;;;;;;;;;;;;;;;;;
Presencia de enfermedad crónica MUJERES;42,4%;;;;;;;;;;;;;;;;;;
Hipertensión arterial;18,8%;;15,9%;;;;;;;;;;;;;;;;
Hipertensión arterial HOMBRES;19,7%;;;;;;;;;;;;;;;;;;
Hipertensión arterial MUJERES;18,1%;;;;;;;;;;;;;;;;;;
Diabetes Mellitus;6,0%;;6,3%;;;;;;;;;;;;;;;;
Diabetes Mellitus HOMBRES;6,9%;;;;;;;;;;;;;;;;;;
Diabetes Mellitus MUJERES;5,3%;;;;;;;;;;;;;;;;;;
Personas con obesidad ;12,2%;;11,8%;;;;;;;;;;;;;;;;
Personas con obesidad HOMBRES ;13,3%;;;;;;;;;;;;;;;;;;
Personas con obesidad MUJERES;11,2%;;;;;;;;;;;;;;;;;;
Personas con sobrepeso;33,5%;;25,3%;;;;;;;;;;;;;;;;
Personas con sobrepeso HOMBRES;41,1%;;;;;;;;;;;;;;;;;;
Personas con sobrepeso MUJERES;27,0%;;;;;;;;;;;;;;;;;;
Personas mayores de 65 años con alguna dependencia funcional;32,4%;;39,4%;;;;;;;;;;;;;;;;
Alguna dependencia funcional HOMBRES ;39,1%;;;;;;;;;;;;;;;;;;
Alguna dependencia funcional MUJERES;48,6%;;;;;;;;;;;;;;;;;;
Probabilidad de padecer enfermedad mental (GHQ-12);21,1%;;16,5%;;;;;;;;;;;;;;;;
Probabilidad de padecer enfermedad mental (GHQ-12) HOMBRES;16,6%;;;;;;;;;;;;;;;;;;
Probabilidad de padecer enfermedad (GHQ-12) MUJERES;24,9%;;;;;;;;;;;;;;;;;;
Prevalencia de obesidad en la población infantil (2017. Estudio Madrid Salud. UCM);15,8%;;10,5%;;;;;;;;;;;;;;;;
1.6.3. Discapacidad reconocida (31/12/2018);;;;;;;;;;;;;;;;;;;
Nº de personas con grado de discapacidad reconocido;6,1%;200.604;3,4%;6.835;;;;;;;;;;;;;;;
Hombres;48,0%;96.322;42,5%;2.906;;;;;;;;;;;;;;;
Mujeres;52,0%;104.282;57,5%;3.929;;;;;;;;;;;;;;;
Mujeres por cada 100 hombres (Feminización de la discapacidad reconocida);;108,3;;135,2;;;;;;;;;;;;;;;
1.7. CALIDAD DE VIDA  (2019.  Encuesta, más de 16 años);;;;;;;;;;;;;;;;;;;
1.7.1. Calidad de vida y agenda pública (indicador sintético 0-100);;;;;;;;;;;;;;;;;;;
Satisfacción de vivir en su barrio ;;72,0;;78,2;;;;;;;;;;;;;;;
Calidad de vida actual en su barrio ;;71,3;;77,5;;;;;;;;;;;;;;;
Convivencia vecinal;;69,5;;71,6;;;;;;;;;;;;;;;
1.7.2. Satisfacción con los servicios públicos (escala 0-10);;;;;;;;;;;;;;;;;;;
Espacios verdes;;6,9;;6,4;;;;;;;;;;;;;;;
Parques infantiles ;;6,4;;5,7;;;;;;;;;;;;;;;
Centros culturales;;7,0;;6,4;;;;;;;;;;;;;;;
Organización de fiestas y eventos populares;;6,7;;6,5;;;;;;;;;;;;;;;
Instalaciones deportivas;;6,7;;6,0;;;;;;;;;;;;;;;
Servicios sociales municipales;;6,5;;6,0;;;;;;;;;;;;;;;
Desigualdad en las dotaciones de los barrios (% respuesta muy alta + alta);78,4%;;67,60%;;;;;;;;;;;;;;;;
1.7.3. Principales problemas de la ciudadanía (% personas encuestadas);;;;;;;;;;;;;;;;;;;
1º. Limpieza;29,1%;;42,6%;;;;;;;;;;;;;;;;
2º. Contaminación del aire;18,7%;;16,5%;;;;;;;;;;;;;;;;
3º. Tráfico / atascos;11,8%;;14,2%;;;;;;;;;;;;;;;;
1.7.4. Percepción de seguridad (indicador sintético 0-100);;;;;;;;;;;;;;;;;;;
Percepción de seguridad en Madrid;;67,6;;69,8;;;;;;;;;;;;;;;
Percepción de seguridad en el barrio por el día;;76,0;;81,7;;;;;;;;;;;;;;;
Percepción de seguridad en el barrio por la noche;;60,2;;73,0;;;;;;;;;;;;;;;
1.7.5. Problemas que afectan a la seguridad en los espacios públicos del distrito (escala 0-10);;;;;;;;;;;;;;;;;;;
1º Excrementos animales domésticos;;6,6;;4,4;;;;;;;;;;;;;;;
2º Robos, atracos y hurtos;;4,0;;3,0;;;;;;;;;;;;;;;
3º Conductas que ponen en riesgo la seguridad vial;;3,6;;2,6;;;;;;;;;;;;;;;
1.7.6. Administración de la ciudad de Madrid (% de respuesta);;;;;;;;;;;;;;;;;;;
Medio de información de la actividad del Ayuntamiento: REDES SOCIALES;20,9%;;14,7%;;;;;;;;;;;;;;;;
Preferencia de contacto con el Ayuntamiento: EN PERSONA;46,0%;;47,9%;;;;;;;;;;;;;;;;
Percepción sobre la administración del Ayto. en los últimos 5 años: HA MEJORADO;38,6%;;31,2%;;;;;;;;;;;;;;;;
Percepción sobre la administración del Ayto. en los últimos 5 años: HA EMPEORADO;16,6%;;25,4%;;;;;;;;;;;;;;;;
1.7.7. Amigabilidad de la ciudad de Madrid (% respuesta mucho + bastante);;;;;;;;;;;;;;;;;;;
Madrid ciudad amigable con las personas lesbianas, gays, transexuales y bisexuales;76,9%;;82,8%;;;;;;;;;;;;;;;;
1.8. INDICADORES DE VULNERABILIDAD;;;;;;;;;;;;;;;;;;;
1.8.1. Índice de vulnerabilidad territorial (2019);;;;;;;;;;;;;;;;;;;
Índice de vulnerabilidad territorial;;;;0,0059;;0,0055;;0,0060;;0,0062;;0,0061;;0,0060;;0,0057;;;
Posición en el ranking de distritos y/o barrios de vulnerabilidad territorial;;;;3;;124;;109;;95;;104;;107;;119;;;
1.8.2. Tasa de riesgo de pobreza o exclusión social. Indicador AROPE (2018. Encuesta de Condiciones de Vida);;;;;;;;;;;;;;;;;;;
Tasa de riesgo de pobreza o exclusión social;25,5%;;;;;;;;;;;;;;;;;;
Tasa de riesgo de pobreza o exclusión social HOMBRES;24,0%;;;;;;;;;;;;;;;;;;
Tasa de riesgo de pobreza o exclusión social MUJERES;26,7%;;;;;;;;;;;;;;;;;;
Tasa de riesgo de pobreza o exclusión social N. ESPAÑOLA (>16 años);21,9%;;;;;;;;;;;;;;;;;;
Tasa de riesgo de pobreza o exclusión social N. EXTRANJERA UNIÓN EUROPEA (>16 años);14,4%;;;;;;;;;;;;;;;;;;
Tasa de riesgo de pobreza o exclusión social N. EXTRANJERA RESTO DEL MUNDO (>16 años);66,1%;;;;;;;;;;;;;;;;;;
1.8.3. Tasa de riesgo de pobreza de los hogares (2016. Estudio de Necesidades Sociales. Hogares);;;;;;;;;;;;;;;;;;;
Pareja o matrimonio con hijos;;35,7%;;;;;;;;;;;;;;;;;
Hogar formado por madre con hijos a cargo;;41,1%;;;;;;;;;;;;;;;;;
Nacido en España;;26,4%;;;;;;;;;;;;;;;;;
Nacido en un país fuera de la Unión Europea;;39,2%;;;;;;;;;;;;;;;;;
1.8.4. Situación económica de los hogares (2016. Estudio de Necesidades Sociales. Hogares);;;;;;;;;;;;;;;;;;;
Dificultad para llegar a fin de mes (% respuesta mucha dificultad + dificultad);;20,0%;;;;;;;;;;;;;;;;;
Imposibilidad de hacer frente a un gasto imprevisto de 650€;;38,7%;;;;;;;;;;;;;;;;;
Dificultad para hacer frente a los gastos derivados del suministro energético;;9,5%;;;;;;;;;;;;;;;;;
Entrevistados que han acudido a Servicios Sociales Municipales para solicitar atención social;;10,0%;;;;;;;;;;;;;;;;;
1.9. SERVICIOS SOCIALES;;;;;;;;;;;;;;;;;;;
1.9.1. Población en general (2019);;;;;;;;;;;;;;;;;;;
Personas atendidas en la Unidad de Primera Atención en Centros de Servicios Sociales;;94.210 ;3,7%;3.475;;;;;;;;;;;;;;;
Solicitudes tramitadas de Renta Mínima de Inserción;;5.474 ;1,8%;100;;;;;;;;;;;;;;;
Perceptores de prestación de la Renta Mínima de Inserción;;17.877 ;0,7%;128;;;;;;;;;;;;;;;
Beneficiarios de prestaciones sociales de carácter económico;;13.316 ;2,9%;390;;;;;;;;;;;;;;;
Total prestaciones sociales de carácter económico (€);;7.698.372 €;3,3%;255.549;;;;;;;;;;;;;;;
1.9.2. Personas Mayores (2018);;;;;;;;;;;;;;;;;;;
Personas con Servicio de Ayuda a Domicilio (modalidad auxiliar de hogar);;80.375 ;2,4%;1.946;;;;;;;;;;;;;;;
Hombres;;19.939 ;2,0%;403;;;;;;;;;;;;;;;
Mujeres;;60.436 ;2,6%;1.543;;;;;;;;;;;;;;;
Personas socias de los Centros Municipales de Mayores;;343.009 ;3,3%;11.334;;;;;;;;;;;;;;;
Hombres;;128.807 ;2,7%;3.519;;;;;;;;;;;;;;;
Mujeres ;;214.202 ;3,6%;7.815;;;;;;;;;;;;;;;
1.9.3. Menores y Familia (2019);;;;;;;;;;;;;;;;;;;
Familias atendidas por el Equipo de Trabajo con Menores y Familia (ETMF);;6.467;2,5%;163;;;;;;;;;;;;;;;
Demandas de intervención en los Centros de Atención a la Infancia (CAI);;2.285;1,8%;42;;;;;;;;;;;;;;;
Menores atendidos por el Servicio de Ayuda a domicilio a Menores y Familias (SAD) ;;1.356;2,8%;38;;;;;;;;;;;;;;;
1.10. VIVIENDA;;;;;;;;;;;;;;;;;;;
1.10.1. Estado de las viviendas;;;;;;;;;;;;;;;;;;;
Nº Total de viviendas (Censo Edificios y Viviendas 2011);100,0%;1.530.955 ;100%;83.575;;;;;;;;;;;;;;;
Viviendas anteriores a 1980;69,4%;1.061.825;91,3%;76.295;;;;;;;;;;;;;;;
Estado ruinoso;0,2%;3.445;0,1%;70;;;;;;;;;;;;;;;
Estado malo;0,8%;12.705;0,3%;265;;;;;;;;;;;;;;;
Estado deficiente;4,4%;66.775;1,5%;1.255;;;;;;;;;;;;;;;
Estado bueno;92,8%;1.420.265;96,9%;80.955;;;;;;;;;;;;;;;
No consta;1,8%;27.770;1,2%;1.035;;;;;;;;;;;;;;;
Valor catastral medio de los bienes inmuebles: personas físicas (2019) en miles de €;;90,9 €;175,4%;159,5;162,2%;258,7;98,3%;156,8;68,7%;109,6;71,9%;114,7;95,5%;152,3;163,2%;260,3;;;
Valor catastral medio de los bienes inmuebles: personas jurídicas (2019) en miles de €;;368,6 €;148,8%;548,5;146,3%;802,6;99,9%;547,7;55,9%;306,6;44,7%;245,3;75,6%;414,7;130,3%;714,7;;;
Superficie media de la vivienda (m2) en transacción (2019);;83,4;122,5%;102,13;164,5%;167,99;87,7%;89,55;69,0%;70,43;85,9%;87,69;86,2%;88,04;156,4%;159,78;;;
Duración media del crédito (meses) en transacción de vivienda (2019);;257;91,4%;235;87,7%;206;100,9%;237;121,3%;285;93,2%;219;116,2%;273;88,5%;208;;;
1.10.2. Tipología de las viviendas ;;;;;;;;;;;;;;;;;;;
Nº Total de viviendas familiares (Censo Edificios y Viviendas 2011);100%;1.378.931;100%;79.785;100%;8.984;100%;17.624;100%;11.179;100%;20.537;100%;12.254;100%;9.207;;;
Principal;78,3%;1.080.306;69,0%;55.055;60,7%;5.457;67,8%;11.948;74,5%;8.328;73,9%;15.169;67,8%;8.304;63,5%;5.849;;;
Secundaria;7,7%;106.192;14,5%;11.590;17,7%;1.593;14,9%;2.631;10,0%;1.121;11,8%;2.425;16,0%;1.956;20,2%;1.864;;;
Desocupada;12,9%;178.377;14,8%;11.769;20,4%;1.835;16,4%;2.896;14,8%;1.660;11,9%;2.453;13,1%;1.608;14,3%;1.317;;;
Otro tipo;1,0%;13.998;1,7%;1.371;1,1%;99;0,8%;149;0,6%;70;2,4%;490;3,1%;386;1,9%;177;;;
1.10.3. Lanzamientos judiciales (Consejo General del Poder Judicial);;;;;;;;;;;;;;;;;;;
Lanzamientos judiciales practicados (2013);100%;5.020 ;;;;;;;;;;;;;;;;;
Como consecuencia de ejecuciones hipotecarias;30%;1.501;;;;;;;;;;;;;;;;;
Como consecuencia de la Ley de Arrendamientos Urbanos;62%;3.137;;;;;;;;;;;;;;;;;
Lanzamientos judiciales practicados (2019);100,0%;2.832 ;;;;;;;;;;;;;;;;;
Como consecuencia de ejecuciones hipotecarias;12,7%;360;;;;;;;;;;;;;;;;;
Como consecuencia de la Ley de Arrendamientos Urbanos;84,2%;2.384;;;;;;;;;;;;;;;;;
1.11. MEDIO AMBIENTE Y RESIDUOS;;;;;;;;;;;;;;;;;;;
1.11.1. Contaminantes del aire (2018);;;;;;;;;;;;;;;;;;;
Partículas suspensión PM2.5 (µgr/m3) -Valor límite: 25 µgr/m3-;;10,3;;;;;;;;;;;;;;;;;
Partículas suspensión PM10 (µgr/m3) -Valor límite: 40 µgr/m3-;;18,5;;;;;;;;;;;;;;;;;
Dióxido de azufre - SO2 (µgr/m3) -Valor límite: 125 µgr/m3-;;6,0;;;;;;;;;;;;;;;;;
Monóxido de carbono - CO (mg/m3) -Valor límite: 10 µgr/m3-;;0,3;;;;;;;;;;;;;;;;;
Ozono - O3 (µgr/m3) -Valor límite: 120 µgr/m3-;;51,0;;;;;;;;;;;;;;;;;
Dióxido de nitrógeno - NO2 (µgr/m3) -Valor límite: 40 µgr/m3-;;37,0;;;;;;;;;;;;;;;;;
Temperatura media anual (ºC);;15,2;;;;;;;;;;;;;;;;;
Protocolo de contaminación: nº de episodios (2019);;3;;;;;;;;;;;;;;;;;
"Protocolo de contaminación: nº de días ""Escenario 1"" (2019)";;12;;;;;;;;;;;;;;;;;
1.11.2. Recogida domiciliaria de resíduos sólidos: envases y resto (2018);;;;;;;;;;;;;;;;;;;
kg/habitante/año;;372;;389;;;;;;;;;;;;;;;
kg/habitante/día;;1,019;;1,066;;;;;;;;;;;;;;;
1.12. SEGURIDAD;;;;;;;;;;;;;;;;;;;
Intervenciones de la Policía Municipal en materia de seguridad (2019);;;;;;;;;;;;;;;;;;;
Relacionadas con las personas;;5.455;2,1%;113;;;;;;;;;;;;;;;
Relacionadas con la tenencia de armas;;1.362;1,3%;18;;;;;;;;;;;;;;;
Relacionadas con el patrimonio;;6.984;6,3%;438;;;;;;;;;;;;;;;
Relacionadas con la tenencia y consumo de drogas;;7.668;5,9%;456;;;;;;;;;;;;;;;
Expedientes instruidos por Agentes Tutores;;557;1,1%;6;;;;;;;;;;;;;;;
Atestados/partes de accidentes de tráfico confeccionados;;21.791;8,0%;1.735;;;;;;;;;;;;;;;
Detenidos e investigados de la Policía Municipal en materia de seguridad (2019);;;;;;;;;;;;;;;;;;;
Total detenidos e investigados;100%;9.265;7,5%;693;;;;;;;;;;;;;;;
Lesiones;4,7%;433;;;;;;;;;;;;;;;;;
Violencia doméstica y de género;8,3%;773;;;;;;;;;;;;;;;;;
Malos tratos a menores;1,1%;103;;;;;;;;;;;;;;;;;
Abusos y agresiones sexuales;0,5%;49;;;;;;;;;;;;;;;;;
Hurtos;12,9%;1.193;;;;;;;;;;;;;;;;;
Robo con violencia e intimidación en personas;2,1%;198;;;;;;;;;;;;;;;;;
Contra la salud pública;3,8%;356;;;;;;;;;;;;;;;;;
Contra la seguridad vial;35,3%;3.275;;;;;;;;;;;;;;;;;
1.13. RESULTADOS ELECCIONES LOCALES (2019);;;;;;;;;;;;;;;;;;;
Censo electoral;100,0%;2.397.881;100%;112.709;100%;11.655;100%;22.834;100%;16.605;100%;32.881;100%;16.050;100,0%;12.684;;;
Abstención;31,8%;761.923;26,8%;30.186;27,0%;3.145;28,7%;6.554;27,2%;4.520;25,4%;8.355;27,2%;4.358;25,7%;3.254;;;
Votos en blanco;0,3%;6.945;0,3%;343;0,3%;33;0,4%;92;0,3%;51;0,3%;87;0,3%;42;0,3%;38;;;
Votos a candidaturas;68,2%;1.635.958;73,2%;82.523;73,0%;8.510;71,3%;16.280;72,8%;12.085;74,6%;24.526;72,8%;11.692;74,3%;9.430;;;
Más Madrid;21,1%;505.159;0,7%;16.702;7,6%;889;14,0%;3.190;20,4%;3.383;18,7%;6.159;13,7%;2.205;6,9%;876;;;
PP;16,5%;395.344;1,3%;31.356;0,2%;4.368;0,2%;5.972;0,1%;3.405;0,3%;7.914;0,2%;4.637;0,2%;5.060;;;
Ciudadanos;13,0%;312.536;15,6%;17.580;14,3%;1.668;15,8%;3.617;16,0%;2.658;16,5%;5.422;15,6%;2.503;13,5%;1.712;;;
PSOE;9,3%;224.074;5,4%;6.040;3,2%;369;5,6%;1.283;7,5%;1.240;5,9%;1.942;5,1%;812;3,1%;394;;;
VOX;5,2%;124.969;7,7%;8.625;9,2%;1.078;7,7%;1.762;5,8%;970;6,9%;2.284;8,0%;1.286;9,8%;1.245;;;
1.14. SERVICIOS Y EQUIPAMIENTOS MUNICIPALES;;;;;;;;;;;;;;;;;;;
1.14.1. Servicios Sociales Municipales (2020);;;;;;;;;;;;;;;;;;;
Centros de Servicios Sociales;;39;2,6%;1;;0;;0;;0;;1;;0;;0;;;
Centros Municipales de Mayores ;;90;2,2%;2;;0;;0;;1;;1;;0;;0;;;
Centros de Día de Alzheimer y Físicos;;97;5,2%;5;;0;;1;;1;;3;;0;;0;;;
Apartamentos Municipales para Mayores;;2;0,0%;0;;0;;0;;0;;0;;0;;0;;;
Residencias para personas Mayores ;;3;33,3%;1;;0;;0;;0;;1;;0;;0;;;
Centros de Apoyo a las Familias (CAF);;7;0,0%;0;;0;;0;;0;;0;;0;;0;;;
Centros de Atención a la Infancia (CAI);;13;0,0%;0;;0;;0;;0;;0;;0;;0;;;
Centro de Día de Atención a Niños y Niñas (de 3 a 12 años);;29;0,0%;0;;0;;0;;0;;0;;0;;0;;;
Espacios de Ocio para Adolescentes (El Enredadero);;6;0,0%;0;;0;;0;;0;;0;;0;;0;;;
Centros de Adolescentes y Jóvenes (ASPA) ;;8;0,0%;0;;0;;0;;0;;0;;0;;0;;;
Centros para personas sin hogar;;12;0,0%;0;;0;;0;;0;;0;;0;;0;;;
1.14.2. Género (2020);;;;;;;;;;;;;;;;;;;
Espacios de Igualdad;;17;0,0%;0;;0;;0;;0;;0;;0;;0;;;
1.14.3. Salud (2020);;;;;;;;;;;;;;;;;;;
Centros Municipales de Salud Comunitaria (CMSC);;16;0,0%;0;;0;;0;;0;;0;;0;;0;;;
Centros de Atención a las Adicciones (CAD y CCAD);;10;0,0%;0;;0;;0;;0;;0;;0;;0;;;
1.14.4. Cultura (2020);;;;;;;;;;;;;;;;;;;
Nº de Bibliotecas Municipales;;34;2,9%;1;;0;;0;;0;;1;;0;;0;;;
Nº de Bibliotecas Comunidad Madrid;;16;0,0%;0;;0;;0;;0;;0;;0;;0;;;
Nº de Centros Culturales;;106;3,8%;4;;1;;0;;2;;1;;0;;0;;;
1.14.5. Deportes (2018);;;;;;;;;;;;;;;;;;;
Centros deportivos Municipales;;72;4,2%;3;0,0%;0;33,3%;1;33,3%;1;33,3%;1;0,0%;0;0,0%;0;;;
Superficie deportiva m2 ;;2.074.404;0,2%;5.035;;;;;;;;;;;;;;;
Instalaciones deportivas básicas;;481;0,8%;4;;;;;;;;;;;;;;;
Acceso controlado ;;98;4,1%;4;;;;;;;;;;;;;;;
Campos de fútbol 11;;22;0,0%;0;;0;;0;;0;;0;;0;;0;;;
Pista de atletismo ;;7;0,0%;0;;0;;0;;0;;0;;0;;0;;;
Piscinas cubiertas;;49;6,1%;3;;0;;1;;1;;1;;0;;0;;;
Piscinas de verano;;23;0,0%;0;;0;;0;;0;;0;;0;;0;;;
1.14.6. Zonas verdes (2019);;;;;;;;;;;;;;;;;;;
Superficie de zonas verdes y Parques de distrito (Ha);;3.322,9;1,1%;35,6;;;;;;;;;;;;;;;
Superficie de zonas verdes y Parques de distrito (Ha) / nº de Habitantes *10.000;;10,2;23,9%;2,4;;;;;;;;;;;;;;;
Superficie Parques Históricos, Singulares y Forestales por distrito  ;;2.501,0;0,3%;7,4;;;;;;;;;;;;;;;
Superficie Parques Históricos, Singulares y Forestales distrito / nº Habitantes *10.000;;7,7;6,6%;0,5;;;;;;;;;;;;;;;
1.14.7. Educación (Curso académico 2019-2020);;;;;;;;;;;;;;;;;;;
Escuelas Infantiles Municipales (2019);;56;1,8%;1;;0;;0;;0;;1;;0;;0;;;
Escuelas Infantiles Públicas CAM;;150;0,7%;1;;;;;;;;;;;;;;;
Escuelas Infantiles Privadas;;419;2,4%;10;;;;;;;;;;;;;;;
Colegios Públicos Infantil y Primaria (+ 3 centros con Secundaria);;247;1,2%;3;;;;;;;;;;;;;;;
Institutos Públicos de Educación Secundaria;;112;1,8%;2;;;;;;;;;;;;;;;
Colegios Privados Inf. o Pri. o Inf. y Pri.;;88;4,5%;4;;;;;;;;;;;;;;;
Colegios Privados Inf., Pri. y Sec. o Pri. y Sec. ;;274;4,4%;12;;;;;;;;;;;;;;;
1.14.8. Empresa y Comercio (2020);;;;;;;;;;;;;;;;;;;
Mercados Municipales;;45;6,7%;3;;1;;0;;0;;1;;0;;1;;;
1.15. PARTICIPACIÓN CIUDADANA ;;;;;;;;;;;;;;;;;;;
1.15.1. Entidades de participación ciudadana (2019) ;;;;;;;;;;;;;;;;;;;
Asociaciones (Sección 1ª);;2.412;4,4%;105;17,1%;18;9,5%;10;15,2%;16;30,5%;32;12,4%;13;15,2%;16;;;
Nº de asociaciones culturales y casas regionales;;489;2,9%;14;7,1%;1;7,1%;1;14,3%;2;35,7%;5;21,4%;3;14,3%;2;;;
Nº de asociaciones de mujeres;;75;5,3%;4;50,0%;2;50,0%;2;0,0%;0;0,0%;0;0,0%;0;0,0%;0;;;
Nº de asociaciones de vecinos;;221;1,8%;4;0,0%;0;25,0%;1;0,0%;0;50,0%;2;25,0%;1;0,0%;0;;;
Fundaciones (Sección 2ª);;24;8,3%;2;0,0%;0;0,0%;0;0,0%;0;100,0%;2;0,0%;0;0,0%;0;;;
;;;;;;;;;;;;;;;;;;;
;;;;;;;;;;;;;;;;;;;
;;;;;;;;;;;;;;;;;;;
;;;;;;;;;;;;;;;;;;;
1.16. PRESUPUESTO 2020; En base al Acuerdo de 23 de diciembre de 2019 del Pleno del Ayuntamiento de Madrid. Publicación: BOAM Nùm. 8.551, 30 de diciembre de 2019. ;;;;;;;;;;;;;;;;;;
PROGRAMA;;CAPÍTULOS;;;;;;;;;;;;;;;;;
;;1;;2;;3;;4;;5;;6;;7;;TOTAL;;;
OTRAS ACTUACIONES EN VÍAS PÚBLICAS;153.22;;;18.000 €;;;;;;;;;;;;18.000 €;;;
ZONAS VERDES;171.02;;;10.602 €;;;;;;;;;;;;10.602 €;;;
FAMILIA E INFANCIA;231.02;;;30.000 €;;;;186.000 €;;;;;;;;216.000 €;;;
PERSONAS MAYORES Y SERVICIOS SOCIALES;231.03;;;5.248.982 €;;;;60.000 €;;;;;;8.070 €;;5.317.052 €;;;
INTEGRACIÓN COMUNITARIA Y EMERGENCIA SOCIAL;231.06;1.383.665 €;;421.662 €;;;;50.000 €;;;;;;2.000 €;;1.857.327 €;;;
SALUBRIDAD PÚBLICA;311.01;477.299 €;;1.800 €;;;;;;;;;;;;479.099 €;;;
CENTROS DOCENTES ENSEÑANZA INFANTIL Y PRIMARIA;323.01;;;801.267 €;;;;;;;;65.000 €;;;;866.267 €;;;
SERVICIOS COMPLEMENTARIOS EDUCACIÓN;326.01;;;340.259 €;;;;;;;;;;;;340.259 €;;;
ACTIVIDADES CULTURALES;334.01;275.707 €;;1.174.692 €;;;;16.000 €;;;;;;;;1.466.399 €;;;
INSTALACIONES DEPORTIVAS;342.01;2.491.386 €;;1.092.437 €;;;;;;;;90.500 €;;;;3.674.323 €;;;
CONSUMO;493.00;270.190 €;;200 €;;;;;;;;;;;;270.390 €;;;
CONCEJALÍA-PRESIDENCIA DEL DISTRITO;912.2;239.206 €;;;;;;;;;;;;;;239.206 €;;;
DIREC. Y GESTIÓN ADMTVA. DEL DISTRITO;920.01;4.931.857 €;;311.435 €;;;;;;;;;;;;5.243.292 €;;;
PARTICIPACIÓN CIUDADANA Y VOLUNTARIADO;924.01;;;;;;;66.000 €;;;;;;4.000 €;;70.000 €;;;
EDIFICIOS;933.02;;;727.896 €;;;;;;;;115.426 €;;;;843.322 €;;;
I.F.S. GESTIÓN DEL PATRIMONIO;933.03;;;5.270 €;;;;;;;;;;;;5.270 €;;;
CENTRO 001;;10.069.310 €;;10.184.502 €;;0 €;;378.000 €;;0 €;;270.926 €;;14.070 €;;20.916.808 €;;;
SECCIÓN 204;;10.069.310 €;;10.184.502 €;;0 €;;378.000 €;;0 €;;270.926 €;;14.070 €;;20.916.808 €;;;
