CodigoEstacion,NombreEstacion,Utilizaciones2014,Utilizaciones2015,Utilizaciones2016,Utilizaciones2017,Utilizaciones2018,Utilizaciones2019,Utilizaciones2020,Utilizaciones2021,Utilizaciones2022,Utilizaciones2023
101,Plaza de Castilla,33030381,32948701,32711005,36577999,37361848,38173875,20578972,25135236,31752903,38633202
102,Valdeacederas,4696101,4835598,3836045,5117306,5038540,5540194,3089304,3877235,4697721,5392944
103,Tetuán,5845624,5935352,4824501,6276574,6895295,7148217,3877174,5039721,6276060,7120713
104,Estrecho,7308023,7205990,5953996,5530388,9203377,9974619,5545797,7040773,8686545,9914380
105,Alvarado,5093951,5193500,3971317,5233752,3463184,4017667,2306788,3173254,3790083,4232367
106,Cuatro Caminos,22185288,22211762,21768207,24894140,23402733,25403185,13523265,16091690,18912306,22908527
107,Ríos Rosas,3875966,4523981,3070476,4906595,5112119,5069037,2287542,2959853,3947548,4367552
108,Iglesia,6128950,6757512,4711602,7502914,7365867,7475722,3677954,4470158,5778480,6397181
109,Bilbao,13695041,13717346,11311984,14672424,14211880,14060573,5391665,8467553,12621776,13810616
110,Tribunal,13435102,13969944,11714691,13892373,18381200,21662243,10409636,13521895,17477597,19535906
111,Gran Vía,18028763,19242529,16176845,19743835,12932430,11000000,11000000,7180340,19677152,22048466
112,Sol,55673031,56427660,52037085,61598481,70953620,77135814,39149847,49567085,60908392,66218823
113,Tirso de Molina,5228763,5476959,3779907,6023903,7355345,8121297,3982360,5317945,6897655,6216529
114,Antón Martín,3875013,4730154,3234138,5500333,6012548,5995934,2716965,3642276,4909934,4351543
115,Estación del Arte,5524988,5681913,3846406,3037007,8041817,6303908,2189254,3000335,4493413,4861096
116,Atocha-Renfe,16405856,16760622,11551778,16453309,14368554,17509600,8871851,11088992,14774292,10135829
117,Menéndez Pelayo,3899368,3900984,2770243,4089269,4032576,4312025,2185348,2819370,3497306,2776383
118,Pacífico,18660187,19053055,16022017,20749011,21551142,25169769,14314753,18460266,21759565,23526758
119,Puente de Vallecas,6667203,6804530,4672276,6892641,7363578,8127798,4801228,6114428,7615133,6411579
120,Nueva Numancia,4956225,5164115,3690480,5265474,6494085,7930450,5021204,6293417,7729333,7210595
121,Portazgo,3948101,3551417,2587609,3696788,4403176,4736496,2831465,3704812,4645987,3821498
122,Buenos Aires,2584762,2504488,1839834,2692852,4632126,3354024,2025061,2559265,3165028,2587866
123,Alto del Arenal,3383009,3482436,2781187,3571019,3526000,3885222,2445082,3085187,3720225,3025789
124,Miguel Hernández,3518865,3651900,2803552,3690737,3959067,4454448,2710260,3376134,4124493,3376292
125,Sierra de Guadalupe,3345203,3543128,3433737,4004844,4253628,4902385,2995946,3784554,4777930,4063244
126,Villa de Vallecas,2602858,2640407,2039114,2687481,3104603,3532255,2152523,2809186,3443996,2859485
127,Congosto,2310024,2351816,2031614,10333789,2570718,2783385,1666376,2126737,2642136,2116823
128,La Gavia,1121144,1166206,1060165,1331925,2304395,2297380,1206996,1562859,2056210,1696291
129,Las Suertes,2838138,2803404,2268359,2498246,3183938,3793874,2310100,2973165,3652706,3072998
130,Valdecarros,840056,873432,790480,981897,1536049,1635113,998996,1227630,1573383,1359215
151,Chamartín,11257148,11348213,12259910,2223789,14738349,16065663,7513174,8797197,10709291,14864480
152,Bambú,1427962,1503051,1637600,1926195,2413194,2388065,1030596,1220848,1690486,1955700
153,Pinar de Chamartín,8792801,9116803,9313654,10702472,11709050,10598182,4665151,6222074,7981701,8669980
201,Ventas,10062482,10522845,10572780,10603936,9522416,11097051,5284036,6716718,8739928,10322578
202,Manuel Becerra,12438664,12284351,12730287,14274821,13391339,14309908,7633683,9284711,11091649,13125407
203,Goya,15534028,14926603,16105824,16478016,18051490,17438987,7125294,11522464,15886350,18557187
204,Príncipe de Vergara,9441644,9533428,9992713,10522754,11903179,10432305,6863373,8324742,10251361,12061650
205,Retiro,4148285,4309711,4498072,4886653,5083441,5896595,2537519,3612177,5067527,5999890
206,Banco de España,6142051,5697193,6057794,6263882,7292002,4672281,2749428,3745138,5333833,6529291
207,Sevilla,3170652,3123190,3541221,3758803,1150897,1513585,1174700,1661555,2571392,3406289
209,Ópera,19610591,19442595,20382928,19786690,21953486,24384337,12381922,14850637,19075951,23079446
210,Santo Domingo,2599617,2652278,2796746,2669464,2794760,3035386,1468398,1957718,2840672,3703105
211,Noviciado,3550906,3619911,3960287,4105560,5055243,4633975,2644264,3478374,4658660,5606957
212,San Bernardo,5188071,4960829,5473085,5523343,7152830,7381834,2796485,4354814,5891761,6934322
213,Quevedo,5098856,5083794,5481275,5688297,5957643,5624841,3020272,3689722,4530741,5469176
214,Canal,10831156,11164636,11435767,3339387,13111084,13511975,7169034,8798589,11988150,13663583
251,La Elipa,4262658,4337650,4510360,4655806,5282142,5170211,3200543,4106739,5023468,5794290
252,La Almudena,1208774,1146286,1311329,1450721,1905068,2068724,1348911,1745372,2217222,2643413
253,Alsacia,2764755,2701824,2917831,3183705,3227947,3315384,1948177,2573177,3345762,3958671
254,Avenida de Guadalajara,1577536,1546069,1684009,1797586,2129440,2261417,1359392,1752368,2269877,2632214
255,Las Rosas,1664987,1635621,1780995,1971224,2965189,2511514,1279240,1631966,2150418,2446747
301,Legazpi,20882212,21330043,22698074,24263217,22178806,25239382,14373972,18313451,24187072,28985443
302,Delicias,5674347,5746759,5994636,7230494,7158034,7657667,3828429,4767471,5895797,6606568
303,Palos de la Frontera,4620650,4678203,4973072,5250070,4686303,5172098,2708515,3471551,4333531,5439615
304,Embajadores,9550280,10404559,10963019,2631593,12334586,13016097,6806940,8490055,10073195,11753029
305,Lavapiés,5733064,5879855,6314404,6607538,6843071,7284930,3884421,5080616,6218444,7824477
307,Callao,18038525,19094673,19563900,19442217,21627220,29423627,13201209,15303823,18251197,21612550
308,Plaza de España,20185905,19472665,21499521,21782441,23954089,26997270,12973391,17006552,23911190,29908574
309,Ventura Rodríguez,2614857,2610708,2816731,3086237,3153399,3427548,1665763,2143241,2626415,2991450
310,Argüelles,21587589,20969388,21442271,22986799,25421436,24440416,10074003,14590179,19683897,22142343
311,Moncloa,37552835,36616959,38296775,40909622,42073023,43044697,22899656,29762478,37539140,42845588
351,Almendrales,2977076,3020077,3210539,3427243,3795520,4520156,2701629,3471372,4256511,4982316
352,Hospital 12 de Octubre,2717130,2690935,2821901,3185385,3678580,3911399,2289186,2960698,3672988,4236902
353,San Fermín-Orcasur,3035161,3164563,3351311,3643830,3840113,4528076,2655742,3514558,4421952,5168015
354,Ciudad de los Ángeles,3964869,4039055,4208250,2744288,4758119,5511503,3402659,4318632,5336874,6088895
355,Villaverde Bajo-Cruce,5259096,5086188,5453912,6004207,5902243,7103085,4545530,5896901,7233190,8783803
356,San Cristóbal,2134595,2154768,2260566,2506043,2556038,3096591,2181539,2662348,3163892,4070174
357,Villaverde Alto,4098088,4080806,4369156,4718977,5065652,5387731,3363239,4325654,5188979,6327430
404,Alonso Martínez,24223081,25177286,27437887,25337690,28449983,31569831,13256576,18832974,24559119,29085007
405,Colón,2708940,2634177,2694762,11426461,3103673,2917829,558932,1301327,1843658,2285587
406,Serrano,4396524,4414328,4462307,4756181,4809637,5400302,1422941,3148887,4236602,4924357
407,Velázquez,2832759,3616515,3896373,4155554,4147378,4382903,1231900,2662973,3512622,4085878
409,Lista,2088210,2674648,2730639,3121338,3076127,3160511,887191,1967919,2610396,3074385
410,Diego de León,18451454,18538294,19793159,6385473,21512671,23850678,11274345,14502699,16918319,19715046
411,Avenida de América,49502293,50693337,52482739,60203436,53760834,55532853,27507553,35284265,42740764,49058126
412,Prosperidad,4034735,4004304,4017526,4278106,4218964,4099451,1355348,2743690,3482467,4178165
413,Alfonso XIII,5122639,5092889,5109124,5930456,5738262,5877012,1747412,3454694,4442306,5141257
414,Avenida de La Paz,2468233,2291300,2308817,2494585,2279892,2344369,672376,1338149,1747441,2056067
415,Arturo Soria,3829012,4348220,4428114,5112558,4496219,4015034,1207670,2531498,3268891,3757924
416,Esperanza,2721056,2662570,2701893,2185898,2795889,2888475,969649,1929276,2643190,3013767
417,Canillas,4404591,4278645,4460143,12139351,4725819,4786632,1506354,3003992,3958021,4525555
418,Mar de Cristal,10424737,10384059,10644278,10689929,9864215,10253547,5059649,6172476,8692521,9958118
419,San Lorenzo,2863950,2869657,3133760,3201628,3044041,3158547,926792,1813279,2463005,2938600
420,Parque de Santa María,2215187,2160559,2247646,2339507,2161944,2278763,821928,1543689,1969012,2401206
421,Hortaleza,1587389,1580569,1625190,1846167,2272233,2339724,887305,1775639,2343359,2768490
422,Manoteras,1375240,1367586,1416799,1556976,1763051,1806983,693730,1318832,1664669,1882821
501,Canillejas,3495435,3655130,3717566,4730356,4305404,4537890,2475291,3113978,4261753,4928864
502,Torre Arias,2856503,2716294,2845947,2501333,2843968,3139206,1728057,2102301,2821462,3378686
503,Suanzes,3664410,3759434,3835659,3526037,5236863,4972381,2046936,2467319,3632363,4419626
504,Ciudad Lineal,6425864,6481553,6651970,4549940,6708672,6956876,3459611,4122778,5313199,6308814
505,Pueblo Nuevo,11334724,11175103,11729959,11707722,12616887,12993084,7613551,9317967,11691583,13586676
506,Quintana,4361665,4247039,4562857,4195754,4562307,5145673,2919599,3614161,4547975,5311110
507,El Carmen,5715858,5685221,5939595,1049001,6009954,6835563,3635888,4521912,5612044,6495564
510,Núñez de Balboa,10830921,11078727,11366741,11331167,11457707,12679005,6717169,7850348,10696250,11201089
511,Rubén Darío,4655379,4625496,4658796,4234308,5215268,4870262,2185368,2686763,3581401,4046552
513,Chueca,3006761,2837422,3278864,13232320,4680150,5606257,2424107,3039046,3531941,4075931
517,La Latina,5529809,5714067,6097599,5482478,6445698,6913803,3186350,4441399,5649956,7124266
518,Puerta de Toledo,4168317,4267087,4274359,3870501,3774626,3796594,1806431,2404201,3318391,3725555
519,Acacias,2793313,2854665,2911810,2626999,4098463,4447629,2312357,2999357,3393670,3907939
520,Pirámides,3341066,3479807,3426430,3039781,3771397,3460697,1704728,2216934,2781224,3263315
521,Marqués de Vadillo,5662782,5749464,5865619,5301032,6162511,6732616,3880268,4880497,6131555,6973604
522,Urgel,3846173,3944214,4058797,3713931,4785980,5365030,3280508,4128094,5072613,5861780
523,Oporto,16098085,15906557,17009095,17134433,17946592,20120412,12594074,15822483,19285438,22565692
524,Vista Alegre,2743364,2982591,3084517,2799158,4101019,4719688,2832781,3515983,4098510,5213642
525,Carabanchel,3653091,3643292,3781751,3553165,4345207,4525193,2785338,3436762,3918730,4830559
526,Eugenia de Montijo,2469326,2402310,2486825,3969988,2633330,2784779,1583441,1930562,2260201,2755237
527,Aluche,10058235,9685621,10243034,9190192,10399269,10711241,6337032,7710593,9022886,10911292
528,Empalme,2391665,2337690,2418412,11693319,2370129,2522449,1449331,1775111,2154510,2508320
529,Campamento,3808085,3706355,3776386,3473990,3724170,3890118,2318720,2899486,3488722,4108659
530,Casa de Campo,11874137,11635110,11811579,3191252,9839897,10612320,6271004,7956621,9831754,11500806
551,El Capricho,719472,1033310,1056113,1224132,1267151,1422566,746785,943938,1245913,1412686
552,Alameda de Osuna,2133077,2238792,2267292,2153944,3110859,2947954,1438344,1746651,2444475,2676987
601,Laguna,3418120,2833316,3612452,4017220,4172308,4347947,2605931,3225039,3955712,4701664
602,Carpetana,4555084,3695214,4684044,1216645,5921880,6751986,4572897,5569768,6817467,7860321
604,Opañel,3489200,3484906,3635244,3951821,3906267,4561270,2924851,3585408,4417898,5181059
605,Plaza Elíptica,16255227,16300721,16973041,18665682,18378025,20258271,12911801,16365931,20191798,23596737
606,Usera,8040774,7424088,7653122,9020882,8101879,10045029,6130406,7515213,9366882,11188349
608,Arganzuela-Planetario,2145921,1998927,2210366,2415530,3142010,2871658,1333849,1556334,2066545,2339888
609,Méndez Álvaro,14666281,14682242,15019625,15885487,14235956,15815501,8273400,8974299,11740493,14101075
611,Conde de Casal,8967344,9280607,10521213,2743984,10894822,11041997,6062760,6661469,8981851,11000788
612,Sáinz de Baranda,11912595,11891601,12619426,13713825,14398367,14270485,7548151,9768952,14121432,14958109
613,O´Donnell,6833979,7296830,7397557,8062630,7802285,8055702,4317420,5222459,5949108,7296734
617,República Argentina,3007798,2991751,3079068,3283537,3262308,3025934,1539309,1988646,2398005,2790433
618,Nuevos Ministerios,41808061,42631992,47463452,45221947,43922620,49957884,25442564,29885885,37752431,48424344
620,Guzmán el Bueno,11861640,12607056,13313633,14204614,12742418,12423847,6685591,8465631,10828830,11899042
621,Vicente Aleixandre,4346408,4101552,4218862,4578125,4694237,4164371,1656401,2139036,3051719,3243571
622,Ciudad Universitaria,9733699,10401206,10607257,5994569,14887925,11735836,4011433,5703438,8333526,9102274
625,Príncipe Pío,34887006,32253504,34199931,35555172,43327826,46253577,25004221,32191729,41600346,48901515
626,Puerta del Ángel,5723611,6275691,5992346,6321562,5684724,6301189,3617108,4599412,5633592,6344083
627,Alto de Extremadura,4030917,3425550,4150007,4467863,4312661,4551071,2670773,3455779,4168055,4653775
628,Lucero,5842452,4814078,5825141,6191106,5546091,6394829,4090387,5054775,6193152,7121027
701,Las Musas,2247597,2290999,2281793,2486239,2421296,2564658,1406237,1699016,2113396,2359957
702,San Blas,2288795,2321110,2431070,2591549,2392608,2624806,1634168,2030506,2409998,2791918
703,Simancas,2999392,2973792,3190157,3454855,3187147,3858228,2570652,3109979,3660003,4220457
704,García Noblejas,4090545,4105889,4114771,4540085,4575499,5185837,2714631,3177105,3910809,4513602
705,Ascao,3921283,3952420,4089276,4381335,3750763,4296939,2542104,3182987,3770779,4424924
707,Barrio de la Concepción,3979866,3980716,4281594,4606674,4514468,4933044,2542534,3038122,3751138,4299991
708,Parque de las Avenidas,2543647,2525492,2531559,2674362,2735733,2775870,1509308,1823405,2261089,2521389
709,Cartagena,3170129,2927882,2950458,5204419,2984527,3041941,1723570,1949194,2462081,2768940
711,Gregorio Marañón,20311984,19429186,21918554,23210492,24564372,26684802,13694551,17670735,22552261,26315249
712,Alonso Cano,3300233,3302285,3877193,3720944,4115482,4205261,2073078,2499458,3066824,3420384
714,Islas Filipinas,6985754,6375956,7196544,7679311,7872824,8149542,4263389,5356990,6625330,7378087
716,Francos Rodríguez,5251381,5216676,5727545,5949151,4855186,5180832,2950803,3771484,4544206,4920097
717,Valdezarza,1759959,1832044,1886517,2004636,2320664,2471796,1456575,1851195,2228737,2456248
718,Antonio Machado,2011684,1999047,2048053,2183773,2488684,2650423,1474409,1899514,2358258,2608047
719,Peñagrande,3357527,3378530,3478559,3672938,3915916,4285404,2476757,3028773,3742597,4357841
720,Avenida de la Ilustración,2621574,2563220,2619882,2804745,2623827,2639201,1423969,1728884,2193121,2506607
721,Lacoma,2203618,2217782,2206300,2393165,2236352,2393059,1195485,1456885,1792951,1938060
722,Arroyofresno,11000000,11000000,11000000,11000000,11000000,182653,229330,337584,453098,583477
723,Pitis,985316,999812,962332,1139419,1382414,1207336,575225,612409,811494,980273
751,Estadio Metropolitano,4006383,4230624,3504763,4943248,10723301,12161558,3224728,4300584,5520225,6251458
754,Barrio del Puerto,809138,1033123,1037737,1225475,1136197,1455346,836282,1078259,1367637,1621882
755,Coslada Central,2506950,3045725,2872240,1452518,3279701,4144771,2349297,2785882,3436358,3819565
756,La Rambla,1497617,1977795,2700561,2191202,1820724,2245773,1270722,1801886,1984904,2197900
757,San Fernando,966930,1124948,350862,1314097,1249504,1595887,961428,948995,1596441,2261304
758,Jarama,464424,545501,41854,691007,670215,843277,442898,463992,461865,11000000
759,Henares,480122,541783,40817,665198,631931,800356,485935,462358,442088,11000000
760,Hospital del Henares,319532,364502,26398,405334,351971,446101,142901,227228,228069,11000000
802,Colombia,11896078,11855676,12090839,13710286,13290627,13762504,7614716,8798480,11665594,12821856
803,Pinar del Rey,2959382,2940388,3035721,2594091,2912460,3275759,2089259,2153834,1825827,3092827
805,Feria de Madrid,4170497,4049314,4145369,2234024,4398652,5327896,1842552,1908480,2588300,3460794
806,Aeropuerto T1-T2-T3,4728101,4964544,4969240,4119896,3738740,5589650,1361652,1498629,3428592,4419003
807,Barajas,3457945,3489010,3571433,2902986,3412353,3972730,2078965,2592191,3124116,4033171
808,Aeropuerto T-4,3296727,3369195,3552903,2824406,2913657,3865600,1324372,1729986,2750734,3712724
901,Herrera Oria,3760593,3717600,3632718,4037600,3409645,3296107,1664114,1965559,2490028,2760275
902,Barrio del Pilar,7209734,6813689,6854641,7255767,6170848,6412859,3493730,4225431,5186266,5729896
903,Ventilla,1801095,1820320,1883743,2020108,2218515,2536670,1533288,1828377,2314189,2696714
905,Duque de Pastrana,1117174,1106370,1109751,19367040,1273993,1265334,659953,757599,1062990,1204877
906,Pío XII,2265492,2968979,3016463,3220643,3183524,3227257,1727085,1908982,2512512,2703299
908,Concha Espina,2118290,2548508,2564141,9475054,2979497,3066356,1751736,2015704,2454192,2567761
909,Cruz del Rayo,1642418,2227911,2270581,3735840,2895923,2851568,1661653,1676629,2162795,2221694
913,Ibiza,3058610,2919333,3041353,3206246,3636807,3858375,1930299,2428457,3054712,3381068
915,Estrella,3764412,3741426,3777671,7845465,3673677,3773317,2105292,2531558,3125677,3515359
916,Vinateros,3252568,3253906,3423664,3664624,3745955,3870138,2058112,2577631,3295290,3790475
917,Artilleros,4116643,4073146,4208732,4355516,4465626,4755196,2655219,3267306,4002141,4499709
918,Pavones,4718258,4692750,4844122,4986895,4196718,4080481,2244593,2736802,3430666,4089007
919,Valdebernardo,2663156,2845399,2940868,3093594,3818904,3913082,2088200,2567757,3208215,3633413
920,Vicálvaro,3084824,2677414,2634804,2768197,3846570,3617731,1766726,2235714,3062210,3389343
921,San Cipriano,1498848,1481734,1496426,1567418,1200159,1405967,945847,1171851,1511127,1746855
922,Puerta de Arganda,8474328,8077095,8359448,8901293,8051096,8271166,4683901,5863526,7766636,9026695
951,Mirasierra,1674901,1571512,1658978,1906499,1958411,1986285,1122129,1365009,1666726,1822515
952,Paco de Lucía,11000000,946459,973069,1118600,1610930,1823268,1050740,1342729,1693092,1895468
1001,Fuencarral,2442538,2443898,2471665,2660266,2689751,2985950,1738306,2109309,2682035,3192514
1002,Begoña,6682609,7263984,7415815,7876703,7299890,7575733,3882155,4943875,6594998,7905484
1005,Cuzco,6536459,6585291,6854573,3398794,8307616,7947256,3584608,4384009,5834463,6730935
1006,Santiago Bernabéu,7047476,7175736,7331870,7982842,9185082,9415455,3989082,4784869,7208885,8829076
1013,Lago,1825290,1809937,1860174,2004374,1718898,2235363,998121,1580090,2317488,2545252
1014,Batán,3476704,3463703,3622000,3770607,3691683,3928319,2143010,2761043,3425246,3817576
1016,Colonia Jardín,8514872,8665468,8879940,2814247,10275128,11596467,6218234,7775374,10069439,11452530
1018,Aviación Española,1842742,2129898,2280873,2459123,2483875,3010189,1786688,2164440,2771591,3152272
1019,Cuatro Vientos,2497488,3007702,3096930,24894140,3447998,4293683,2175972,2661058,3254109,3884308
1020,Joaquín Vilumbrales,2111698,2464386,2633123,2737418,2744390,3214858,1616538,2132029,2812815,3281744
1021,Puerta del Sur,10870953,11796031,12512874,13119882,10690571,11775867,6687082,9279478,12413861,14465644
1051,Tres Olivos,9164495,9441571,9865018,10511516,14548748,13623682,6373043,7678416,10131056,13065636
1052,Montecarmelo,1749754,1736751,1793139,1922496,2054021,2145648,1199569,1497868,1731289,1970768
1053,Las Tablas,2937175,3167392,3389528,3561984,3756024,3814764,1878084,2243167,2845237,3391928
1054,Ronda de la Comunicación,1246992,1311869,1424791,1440455,1569291,1603928,498925,445968,722414,894571
1055,La Granja,1080931,1113170,1239913,1360863,1481940,1496275,712866,812668,1120436,1602983
1056,La Moraleja,1818163,1996710,2212569,2533989,2721346,2623350,1136435,1298682,1731139,2258078
1057,Marqués de la Valdavia,1826494,1903495,2140959,2401853,2639830,2723419,1460106,1793503,2269011,3229689
1058,Manuel de Falla,1127062,1168402,1331105,1494644,1592918,1632659,832274,1067454,1352879,2036654
1059,Baunatal,1110842,1144357,1277620,1423347,1507014,1521349,766385,961340,1242715,1796952
1060,Reyes Católicos,1054054,1108226,1260812,1400746,1533858,1547622,822798,1022007,1348595,1932655
1061,Hospital Infanta Sofía,1597590,1652629,1839324,2017776,2126286,2174880,1142919,1415716,1801114,2368234
1102,Abrantes,1467022,1405002,1444968,1576479,1460425,1614280,1051824,1278061,1545329,1793203
1103,Pan Bendito,934677,904273,962724,1055961,1037919,1156186,712629,845508,1042563,1181831
1104,San Francisco,1359776,1313678,1482353,1698380,1560021,1992875,1297727,1593949,1944328,2227485
1105,Carabanchel Alto,1026326,1013248,1067108,3412868,1675695,1961905,1297198,1602522,1979843,2253186
1106,La Peseta,1338546,1320776,1363382,1520148,1723013,1764949,1019096,1314439,1657500,1920168
1107,La Fortuna,626940,642325,709772,972090,962413,1222673,827779,1010654,1232313,1473539
1202,Parque de Lisboa,1682693,1720160,1821241,1847448,1517619,2065181,1264177,1641098,2099756,2495502
1203,Alcorcón Central,3171768,3235825,3354989,3415472,2712776,3678775,2251539,2948869,3819580,4547358
1204,Parque Oeste,1987897,2019446,2050794,1883624,1485319,1924434,1188055,1646062,2114608,2487293
1205,Universidad Rey Juan Carlos,1711490,2286327,2222130,2358155,1979209,2547759,1301570,1818444,2565732,2896772
1206,Móstoles Central,3310719,2944337,3894950,4241787,4526089,4488823,2587255,3156797,4053153,4798088
1207,Pradillo,2375014,2022480,2675729,2874593,2699234,3006212,1832677,2298067,2995296,3623118
1208,Hospital de Móstoles,2121894,1946426,2434288,2583495,2504554,2690171,1558832,2148128,2575146,3036034
1209,Manuela Malasaña,1047009,1034823,1427748,1573105,1579557,1699083,1022946,1104940,1722330,2166969
1210,Loranca,2099893,2282027,2386218,2599366,2668317,2838579,1687691,1831020,2790026,3233801
1212,Hospital de Fuenlabrada,2175139,2289591,2449189,2629170,2652435,2678221,1184371,1423892,2375477,2758524
1213,Parque Europa,1707823,1712415,1944831,2036042,1999808,2068408,1168712,1238822,1958634,2360634
1214,Fuenlabrada Central,3881595,3774652,4177815,4441378,4612880,4664331,2591880,2664753,4159676,4901935
1215,Parque de los Estados,1897462,1953972,2151581,2276573,2324222,2371947,1386541,1485725,2391078,2922004
1217,Arroyo Culebro,770856,571967,600447,674418,660994,676232,385049,426250,685938,816775
1218,Conservatorio,1122060,1274385,1340167,2504922,1485650,1517945,808667,1227073,1375686,1665366
1219,Alonso de Mendoza,1296320,1525791,1674639,1810985,1808496,1880042,1119535,1414695,1880828,2281014
1220,Getafe Central,4224714,5008282,5614050,6069578,6109136,6445709,3717054,4289802,6003329,7620284
1221,Juan de la Cierva,2517903,3000304,3301689,3505176,3719982,3828312,2219000,2775456,3723530,4567560
1222,El Casar,1697518,2045525,2307530,3358414,2240337,2878136,1759289,2435264,3119123,3574864
1223,Los Espartales,1232781,1137818,1201640,1338870,1064785,1325997,748177,966190,1239923,1501642
1224,El Bercial,972728,1056184,1139004,1174854,994610,1258199,797351,1040043,1373373,1746528
1225,El Carrascal,2629534,2906838,3239741,5404890,2708882,3438609,1883019,2457703,3145284,3926788
1226,Julián Besteiro,2104665,2275017,2393295,2363499,1883214,2434633,1411830,1907942,2502663,3079234
1227,Casa del Reloj,1889863,2005234,2101127,11114562,1766713,2307625,1325885,1775659,2344975,2984546
1228,Hospital Severo Ochoa,1434316,1509419,1552039,1580590,1288138,1626980,928778,1277841,1602357,2010815
1229,Leganés Central,3124982,3347825,3561543,3656081,2916391,3796971,2243486,3122976,3924202,4723851
1230,San Nicasio,1695654,1856625,2063635,2191817,1758071,2303313,1343771,1825184,2350226,2843401
