CodigoEstacion;NombreEstacion;Utilizaciones2014;Utilizaciones2015;Utilizaciones2016;Utilizaciones2017;Utilizaciones2018;Utilizaciones2019;Utilizaciones2020;Utilizaciones2021;Utilizaciones2022;Utilizaciones2023
101;Plaza de Castilla;33.030.381;32.948.701;32.711.005;36.577.999;37.361.848;38.173.875;20.578.972;25.135.236;31.752.903;38.633.202
102;Valdeacederas;4.696.101;4.835.598;3.836.045;5.117.306;5.038.540;5.540.194;3.089.304;3.877.235;4.697.721;5.392.944
103;Tetuán;5.845.624;5.935.352;4.824.501;6.276.574;6.895.295;7.148.217;3.877.174;5.039.721;6.276.060;7.120.713
104;Estrecho;7.308.023;7.205.990;5.953.996;5.530.388;9.203.377;9.974.619;5.545.797;7.040.773;8.686.545;9.914.380
105;Alvarado;5.093.951;5.193.500;3.971.317;5.233.752;3.463.184;4.017.667;2.306.788;3.173.254;3.790.083;4.232.367
106;Cuatro Caminos;22.185.288;22.211.762;21.768.207;24.894.140;23.402.733;25.403.185;13.523.265;16.091.690;18.912.306;22.908.527
107;Ríos Rosas;3.875.966;4.523.981;3.070.476;4.906.595;5.112.119;5.069.037;2.287.542;2.959.853;3.947.548;4.367.552
108;Iglesia;6.128.950;6.757.512;4.711.602;7.502.914;7.365.867;7.475.722;3.677.954;4.470.158;5.778.480;6.397.181
109;Bilbao;13.695.041;13.717.346;11.311.984;14.672.424;14.211.880;14.060.573;5.391.665;8.467.553;12.621.776;13.810.616
110;Tribunal;13.435.102;13.969.944;11.714.691;13.892.373;18.381.200;21.662.243;10.409.636;13.521.895;17.477.597;19.535.906
111;Gran Vía;18.028.763;19.242.529;16.176.845;19.743.835;12.932.430;0;0;7.180.340;19.677.152;22.048.466
112;Sol;55.673.031;56.427.660;52.037.085;61.598.481;70.953.620;77.135.814;39.149.847;49.567.085;60.908.392;66.218.823
113;Tirso de Molina;5.228.763;5.476.959;3.779.907;6.023.903;7.355.345;8.121.297;3.982.360;5.317.945;6.897.655;6.216.529
114;Antón Martín;3.875.013;4.730.154;3.234.138;5.500.333;6.012.548;5.995.934;2.716.965;3.642.276;4.909.934;4.351.543
115;Estación del Arte;5.524.988;5.681.913;3.846.406;3.037.007;8.041.817;6.303.908;2.189.254;3.000.335;4.493.413;4.861.096
116;Atocha-Renfe;16.405.856;16.760.622;11.551.778;16.453.309;14.368.554;17.509.600;8.871.851;11.088.992;14.774.292;10.135.829
117;Menéndez Pelayo;3.899.368;3.900.984;2.770.243;4.089.269;4.032.576;4.312.025;2.185.348;2.819.370;3.497.306;2.776.383
118;Pacífico;18.660.187;19.053.055;16.022.017;20.749.011;21.551.142;25.169.769;14.314.753;18.460.266;21.759.565;23.526.758
119;Puente de Vallecas;6.667.203;6.804.530;4.672.276;6.892.641;7.363.578;8.127.798;4.801.228;6.114.428;7.615.133;6.411.579
120;Nueva Numancia;4.956.225;5.164.115;3.690.480;5.265.474;6.494.085;7.930.450;5.021.204;6.293.417;7.729.333;7.210.595
121;Portazgo;3.948.101;3.551.417;2.587.609;3.696.788;4.403.176;4.736.496;2.831.465;3.704.812;4.645.987;3.821.498
122;Buenos Aires;2.584.762;2.504.488;1.839.834;2.692.852;4.632.126;3.354.024;2.025.061;2.559.265;3.165.028;2.587.866
123;Alto del Arenal;3.383.009;3.482.436;2.781.187;3.571.019;3.526.000;3.885.222;2.445.082;3.085.187;3.720.225;3.025.789
124;Miguel Hernández;3.518.865;3.651.900;2.803.552;3.690.737;3.959.067;4.454.448;2.710.260;3.376.134;4.124.493;3.376.292
125;Sierra de Guadalupe;3.345.203;3.543.128;3.433.737;4.004.844;4.253.628;4.902.385;2.995.946;3.784.554;4.777.930;4.063.244
126;Villa de Vallecas;2.602.858;2.640.407;2.039.114;2.687.481;3.104.603;3.532.255;2.152.523;2.809.186;3.443.996;2.859.485
127;Congosto;2.310.024;2.351.816;2.031.614;10.333.789;2.570.718;2.783.385;1.666.376;2.126.737;2.642.136;2.116.823
128;La Gavia;1.121.144;1.166.206;1.060.165;1.331.925;2.304.395;2.297.380;1.206.996;1.562.859;2.056.210;1.696.291
129;Las Suertes;2.838.138;2.803.404;2.268.359;2.498.246;3.183.938;3.793.874;2.310.100;2.973.165;3.652.706;3.072.998
130;Valdecarros;840.056;873.432;790.480;981.897;1.536.049;1.635.113;998.996;1.227.630;1.573.383;1.359.215
151;Chamartín;11.257.148;11.348.213;12.259.910;2.223.789;14.738.349;16.065.663;7.513.174;8.797.197;10.709.291;14.864.480
152;Bambú;1.427.962;1.503.051;1.637.600;1.926.195;2.413.194;2.388.065;1.030.596;1.220.848;1.690.486;1.955.700
153;Pinar de Chamartín;8.792.801;9.116.803;9.313.654;10.702.472;11.709.050;10.598.182;4.665.151;6.222.074;7.981.701;8.669.980
201;Ventas;10.062.482;10.522.845;10.572.780;10.603.936;9.522.416;11.097.051;5.284.036;6.716.718;8.739.928;10.322.578
202;Manuel Becerra;12.438.664;12.284.351;12.730.287;14.274.821;13.391.339;14.309.908;7.633.683;9.284.711;11.091.649;13.125.407
203;Goya;15.534.028;14.926.603;16.105.824;16.478.016;18.051.490;17.438.987;7.125.294;11.522.464;15.886.350;18.557.187
204;Príncipe de Vergara;9.441.644;9.533.428;9.992.713;10.522.754;11.903.179;10.432.305;6.863.373;8.324.742;10.251.361;12.061.650
205;Retiro;4.148.285;4.309.711;4.498.072;4.886.653;5.083.441;5.896.595;2.537.519;3.612.177;5.067.527;5.999.890
206;Banco de España;6.142.051;5.697.193;6.057.794;6.263.882;7.292.002;4.672.281;2.749.428;3.745.138;5.333.833;6.529.291
207;Sevilla;3.170.652;3.123.190;3.541.221;3.758.803;1.150.897;1.513.585;1.174.700;1.661.555;2.571.392;3.406.289
209;Ópera;19.610.591;19.442.595;20.382.928;19.786.690;21.953.486;24.384.337;12.381.922;14.850.637;19.075.951;23.079.446
210;Santo Domingo;2.599.617;2.652.278;2.796.746;2.669.464;2.794.760;3.035.386;1.468.398;1.957.718;2.840.672;3.703.105
211;Noviciado;3.550.906;3.619.911;3.960.287;4.105.560;5.055.243;4.633.975;2.644.264;3.478.374;4.658.660;5.606.957
212;San Bernardo;5.188.071;4.960.829;5.473.085;5.523.343;7.152.830;7.381.834;2.796.485;4.354.814;5.891.761;6.934.322
213;Quevedo;5.098.856;5.083.794;5.481.275;5.688.297;5.957.643;5.624.841;3.020.272;3.689.722;4.530.741;5.469.176
214;Canal;10.831.156;11.164.636;11.435.767;3.339.387;13.111.084;13.511.975;7.169.034;8.798.589;11.988.150;13.663.583
251;La Elipa;4.262.658;4.337.650;4.510.360;4.655.806;5.282.142;5.170.211;3.200.543;4.106.739;5.023.468;5.794.290
252;La Almudena;1.208.774;1.146.286;1.311.329;1.450.721;1.905.068;2.068.724;1.348.911;1.745.372;2.217.222;2.643.413
253;Alsacia;2.764.755;2.701.824;2.917.831;3.183.705;3.227.947;3.315.384;1.948.177;2.573.177;3.345.762;3.958.671
254;Avenida de Guadalajara;1.577.536;1.546.069;1.684.009;1.797.586;2.129.440;2.261.417;1.359.392;1.752.368;2.269.877;2.632.214
255;Las Rosas;1.664.987;1.635.621;1.780.995;1.971.224;2.965.189;2.511.514;1.279.240;1.631.966;2.150.418;2.446.747
301;Legazpi;20.882.212;21.330.043;22.698.074;24.263.217;22.178.806;25.239.382;14.373.972;18.313.451;24.187.072;28.985.443
302;Delicias;5.674.347;5.746.759;5.994.636;7.230.494;7.158.034;7.657.667;3.828.429;4.767.471;5.895.797;6.606.568
303;Palos de la Frontera;4.620.650;4.678.203;4.973.072;5.250.070;4.686.303;5.172.098;2.708.515;3.471.551;4.333.531;5.439.615
304;Embajadores;9.550.280;10.404.559;10.963.019;2.631.593;12.334.586;13.016.097;6.806.940;8.490.055;10.073.195;11.753.029
305;Lavapiés;5.733.064;5.879.855;6.314.404;6.607.538;6.843.071;7.284.930;3.884.421;5.080.616;6.218.444;7.824.477
307;Callao;18.038.525;19.094.673;19.563.900;19.442.217;21.627.220;29.423.627;13.201.209;15.303.823;18.251.197;21.612.550
308;Plaza de España;20.185.905;19.472.665;21.499.521;21.782.441;23.954.089;26.997.270;12.973.391;17.006.552;23.911.190;29.908.574
309;Ventura Rodríguez;2.614.857;2.610.708;2.816.731;3.086.237;3.153.399;3.427.548;1.665.763;2.143.241;2.626.415;2.991.450
310;Argüelles;21.587.589;20.969.388;21.442.271;22.986.799;25.421.436;24.440.416;10.074.003;14.590.179;19.683.897;22.142.343
311;Moncloa;37.552.835;36.616.959;38.296.775;40.909.622;42.073.023;43.044.697;22.899.656;29.762.478;37.539.140;42.845.588
351;Almendrales;2.977.076;3.020.077;3.210.539;3.427.243;3.795.520;4.520.156;2.701.629;3.471.372;4.256.511;4.982.316
352;Hospital 12 de Octubre;2.717.130;2.690.935;2.821.901;3.185.385;3.678.580;3.911.399;2.289.186;2.960.698;3.672.988;4.236.902
353;San Fermín-Orcasur;3.035.161;3.164.563;3.351.311;3.643.830;3.840.113;4.528.076;2.655.742;3.514.558;4.421.952;5.168.015
354;Ciudad de los Ángeles;3.964.869;4.039.055;4.208.250;2.744.288;4.758.119;5.511.503;3.402.659;4.318.632;5.336.874;6.088.895
355;Villaverde Bajo-Cruce;5.259.096;5.086.188;5.453.912;6.004.207;5.902.243;7.103.085;4.545.530;5.896.901;7.233.190;8.783.803
356;San Cristóbal;2.134.595;2.154.768;2.260.566;2.506.043;2.556.038;3.096.591;2.181.539;2.662.348;3.163.892;4.070.174
357;Villaverde Alto;4.098.088;4.080.806;4.369.156;4.718.977;5.065.652;5.387.731;3.363.239;4.325.654;5.188.979;6.327.430
404;Alonso Martínez;24.223.081;25.177.286;27.437.887;25.337.690;28.449.983;31.569.831;13.256.576;18.832.974;24.559.119;29.085.007
405;Colón;2.708.940;2.634.177;2.694.762;11.426.461;3.103.673;2.917.829;558.932;1.301.327;1.843.658;2.285.587
406;Serrano;4.396.524;4.414.328;4.462.307;4.756.181;4.809.637;5.400.302;1.422.941;3.148.887;4.236.602;4.924.357
407;Velázquez;2.832.759;3.616.515;3.896.373;4.155.554;4.147.378;4.382.903;1.231.900;2.662.973;3.512.622;4.085.878
409;Lista;2.088.210;2.674.648;2.730.639;3.121.338;3.076.127;3.160.511;887.191;1.967.919;2.610.396;3.074.385
410;Diego de León;18.451.454;18.538.294;19.793.159;6.385.473;21.512.671;23.850.678;11.274.345;14.502.699;16.918.319;19.715.046
411;Avenida de América;49.502.293;50.693.337;52.482.739;60.203.436;53.760.834;55.532.853;27.507.553;35.284.265;42.740.764;49.058.126
412;Prosperidad;4.034.735;4.004.304;4.017.526;4.278.106;4.218.964;4.099.451;1.355.348;2.743.690;3.482.467;4.178.165
413;Alfonso XIII;5.122.639;5.092.889;5.109.124;5.930.456;5.738.262;5.877.012;1.747.412;3.454.694;4.442.306;5.141.257
414;Avenida de La Paz;2.468.233;2.291.300;2.308.817;2.494.585;2.279.892;2.344.369;672.376;1.338.149;1.747.441;2.056.067
415;Arturo Soria;3.829.012;4.348.220;4.428.114;5.112.558;4.496.219;4.015.034;1.207.670;2.531.498;3.268.891;3.757.924
416;Esperanza;2.721.056;2.662.570;2.701.893;2.185.898;2.795.889;2.888.475;969.649;1.929.276;2.643.190;3.013.767
417;Canillas;4.404.591;4.278.645;4.460.143;12.139.351;4.725.819;4.786.632;1.506.354;3.003.992;3.958.021;4.525.555
418;Mar de Cristal;10.424.737;10.384.059;10.644.278;10.689.929;9.864.215;10.253.547;5.059.649;6.172.476;8.692.521;9.958.118
419;San Lorenzo;2.863.950;2.869.657;3.133.760;3.201.628;3.044.041;3.158.547;926.792;1.813.279;2.463.005;2.938.600
420;Parque de Santa María;2.215.187;2.160.559;2.247.646;2.339.507;2.161.944;2.278.763;821.928;1.543.689;1.969.012;2.401.206
421;Hortaleza;1.587.389;1.580.569;1.625.190;1.846.167;2.272.233;2.339.724;887.305;1.775.639;2.343.359;2.768.490
422;Manoteras;1.375.240;1.367.586;1.416.799;1.556.976;1.763.051;1.806.983;693.730;1.318.832;1.664.669;1.882.821
501;Canillejas;3.495.435;3.655.130;3.717.566;4.730.356;4.305.404;4.537.890;2.475.291;3.113.978;4.261.753;4.928.864
502;Torre Arias;2.856.503;2.716.294;2.845.947;2.501.333;2.843.968;3.139.206;1.728.057;2.102.301;2.821.462;3.378.686
503;Suanzes;3.664.410;3.759.434;3.835.659;3.526.037;5.236.863;4.972.381;2.046.936;2.467.319;3.632.363;4.419.626
504;Ciudad Lineal;6.425.864;6.481.553;6.651.970;4.549.940;6.708.672;6.956.876;3.459.611;4.122.778;5.313.199;6.308.814
505;Pueblo Nuevo;11.334.724;11.175.103;11.729.959;11.707.722;12.616.887;12.993.084;7.613.551;9.317.967;11.691.583;13.586.676
506;Quintana;4.361.665;4.247.039;4.562.857;4.195.754;4.562.307;5.145.673;2.919.599;3.614.161;4.547.975;5.311.110
507;El Carmen;5.715.858;5.685.221;5.939.595;1.049.001;6.009.954;6.835.563;3.635.888;4.521.912;5.612.044;6.495.564
510;Núñez de Balboa;10.830.921;11.078.727;11.366.741;11.331.167;11.457.707;12.679.005;6.717.169;7.850.348;10.696.250;11.201.089
511;Rubén Darío;4.655.379;4.625.496;4.658.796;4.234.308;5.215.268;4.870.262;2.185.368;2.686.763;3.581.401;4.046.552
513;Chueca;3.006.761;2.837.422;3.278.864;13.232.320;4.680.150;5.606.257;2.424.107;3.039.046;3.531.941;4.075.931
517;La Latina;5.529.809;5.714.067;6.097.599;5.482.478;6.445.698;6.913.803;3.186.350;4.441.399;5.649.956;7.124.266
518;Puerta de Toledo;4.168.317;4.267.087;4.274.359;3.870.501;3.774.626;3.796.594;1.806.431;2.404.201;3.318.391;3.725.555
519;Acacias;2.793.313;2.854.665;2.911.810;2.626.999;4.098.463;4.447.629;2.312.357;2.999.357;3.393.670;3.907.939
520;Pirámides;3.341.066;3.479.807;3.426.430;3.039.781;3.771.397;3.460.697;1.704.728;2.216.934;2.781.224;3.263.315
521;Marqués de Vadillo;5.662.782;5.749.464;5.865.619;5.301.032;6.162.511;6.732.616;3.880.268;4.880.497;6.131.555;6.973.604
522;Urgel;3.846.173;3.944.214;4.058.797;3.713.931;4.785.980;5.365.030;3.280.508;4.128.094;5.072.613;5.861.780
523;Oporto;16.098.085;15.906.557;17.009.095;17.134.433;17.946.592;20.120.412;12.594.074;15.822.483;19.285.438;22.565.692
524;Vista Alegre;2.743.364;2.982.591;3.084.517;2.799.158;4.101.019;4.719.688;2.832.781;3.515.983;4.098.510;5.213.642
525;Carabanchel;3.653.091;3.643.292;3.781.751;3.553.165;4.345.207;4.525.193;2.785.338;3.436.762;3.918.730;4.830.559
526;Eugenia de Montijo;2.469.326;2.402.310;2.486.825;3.969.988;2.633.330;2.784.779;1.583.441;1.930.562;2.260.201;2.755.237
527;Aluche;10.058.235;9.685.621;10.243.034;9.190.192;10.399.269;10.711.241;6.337.032;7.710.593;9.022.886;10.911.292
528;Empalme;2.391.665;2.337.690;2.418.412;11.693.319;2.370.129;2.522.449;1.449.331;1.775.111;2.154.510;2.508.320
529;Campamento;3.808.085;3.706.355;3.776.386;3.473.990;3.724.170;3.890.118;2.318.720;2.899.486;3.488.722;4.108.659
530;Casa de Campo;11.874.137;11.635.110;11.811.579;3.191.252;9.839.897;10.612.320;6.271.004;7.956.621;9.831.754;11.500.806
551;El Capricho;719.472;1.033.310;1.056.113;1.224.132;1.267.151;1.422.566;746.785;943.938;1.245.913;1.412.686
552;Alameda de Osuna;2.133.077;2.238.792;2.267.292;2.153.944;3.110.859;2.947.954;1.438.344;1.746.651;2.444.475;2.676.987
601;Laguna;3.418.120;2.833.316;3.612.452;4.017.220;4.172.308;4.347.947;2.605.931;3.225.039;3.955.712;4.701.664
602;Carpetana;4.555.084;3.695.214;4.684.044;1.216.645;5.921.880;6.751.986;4.572.897;5.569.768;6.817.467;7.860.321
604;Opañel;3.489.200;3.484.906;3.635.244;3.951.821;3.906.267;4.561.270;2.924.851;3.585.408;4.417.898;5.181.059
605;Plaza Elíptica;16.255.227;16.300.721;16.973.041;18.665.682;18.378.025;20.258.271;12.911.801;16.365.931;20.191.798;23.596.737
606;Usera;8.040.774;7.424.088;7.653.122;9.020.882;8.101.879;10.045.029;6.130.406;7.515.213;9.366.882;11.188.349
608;Arganzuela-Planetario;2.145.921;1.998.927;2.210.366;2.415.530;3.142.010;2.871.658;1.333.849;1.556.334;2.066.545;2.339.888
609;Méndez Álvaro;14.666.281;14.682.242;15.019.625;15.885.487;14.235.956;15.815.501;8.273.400;8.974.299;11.740.493;14.101.075
611;Conde de Casal;8.967.344;9.280.607;10.521.213;2.743.984;10.894.822;11.041.997;6.062.760;6.661.469;8.981.851;11.000.788
612;Sáinz de Baranda;11.912.595;11.891.601;12.619.426;13.713.825;14.398.367;14.270.485;7.548.151;9.768.952;14.121.432;14.958.109
613;O´Donnell;6.833.979;7.296.830;7.397.557;8.062.630;7.802.285;8.055.702;4.317.420;5.222.459;5.949.108;7.296.734
617;República Argentina;3.007.798;2.991.751;3.079.068;3.283.537;3.262.308;3.025.934;1.539.309;1.988.646;2.398.005;2.790.433
618;Nuevos Ministerios;41.808.061;42.631.992;47.463.452;45.221.947;43.922.620;49.957.884;25.442.564;29.885.885;37.752.431;48.424.344
620;Guzmán el Bueno;11.861.640;12.607.056;13.313.633;14.204.614;12.742.418;12.423.847;6.685.591;8.465.631;10.828.830;11.899.042
621;Vicente Aleixandre;4.346.408;4.101.552;4.218.862;4.578.125;4.694.237;4.164.371;1.656.401;2.139.036;3.051.719;3.243.571
622;Ciudad Universitaria;9.733.699;10.401.206;10.607.257;5.994.569;14.887.925;11.735.836;4.011.433;5.703.438;8.333.526;9.102.274
625;Príncipe Pío;34.887.006;32.253.504;34.199.931;35.555.172;43.327.826;46.253.577;25.004.221;32.191.729;41.600.346;48.901.515
626;Puerta del Ángel;5.723.611;6.275.691;5.992.346;6.321.562;5.684.724;6.301.189;3.617.108;4.599.412;5.633.592;6.344.083
627;Alto de Extremadura;4.030.917;3.425.550;4.150.007;4.467.863;4.312.661;4.551.071;2.670.773;3.455.779;4.168.055;4.653.775
628;Lucero;5.842.452;4.814.078;5.825.141;6.191.106;5.546.091;6.394.829;4.090.387;5.054.775;6.193.152;7.121.027
701;Las Musas;2.247.597;2.290.999;2.281.793;2.486.239;2.421.296;2.564.658;1.406.237;1.699.016;2.113.396;2.359.957
702;San Blas;2.288.795;2.321.110;2.431.070;2.591.549;2.392.608;2.624.806;1.634.168;2.030.506;2.409.998;2.791.918
703;Simancas;2.999.392;2.973.792;3.190.157;3.454.855;3.187.147;3.858.228;2.570.652;3.109.979;3.660.003;4.220.457
704;García Noblejas;4.090.545;4.105.889;4.114.771;4.540.085;4.575.499;5.185.837;2.714.631;3.177.105;3.910.809;4.513.602
705;Ascao;3.921.283;3.952.420;4.089.276;4.381.335;3.750.763;4.296.939;2.542.104;3.182.987;3.770.779;4.424.924
707;Barrio de la Concepción;3.979.866;3.980.716;4.281.594;4.606.674;4.514.468;4.933.044;2.542.534;3.038.122;3.751.138;4.299.991
708;Parque de las Avenidas;2.543.647;2.525.492;2.531.559;2.674.362;2.735.733;2.775.870;1.509.308;1.823.405;2.261.089;2.521.389
709;Cartagena;3.170.129;2.927.882;2.950.458;5.204.419;2.984.527;3.041.941;1.723.570;1.949.194;2.462.081;2.768.940
711;Gregorio Marañón;20.311.984;19.429.186;21.918.554;23.210.492;24.564.372;26.684.802;13.694.551;17.670.735;22.552.261;26.315.249
712;Alonso Cano;3.300.233;3.302.285;3.877.193;3.720.944;4.115.482;4.205.261;2.073.078;2.499.458;3.066.824;3.420.384
714;Islas Filipinas;6.985.754;6.375.956;7.196.544;7.679.311;7.872.824;8.149.542;4.263.389;5.356.990;6.625.330;7.378.087
716;Francos Rodríguez;5.251.381;5.216.676;5.727.545;5.949.151;4.855.186;5.180.832;2.950.803;3.771.484;4.544.206;4.920.097
717;Valdezarza;1.759.959;1.832.044;1.886.517;2.004.636;2.320.664;2.471.796;1.456.575;1.851.195;2.228.737;2.456.248
718;Antonio Machado;2.011.684;1.999.047;2.048.053;2.183.773;2.488.684;2.650.423;1.474.409;1.899.514;2.358.258;2.608.047
719;Peñagrande;3.357.527;3.378.530;3.478.559;3.672.938;3.915.916;4.285.404;2.476.757;3.028.773;3.742.597;4.357.841
720;Avenida de la Ilustración;2.621.574;2.563.220;2.619.882;2.804.745;2.623.827;2.639.201;1.423.969;1.728.884;2.193.121;2.506.607
721;Lacoma;2.203.618;2.217.782;2.206.300;2.393.165;2.236.352;2.393.059;1.195.485;1.456.885;1.792.951;1.938.060
722;Arroyofresno;0;0;0;0;0;182.653;229.330;337.584;453.098;583.477
723;Pitis;985.316;999.812;962.332;1.139.419;1.382.414;1.207.336;575.225;612.409;811.494;980.273
751;Estadio Metropolitano;4.006.383;4.230.624;3.504.763;4.943.248;10.723.301;12.161.558;3.224.728;4.300.584;5.520.225;6.251.458
754;Barrio del Puerto;809.138;1.033.123;1.037.737;1.225.475;1.136.197;1.455.346;836.282;1.078.259;1.367.637;1.621.882
755;Coslada Central;2.506.950;3.045.725;2.872.240;1.452.518;3.279.701;4.144.771;2.349.297;2.785.882;3.436.358;3.819.565
756;La Rambla;1.497.617;1.977.795;2.700.561;2.191.202;1.820.724;2.245.773;1.270.722;1.801.886;1.984.904;2.197.900
757;San Fernando;966.930;1.124.948;350.862;1.314.097;1.249.504;1.595.887;961.428;948.995;1.596.441;2.261.304
758;Jarama;464.424;545.501;41.854;691.007;670.215;843.277;442.898;463.992;461.865;0
759;Henares;480.122;541.783;40.817;665.198;631.931;800.356;485.935;462.358;442.088;0
760;Hospital del Henares;319.532;364.502;26.398;405.334;351.971;446.101;142.901;227.228;228.069;0
802;Colombia;11.896.078;11.855.676;12.090.839;13.710.286;13.290.627;13.762.504;7.614.716;8.798.480;11.665.594;12.821.856
803;Pinar del Rey;2.959.382;2.940.388;3.035.721;2.594.091;2.912.460;3.275.759;2.089.259;2.153.834;1.825.827;3.092.827
805;Feria de Madrid;4.170.497;4.049.314;4.145.369;2.234.024;4.398.652;5.327.896;1.842.552;1.908.480;2.588.300;3.460.794
806;Aeropuerto T1-T2-T3;4.728.101;4.964.544;4.969.240;4.119.896;3.738.740;5.589.650;1.361.652;1.498.629;3.428.592;4.419.003
807;Barajas;3.457.945;3.489.010;3.571.433;2.902.986;3.412.353;3.972.730;2.078.965;2.592.191;3.124.116;4.033.171
808;Aeropuerto T-4;3.296.727;3.369.195;3.552.903;2.824.406;2.913.657;3.865.600;1.324.372;1.729.986;2.750.734;3.712.724
901;Herrera Oria;3.760.593;3.717.600;3.632.718;4.037.600;3.409.645;3.296.107;1.664.114;1.965.559;2.490.028;2.760.275
902;Barrio del Pilar;7.209.734;6.813.689;6.854.641;7.255.767;6.170.848;6.412.859;3.493.730;4.225.431;5.186.266;5.729.896
903;Ventilla;1.801.095;1.820.320;1.883.743;2.020.108;2.218.515;2.536.670;1.533.288;1.828.377;2.314.189;2.696.714
905;Duque de Pastrana;1.117.174;1.106.370;1.109.751;19.367.040;1.273.993;1.265.334;659.953;757.599;1.062.990;1.204.877
906;Pío XII;2.265.492;2.968.979;3.016.463;3.220.643;3.183.524;3.227.257;1.727.085;1.908.982;2.512.512;2.703.299
908;Concha Espina;2.118.290;2.548.508;2.564.141;9.475.054;2.979.497;3.066.356;1.751.736;2.015.704;2.454.192;2.567.761
909;Cruz del Rayo;1.642.418;2.227.911;2.270.581;3.735.840;2.895.923;2.851.568;1.661.653;1.676.629;2.162.795;2.221.694
913;Ibiza;3.058.610;2.919.333;3.041.353;3.206.246;3.636.807;3.858.375;1.930.299;2.428.457;3.054.712;3.381.068
915;Estrella;3.764.412;3.741.426;3.777.671;7.845.465;3.673.677;3.773.317;2.105.292;2.531.558;3.125.677;3.515.359
916;Vinateros;3.252.568;3.253.906;3.423.664;3.664.624;3.745.955;3.870.138;2.058.112;2.577.631;3.295.290;3.790.475
917;Artilleros;4.116.643;4.073.146;4.208.732;4.355.516;4.465.626;4.755.196;2.655.219;3.267.306;4.002.141;4.499.709
918;Pavones;4.718.258;4.692.750;4.844.122;4.986.895;4.196.718;4.080.481;2.244.593;2.736.802;3.430.666;4.089.007
919;Valdebernardo;2.663.156;2.845.399;2.940.868;3.093.594;3.818.904;3.913.082;2.088.200;2.567.757;3.208.215;3.633.413
920;Vicálvaro;3.084.824;2.677.414;2.634.804;2.768.197;3.846.570;3.617.731;1.766.726;2.235.714;3.062.210;3.389.343
921;San Cipriano;1.498.848;1.481.734;1.496.426;1.567.418;1.200.159;1.405.967;945.847;1.171.851;1.511.127;1.746.855
922;Puerta de Arganda;8.474.328;8.077.095;8.359.448;8.901.293;8.051.096;8.271.166;4.683.901;5.863.526;7.766.636;9.026.695
951;Mirasierra;1.674.901;1.571.512;1.658.978;1.906.499;1.958.411;1.986.285;1.122.129;1.365.009;1.666.726;1.822.515
952;Paco de Lucía;0;946.459;973.069;1.118.600;1.610.930;1.823.268;1.050.740;1.342.729;1.693.092;1.895.468
1001;Fuencarral;2.442.538;2.443.898;2.471.665;2.660.266;2.689.751;2.985.950;1.738.306;2.109.309;2.682.035;3.192.514
1002;Begoña;6.682.609;7.263.984;7.415.815;7.876.703;7.299.890;7.575.733;3.882.155;4.943.875;6.594.998;7.905.484
1005;Cuzco;6.536.459;6.585.291;6.854.573;3.398.794;8.307.616;7.947.256;3.584.608;4.384.009;5.834.463;6.730.935
1006;Santiago Bernabéu;7.047.476;7.175.736;7.331.870;7.982.842;9.185.082;9.415.455;3.989.082;4.784.869;7.208.885;8.829.076
1013;Lago;1.825.290;1.809.937;1.860.174;2.004.374;1.718.898;2.235.363;998.121;1.580.090;2.317.488;2.545.252
1014;Batán;3.476.704;3.463.703;3.622.000;3.770.607;3.691.683;3.928.319;2.143.010;2.761.043;3.425.246;3.817.576
1016;Colonia Jardín;8.514.872;8.665.468;8.879.940;2.814.247;10.275.128;11.596.467;6.218.234;7.775.374;10.069.439;11.452.530
1018;Aviación Española;1.842.742;2.129.898;2.280.873;2.459.123;2.483.875;3.010.189;1.786.688;2.164.440;2.771.591;3.152.272
1019;Cuatro Vientos;2.497.488;3.007.702;3.096.930;24.894.140;3.447.998;4.293.683;2.175.972;2.661.058;3.254.109;3.884.308
1020;Joaquín Vilumbrales;2.111.698;2.464.386;2.633.123;2.737.418;2.744.390;3.214.858;1.616.538;2.132.029;2.812.815;3.281.744
1021;Puerta del Sur;10.870.953;11.796.031;12.512.874;13.119.882;10.690.571;11.775.867;6.687.082;9.279.478;12.413.861;14.465.644
1051;Tres Olivos;9.164.495;9.441.571;9.865.018;10.511.516;14.548.748;13.623.682;6.373.043;7.678.416;10.131.056;13.065.636
1052;Montecarmelo;1.749.754;1.736.751;1.793.139;1.922.496;2.054.021;2.145.648;1.199.569;1.497.868;1.731.289;1.970.768
1053;Las Tablas;2.937.175;3.167.392;3.389.528;3.561.984;3.756.024;3.814.764;1.878.084;2.243.167;2.845.237;3.391.928
1054;Ronda de la Comunicación;1.246.992;1.311.869;1.424.791;1.440.455;1.569.291;1.603.928;498.925;445.968;722.414;894.571
1055;La Granja;1.080.931;1.113.170;1.239.913;1.360.863;1.481.940;1.496.275;712.866;812.668;1.120.436;1.602.983
1056;La Moraleja;1.818.163;1.996.710;2.212.569;2.533.989;2.721.346;2.623.350;1.136.435;1.298.682;1.731.139;2.258.078
1057;Marqués de la Valdavia;1.826.494;1.903.495;2.140.959;2.401.853;2.639.830;2.723.419;1.460.106;1.793.503;2.269.011;3.229.689
1058;Manuel de Falla;1.127.062;1.168.402;1.331.105;1.494.644;1.592.918;1.632.659;832.274;1.067.454;1.352.879;2.036.654
1059;Baunatal;1.110.842;1.144.357;1.277.620;1.423.347;1.507.014;1.521.349;766.385;961.340;1.242.715;1.796.952
1060;Reyes Católicos;1.054.054;1.108.226;1.260.812;1.400.746;1.533.858;1.547.622;822.798;1.022.007;1.348.595;1.932.655
1061;Hospital Infanta Sofía;1.597.590;1.652.629;1.839.324;2.017.776;2.126.286;2.174.880;1.142.919;1.415.716;1.801.114;2.368.234
1102;Abrantes;1.467.022;1.405.002;1.444.968;1.576.479;1.460.425;1.614.280;1.051.824;1.278.061;1.545.329;1.793.203
1103;Pan Bendito;934.677;904.273;962.724;1.055.961;1.037.919;1.156.186;712.629;845.508;1.042.563;1.181.831
1104;San Francisco;1.359.776;1.313.678;1.482.353;1.698.380;1.560.021;1.992.875;1.297.727;1.593.949;1.944.328;2.227.485
1105;Carabanchel Alto;1.026.326;1.013.248;1.067.108;3.412.868;1.675.695;1.961.905;1.297.198;1.602.522;1.979.843;2.253.186
1106;La Peseta;1.338.546;1.320.776;1.363.382;1.520.148;1.723.013;1.764.949;1.019.096;1.314.439;1.657.500;1.920.168
1107;La Fortuna;626.940;642.325;709.772;972.090;962.413;1.222.673;827.779;1.010.654;1.232.313;1.473.539
1202;Parque de Lisboa;1.682.693;1.720.160;1.821.241;1.847.448;1.517.619;2.065.181;1.264.177;1.641.098;2.099.756;2.495.502
1203;Alcorcón Central;3.171.768;3.235.825;3.354.989;3.415.472;2.712.776;3.678.775;2.251.539;2.948.869;3.819.580;4.547.358
1204;Parque Oeste;1.987.897;2.019.446;2.050.794;1.883.624;1.485.319;1.924.434;1.188.055;1.646.062;2.114.608;2.487.293
1205;Universidad Rey Juan Carlos;1.711.490;2.286.327;2.222.130;2.358.155;1.979.209;2.547.759;1.301.570;1.818.444;2.565.732;2.896.772
1206;Móstoles Central;3.310.719;2.944.337;3.894.950;4.241.787;4.526.089;4.488.823;2.587.255;3.156.797;4.053.153;4.798.088
1207;Pradillo;2.375.014;2.022.480;2.675.729;2.874.593;2.699.234;3.006.212;1.832.677;2.298.067;2.995.296;3.623.118
1208;Hospital de Móstoles;2.121.894;1.946.426;2.434.288;2.583.495;2.504.554;2.690.171;1.558.832;2.148.128;2.575.146;3.036.034
1209;Manuela Malasaña;1.047.009;1.034.823;1.427.748;1.573.105;1.579.557;1.699.083;1.022.946;1.104.940;1.722.330;2.166.969
1210;Loranca;2.099.893;2.282.027;2.386.218;2.599.366;2.668.317;2.838.579;1.687.691;1.831.020;2.790.026;3.233.801
1212;Hospital de Fuenlabrada;2.175.139;2.289.591;2.449.189;2.629.170;2.652.435;2.678.221;1.184.371;1.423.892;2.375.477;2.758.524
1213;Parque Europa;1.707.823;1.712.415;1.944.831;2.036.042;1.999.808;2.068.408;1.168.712;1.238.822;1.958.634;2.360.634
1214;Fuenlabrada Central;3.881.595;3.774.652;4.177.815;4.441.378;4.612.880;4.664.331;2.591.880;2.664.753;4.159.676;4.901.935
1215;Parque de los Estados;1.897.462;1.953.972;2.151.581;2.276.573;2.324.222;2.371.947;1.386.541;1.485.725;2.391.078;2.922.004
1217;Arroyo Culebro;770.856;571.967;600.447;674.418;660.994;676.232;385.049;426.250;685.938;816.775
1218;Conservatorio;1.122.060;1.274.385;1.340.167;2.504.922;1.485.650;1.517.945;808.667;1.227.073;1.375.686;1.665.366
1219;Alonso de Mendoza;1.296.320;1.525.791;1.674.639;1.810.985;1.808.496;1.880.042;1.119.535;1.414.695;1.880.828;2.281.014
1220;Getafe Central;4.224.714;5.008.282;5.614.050;6.069.578;6.109.136;6.445.709;3.717.054;4.289.802;6.003.329;7.620.284
1221;Juan de la Cierva;2.517.903;3.000.304;3.301.689;3.505.176;3.719.982;3.828.312;2.219.000;2.775.456;3.723.530;4.567.560
1222;El Casar;1.697.518;2.045.525;2.307.530;3.358.414;2.240.337;2.878.136;1.759.289;2.435.264;3.119.123;3.574.864
1223;Los Espartales;1.232.781;1.137.818;1.201.640;1.338.870;1.064.785;1.325.997;748.177;966.190;1.239.923;1.501.642
1224;El Bercial;972.728;1.056.184;1.139.004;1.174.854;994.610;1.258.199;797.351;1.040.043;1.373.373;1.746.528
1225;El Carrascal;2.629.534;2.906.838;3.239.741;5.404.890;2.708.882;3.438.609;1.883.019;2.457.703;3.145.284;3.926.788
1226;Julián Besteiro;2.104.665;2.275.017;2.393.295;2.363.499;1.883.214;2.434.633;1.411.830;1.907.942;2.502.663;3.079.234
1227;Casa del Reloj;1.889.863;2.005.234;2.101.127;11.114.562;1.766.713;2.307.625;1.325.885;1.775.659;2.344.975;2.984.546
1228;Hospital Severo Ochoa;1.434.316;1.509.419;1.552.039;1.580.590;1.288.138;1.626.980;928.778;1.277.841;1.602.357;2.010.815
1229;Leganés Central;3.124.982;3.347.825;3.561.543;3.656.081;2.916.391;3.796.971;2.243.486;3.122.976;3.924.202;4.723.851
1230;San Nicasio;1.695.654;1.856.625;2.063.635;2.191.817;1.758.071;2.303.313;1.343.771;1.825.184;2.350.226;2.843.401
